ano,mes,data,regiao,uf,cidade,turistas,turistas_estrangeiros,ocupacao_hoteleira,gasto_medio,faturamento_turismo,eventos_realizados,temperatura_media,nivel_temporada
2015,1,2015-01-01,Norte,AM,Manaus,233689,47282,68.73,696.92,6122437.53,6,25.8,Média
2015,1,2015-01-01,Norte,PA,Belém,40837,41637,90.38,806.78,122192256.23,9,29.9,Baixa
2015,1,2015-01-01,Norte,PA,Santarém,393947,72315,89.25,1073.61,21025374.0,7,21.9,Baixa
2015,1,2015-01-01,Norte,RO,Porto Velho,278109,30614,91.51,237.15,76011333.17,8,25.5,Alta
2015,1,2015-01-01,Norte,TO,Palmas,282562,73139,76.32,791.34,166329202.46,5,28.6,Alta
2015,1,2015-01-01,Nordeste,BA,Salvador,239701,17444,34.17,1069.73,77623892.81,6,18.8,Média
2015,1,2015-01-01,Nordeste,BA,Feira de Santana,479428,67496,73.94,1008.05,80275265.24,13,19.8,Baixa
2015,1,2015-01-01,Nordeste,PE,Recife,75569,69766,80.8,1165.68,70386524.65,13,27.8,Baixa
2015,1,2015-01-01,Nordeste,PE,Jaboatão dos Guararapes,109095,35886,50.69,239.38,52970685.93,9,26.3,Baixa
2015,1,2015-01-01,Nordeste,CE,Fortaleza,151281,13831,29.61,603.38,185382428.4,8,22.2,Baixa
2015,1,2015-01-01,Nordeste,CE,Juazeiro do Norte,265480,76697,73.99,1149.87,62757159.58,7,17.1,Baixa
2015,1,2015-01-01,Nordeste,MA,São Luís,168300,70839,75.2,1085.49,123321290.49,9,33.0,Alta
2015,1,2015-01-01,Nordeste,PB,João Pessoa,338460,21212,84.88,465.78,30205213.32,12,28.4,Alta
2015,1,2015-01-01,Centro-Oeste,DF,Brasília,313596,24123,77.69,899.47,158907746.91,3,22.8,Baixa
2015,1,2015-01-01,Centro-Oeste,GO,Goiânia,330901,12533,49.65,932.45,22231832.57,6,22.0,Alta
2015,1,2015-01-01,Centro-Oeste,GO,Aparecida de Goiânia,178321,72258,25.02,1139.28,168925898.17,10,25.8,Alta
2015,1,2015-01-01,Centro-Oeste,MT,Cuiabá,201991,14206,94.73,433.13,116353771.26,13,25.8,Média
2015,1,2015-01-01,Centro-Oeste,MS,Campo Grande,280814,71448,75.9,655.78,42209756.74,10,28.1,Média
2015,1,2015-01-01,Sudeste,SP,São Paulo,50639,29855,54.57,342.97,114713496.82,11,19.6,Alta
2015,1,2015-01-01,Sudeste,SP,Campinas,381757,46624,34.94,1187.58,47115974.56,13,25.9,Alta
2015,1,2015-01-01,Sudeste,SP,Ribeirão Preto,204217,5042,55.71,1166.36,109573678.26,16,22.3,Baixa
2015,1,2015-01-01,Sudeste,RJ,Rio de Janeiro,390389,66285,91.38,436.68,112048596.85,8,23.5,Média
2015,1,2015-01-01,Sudeste,RJ,Niterói,473122,48198,36.28,191.94,107887313.65,11,23.9,Baixa
2015,1,2015-01-01,Sudeste,RJ,Nova Iguaçu,77422,21301,94.2,583.28,76604862.93,6,27.6,Baixa
2015,1,2015-01-01,Sudeste,RJ,Petrópolis,164751,53006,56.71,580.87,26896713.9,8,21.6,Alta
2015,1,2015-01-01,Sudeste,MG,Belo Horizonte,471266,5796,40.99,202.78,189421685.94,14,21.2,Baixa
2015,1,2015-01-01,Sudeste,MG,Uberlândia,442273,59679,36.69,396.8,106924528.81,13,28.3,Média
2015,1,2015-01-01,Sudeste,MG,Juiz de Fora,226523,55440,26.18,552.13,29146651.27,8,24.0,Baixa
2015,1,2015-01-01,Sudeste,ES,Vitória,13628,45268,67.24,431.5,182027942.8,13,27.8,Baixa
2015,1,2015-01-01,Sudeste,ES,Vila Velha,402097,64902,94.5,808.73,150123833.66,7,23.7,Média
2015,1,2015-01-01,Sudeste,ES,Serra,117216,1601,47.29,1056.24,149715074.71,9,20.7,Média
2015,1,2015-01-01,Sul,PR,Curitiba,389072,38410,38.07,860.51,102637781.45,9,23.7,Média
2015,1,2015-01-01,Sul,PR,Londrina,73157,22142,44.82,1124.07,108903214.41,9,27.6,Alta
2015,1,2015-01-01,Sul,SC,Florianópolis,79355,68693,75.22,256.66,164351341.51,10,21.3,Baixa
2015,1,2015-01-01,Sul,SC,Joinville,366048,30320,59.23,166.0,150903840.76,8,23.9,Baixa
2015,1,2015-01-01,Sul,RS,Porto Alegre,386855,40435,49.98,630.22,67368666.52,12,24.0,Média
2015,1,2015-01-01,Sul,RS,Caxias do Sul,92188,16759,46.1,887.29,96674954.14,10,26.9,Baixa
2015,2,2015-02-01,Norte,AM,Manaus,494059,47858,30.38,528.99,153628272.41,10,24.5,Baixa
2015,2,2015-02-01,Norte,PA,Belém,478679,44853,40.91,989.65,143851921.93,13,18.6,Baixa
2015,2,2015-02-01,Norte,PA,Santarém,343119,61941,57.31,1151.83,6172043.27,6,27.1,Média
2015,2,2015-02-01,Norte,RO,Porto Velho,225798,72298,31.17,295.88,118400663.42,8,25.5,Média
2015,2,2015-02-01,Norte,TO,Palmas,352734,61967,55.45,381.74,61261015.37,8,22.2,Alta
2015,2,2015-02-01,Nordeste,BA,Salvador,319062,59207,94.94,167.94,168880435.65,17,32.9,Baixa
2015,2,2015-02-01,Nordeste,BA,Feira de Santana,220900,1115,64.51,535.46,38053903.32,11,23.8,Média
2015,2,2015-02-01,Nordeste,PE,Recife,314372,62049,60.19,837.92,32159332.21,9,24.0,Média
2015,2,2015-02-01,Nordeste,PE,Jaboatão dos Guararapes,483170,2137,90.51,216.58,164228626.18,6,19.7,Baixa
2015,2,2015-02-01,Nordeste,CE,Fortaleza,101477,72038,79.49,989.81,37024865.25,7,25.2,Média
2015,2,2015-02-01,Nordeste,CE,Juazeiro do Norte,61375,32038,86.44,595.77,2586427.69,15,28.7,Média
2015,2,2015-02-01,Nordeste,MA,São Luís,230646,28343,65.98,292.4,137221591.24,8,26.0,Média
2015,2,2015-02-01,Nordeste,PB,João Pessoa,316160,13561,91.74,687.51,8224680.2,9,24.7,Alta
2015,2,2015-02-01,Centro-Oeste,DF,Brasília,481675,59684,49.59,1080.74,115440648.02,5,19.1,Média
2015,2,2015-02-01,Centro-Oeste,GO,Goiânia,439751,51393,84.43,807.76,131600266.88,9,26.4,Média
2015,2,2015-02-01,Centro-Oeste,GO,Aparecida de Goiânia,135133,34704,72.76,360.27,132000921.11,10,31.4,Baixa
2015,2,2015-02-01,Centro-Oeste,MT,Cuiabá,94590,56311,80.57,669.01,71395184.27,12,27.6,Baixa
2015,2,2015-02-01,Centro-Oeste,MS,Campo Grande,185499,56986,65.47,392.07,70459431.44,12,26.5,Média
2015,2,2015-02-01,Sudeste,SP,São Paulo,292123,62173,51.42,215.87,37379921.6,12,25.9,Baixa
2015,2,2015-02-01,Sudeste,SP,Campinas,281858,45775,63.6,672.58,163298797.8,3,29.4,Média
2015,2,2015-02-01,Sudeste,SP,Ribeirão Preto,290564,1548,84.26,835.19,198502312.86,12,23.0,Baixa
2015,2,2015-02-01,Sudeste,RJ,Rio de Janeiro,357891,50344,27.5,1120.64,43548478.27,11,20.2,Baixa
2015,2,2015-02-01,Sudeste,RJ,Niterói,303550,39791,50.46,579.32,88511124.81,12,21.1,Baixa
2015,2,2015-02-01,Sudeste,RJ,Nova Iguaçu,306456,50759,66.29,280.46,136829276.99,12,23.4,Baixa
2015,2,2015-02-01,Sudeste,RJ,Petrópolis,237158,53750,25.97,873.28,99142993.96,14,23.9,Baixa
2015,2,2015-02-01,Sudeste,MG,Belo Horizonte,227325,1896,44.74,955.0,20628138.11,10,19.0,Alta
2015,2,2015-02-01,Sudeste,MG,Uberlândia,461017,5810,80.85,533.8,161990030.74,9,21.5,Alta
2015,2,2015-02-01,Sudeste,MG,Juiz de Fora,98146,27063,92.04,1017.71,138626851.07,10,24.2,Baixa
2015,2,2015-02-01,Sudeste,ES,Vitória,212956,6431,82.31,424.32,136060083.9,8,24.0,Alta
2015,2,2015-02-01,Sudeste,ES,Vila Velha,148143,18055,26.29,925.29,196401078.19,16,22.6,Média
2015,2,2015-02-01,Sudeste,ES,Serra,37463,67530,83.84,800.56,84779677.57,12,24.0,Média
2015,2,2015-02-01,Sul,PR,Curitiba,65516,25517,67.06,542.46,193502078.27,12,28.0,Alta
2015,2,2015-02-01,Sul,PR,Londrina,416129,58117,45.7,610.85,76787195.12,12,31.9,Média
2015,2,2015-02-01,Sul,SC,Florianópolis,493675,70172,65.21,931.65,193153910.69,10,27.8,Alta
2015,2,2015-02-01,Sul,SC,Joinville,126883,27854,48.67,655.92,165663459.22,9,25.6,Média
2015,2,2015-02-01,Sul,RS,Porto Alegre,204423,34975,32.44,1178.37,187337730.69,11,29.6,Média
2015,2,2015-02-01,Sul,RS,Caxias do Sul,193281,5688,31.54,470.08,104264166.13,9,28.3,Baixa
2015,3,2015-03-01,Norte,AM,Manaus,35522,13309,75.83,636.19,127434584.18,13,29.6,Alta
2015,3,2015-03-01,Norte,PA,Belém,429093,62947,43.16,659.54,47224456.3,9,28.7,Baixa
2015,3,2015-03-01,Norte,PA,Santarém,412425,11079,49.37,689.58,119528006.36,9,27.6,Média
2015,3,2015-03-01,Norte,RO,Porto Velho,124941,10159,83.98,959.57,137027784.72,12,29.7,Alta
2015,3,2015-03-01,Norte,TO,Palmas,259413,65383,80.34,927.24,181568103.93,7,27.3,Baixa
2015,3,2015-03-01,Nordeste,BA,Salvador,217057,75113,78.52,854.69,65558405.63,13,27.1,Média
2015,3,2015-03-01,Nordeste,BA,Feira de Santana,134181,37635,86.68,203.78,165460125.35,15,23.5,Média
2015,3,2015-03-01,Nordeste,PE,Recife,423091,27376,31.89,220.4,182833309.87,7,29.3,Alta
2015,3,2015-03-01,Nordeste,PE,Jaboatão dos Guararapes,22734,17991,67.01,329.92,111861382.66,9,23.7,Baixa
2015,3,2015-03-01,Nordeste,CE,Fortaleza,461420,27609,63.72,191.22,52587869.61,7,24.6,Alta
2015,3,2015-03-01,Nordeste,CE,Juazeiro do Norte,144162,48457,33.84,1148.61,129746235.73,8,23.5,Alta
2015,3,2015-03-01,Nordeste,MA,São Luís,20295,2742,43.68,1133.96,26703980.76,11,28.4,Baixa
2015,3,2015-03-01,Nordeste,PB,João Pessoa,345143,1960,74.11,238.53,73936176.04,8,22.4,Média
2015,3,2015-03-01,Centro-Oeste,DF,Brasília,310968,55745,52.54,1070.02,144128763.04,18,22.4,Alta
2015,3,2015-03-01,Centro-Oeste,GO,Goiânia,408571,11468,53.82,456.23,93992067.28,8,23.2,Média
2015,3,2015-03-01,Centro-Oeste,GO,Aparecida de Goiânia,435540,2919,41.9,1148.74,182260304.14,8,30.4,Média
2015,3,2015-03-01,Centro-Oeste,MT,Cuiabá,429666,59758,31.5,798.39,135557967.86,6,17.0,Baixa
2015,3,2015-03-01,Centro-Oeste,MS,Campo Grande,350873,43496,81.7,439.1,91940092.45,10,23.8,Alta
2015,3,2015-03-01,Sudeste,SP,São Paulo,334840,52947,30.52,635.45,159126254.68,13,17.6,Alta
2015,3,2015-03-01,Sudeste,SP,Campinas,93992,35259,47.66,536.01,182889114.59,10,27.9,Baixa
2015,3,2015-03-01,Sudeste,SP,Ribeirão Preto,94167,71268,81.67,576.61,8902403.98,16,22.3,Média
2015,3,2015-03-01,Sudeste,RJ,Rio de Janeiro,179656,9432,92.23,1072.41,16092097.81,16,28.7,Média
2015,3,2015-03-01,Sudeste,RJ,Niterói,184959,41269,79.36,421.63,116770482.16,13,21.8,Média
2015,3,2015-03-01,Sudeste,RJ,Nova Iguaçu,449183,16130,80.1,1096.32,55383777.68,8,25.1,Baixa
2015,3,2015-03-01,Sudeste,RJ,Petrópolis,472690,43093,33.9,920.66,191166866.63,13,26.2,Alta
2015,3,2015-03-01,Sudeste,MG,Belo Horizonte,104085,42148,27.59,296.06,139200776.96,10,29.2,Baixa
2015,3,2015-03-01,Sudeste,MG,Uberlândia,168462,15830,60.92,1033.06,82623718.22,9,22.7,Alta
2015,3,2015-03-01,Sudeste,MG,Juiz de Fora,68338,65247,93.65,414.45,38656597.03,20,29.6,Média
2015,3,2015-03-01,Sudeste,ES,Vitória,176791,11677,44.95,744.08,156933223.63,14,16.4,Baixa
2015,3,2015-03-01,Sudeste,ES,Vila Velha,296783,40519,65.75,367.74,92818587.96,6,25.4,Alta
2015,3,2015-03-01,Sudeste,ES,Serra,164658,40186,61.88,895.98,6857153.13,11,17.6,Baixa
2015,3,2015-03-01,Sul,PR,Curitiba,206507,60679,52.54,946.14,36791252.76,12,24.1,Alta
2015,3,2015-03-01,Sul,PR,Londrina,282819,79682,58.72,562.66,146189366.08,9,17.6,Média
2015,3,2015-03-01,Sul,SC,Florianópolis,497877,56293,73.2,1128.14,159734718.97,7,27.8,Média
2015,3,2015-03-01,Sul,SC,Joinville,344659,28979,87.09,609.3,52079342.15,9,22.5,Baixa
2015,3,2015-03-01,Sul,RS,Porto Alegre,363420,32645,64.69,617.97,188113866.24,6,23.2,Alta
2015,3,2015-03-01,Sul,RS,Caxias do Sul,322975,9996,53.24,370.04,2746006.32,6,25.8,Baixa
2015,4,2015-04-01,Norte,AM,Manaus,54264,52838,45.13,251.05,21719611.35,10,23.4,Alta
2015,4,2015-04-01,Norte,PA,Belém,353830,41631,36.77,577.8,87756282.13,9,23.4,Baixa
2015,4,2015-04-01,Norte,PA,Santarém,298103,55532,69.38,411.45,12694275.27,6,23.3,Baixa
2015,4,2015-04-01,Norte,RO,Porto Velho,30159,43090,35.53,929.28,180779755.48,11,21.8,Alta
2015,4,2015-04-01,Norte,TO,Palmas,330145,11474,88.31,713.14,126385302.26,10,26.6,Alta
2015,4,2015-04-01,Nordeste,BA,Salvador,27166,46941,40.63,686.6,192341749.3,14,26.4,Alta
2015,4,2015-04-01,Nordeste,BA,Feira de Santana,316835,56095,31.33,1077.16,26252299.22,12,18.2,Baixa
2015,4,2015-04-01,Nordeste,PE,Recife,33930,29510,37.53,845.62,95058988.89,11,22.5,Alta
2015,4,2015-04-01,Nordeste,PE,Jaboatão dos Guararapes,491924,37693,89.54,163.73,157891042.71,8,29.8,Alta
2015,4,2015-04-01,Nordeste,CE,Fortaleza,146558,79895,51.99,291.26,130519606.86,10,24.3,Baixa
2015,4,2015-04-01,Nordeste,CE,Juazeiro do Norte,419410,66484,38.68,1123.51,102716240.86,11,24.4,Baixa
2015,4,2015-04-01,Nordeste,MA,São Luís,374839,22048,64.44,495.53,179822187.52,7,29.0,Alta
2015,4,2015-04-01,Nordeste,PB,João Pessoa,312919,54641,28.78,431.61,144393415.68,14,19.5,Alta
2015,4,2015-04-01,Centro-Oeste,DF,Brasília,16294,16632,55.44,1175.14,183718434.4,12,26.4,Baixa
2015,4,2015-04-01,Centro-Oeste,GO,Goiânia,233363,41374,46.77,550.99,39866377.45,7,29.5,Alta
2015,4,2015-04-01,Centro-Oeste,GO,Aparecida de Goiânia,147909,15505,35.62,245.73,156418240.98,7,26.2,Média
2015,4,2015-04-01,Centro-Oeste,MT,Cuiabá,305476,62345,52.34,1162.68,125684881.3,11,22.7,Alta
2015,4,2015-04-01,Centro-Oeste,MS,Campo Grande,34594,52904,40.5,186.18,16150289.28,8,26.7,Alta
2015,4,2015-04-01,Sudeste,SP,São Paulo,258027,56379,84.25,781.09,177294811.01,12,23.5,Média
2015,4,2015-04-01,Sudeste,SP,Campinas,356358,4990,66.06,255.03,154811766.98,10,28.7,Média
2015,4,2015-04-01,Sudeste,SP,Ribeirão Preto,439173,21134,34.62,763.82,27342729.69,13,19.4,Baixa
2015,4,2015-04-01,Sudeste,RJ,Rio de Janeiro,56055,71928,28.95,487.69,132536301.93,6,33.5,Média
2015,4,2015-04-01,Sudeste,RJ,Niterói,497332,71281,40.64,199.99,80930984.91,6,27.3,Baixa
2015,4,2015-04-01,Sudeste,RJ,Nova Iguaçu,151608,17434,92.54,428.01,194153836.03,11,25.7,Baixa
2015,4,2015-04-01,Sudeste,RJ,Petrópolis,265650,50979,49.2,930.05,162083353.77,9,19.4,Média
2015,4,2015-04-01,Sudeste,MG,Belo Horizonte,233387,63088,50.98,962.1,168456988.61,15,31.6,Alta
2015,4,2015-04-01,Sudeste,MG,Uberlândia,348443,65187,36.88,516.63,87789273.32,6,18.7,Baixa
2015,4,2015-04-01,Sudeste,MG,Juiz de Fora,335650,29567,28.51,1018.17,151035805.54,14,20.7,Baixa
2015,4,2015-04-01,Sudeste,ES,Vitória,302739,5492,79.59,281.58,57574710.59,7,29.7,Média
2015,4,2015-04-01,Sudeste,ES,Vila Velha,339272,4820,25.96,516.82,69225007.2,13,18.8,Média
2015,4,2015-04-01,Sudeste,ES,Serra,115068,13892,41.02,406.43,145390348.88,8,25.5,Alta
2015,4,2015-04-01,Sul,PR,Curitiba,295875,46128,44.45,648.36,4463218.69,11,25.7,Baixa
2015,4,2015-04-01,Sul,PR,Londrina,386786,1601,58.39,642.18,26666777.39,11,21.2,Baixa
2015,4,2015-04-01,Sul,SC,Florianópolis,425941,38494,82.69,1118.58,194385968.95,16,16.5,Alta
2015,4,2015-04-01,Sul,SC,Joinville,52967,30449,73.37,1065.07,113635986.19,13,23.8,Baixa
2015,4,2015-04-01,Sul,RS,Porto Alegre,273698,38029,77.45,238.15,118284402.13,18,24.9,Média
2015,4,2015-04-01,Sul,RS,Caxias do Sul,468055,32644,69.29,282.49,129759276.39,8,23.8,Baixa
2015,5,2015-05-01,Norte,AM,Manaus,117753,21125,60.14,543.55,122329987.17,10,32.2,Baixa
2015,5,2015-05-01,Norte,PA,Belém,147602,57306,38.88,701.35,42969923.01,5,23.6,Baixa
2015,5,2015-05-01,Norte,PA,Santarém,361841,45530,61.8,1069.87,33861112.06,15,28.6,Alta
2015,5,2015-05-01,Norte,RO,Porto Velho,302637,68573,73.24,501.7,128553949.27,12,24.6,Alta
2015,5,2015-05-01,Norte,TO,Palmas,162890,55740,28.95,667.29,188316080.4,11,21.1,Alta
2015,5,2015-05-01,Nordeste,BA,Salvador,227308,35218,80.55,1016.69,44289910.07,11,22.2,Média
2015,5,2015-05-01,Nordeste,BA,Feira de Santana,190627,26077,45.65,218.79,145793089.61,11,23.1,Baixa
2015,5,2015-05-01,Nordeste,PE,Recife,458450,73369,53.14,876.54,144523365.19,8,22.4,Média
2015,5,2015-05-01,Nordeste,PE,Jaboatão dos Guararapes,463514,45724,55.58,285.89,146585271.3,8,23.2,Baixa
2015,5,2015-05-01,Nordeste,CE,Fortaleza,354702,14867,49.16,638.79,36348242.58,14,26.5,Baixa
2015,5,2015-05-01,Nordeste,CE,Juazeiro do Norte,43630,71854,39.02,746.2,24310668.01,11,26.7,Baixa
2015,5,2015-05-01,Nordeste,MA,São Luís,320438,7816,70.24,426.71,161659677.34,7,28.6,Baixa
2015,5,2015-05-01,Nordeste,PB,João Pessoa,57872,70745,36.79,735.64,68288763.26,11,22.1,Alta
2015,5,2015-05-01,Centro-Oeste,DF,Brasília,72028,49494,71.62,960.17,112614522.77,12,28.1,Média
2015,5,2015-05-01,Centro-Oeste,GO,Goiânia,255668,30258,91.74,1015.32,95815454.66,17,16.8,Alta
2015,5,2015-05-01,Centro-Oeste,GO,Aparecida de Goiânia,314175,45629,53.66,911.16,135504584.89,13,31.8,Alta
2015,5,2015-05-01,Centro-Oeste,MT,Cuiabá,351435,2181,94.94,924.56,89560802.8,11,19.5,Média
2015,5,2015-05-01,Centro-Oeste,MS,Campo Grande,17281,60258,90.24,784.91,89941535.7,8,26.0,Média
2015,5,2015-05-01,Sudeste,SP,São Paulo,183097,22622,43.22,550.8,60881020.96,7,28.7,Alta
2015,5,2015-05-01,Sudeste,SP,Campinas,288671,41016,27.1,551.5,175921542.41,7,33.1,Média
2015,5,2015-05-01,Sudeste,SP,Ribeirão Preto,368781,32112,44.7,495.85,160656671.48,10,27.1,Alta
2015,5,2015-05-01,Sudeste,RJ,Rio de Janeiro,428390,52630,42.1,1092.18,4556017.65,12,18.3,Alta
2015,5,2015-05-01,Sudeste,RJ,Niterói,367392,54171,36.41,807.76,179293516.02,7,27.3,Alta
2015,5,2015-05-01,Sudeste,RJ,Nova Iguaçu,494601,23727,71.59,304.55,7232776.41,10,31.7,Média
2015,5,2015-05-01,Sudeste,RJ,Petrópolis,133283,75140,85.88,830.56,69863822.13,9,33.4,Alta
2015,5,2015-05-01,Sudeste,MG,Belo Horizonte,101272,61497,65.29,1050.15,145473623.91,11,30.5,Média
2015,5,2015-05-01,Sudeste,MG,Uberlândia,228670,40625,59.79,348.78,109205261.65,9,28.3,Alta
2015,5,2015-05-01,Sudeste,MG,Juiz de Fora,141555,68599,49.37,630.85,37982876.31,10,28.4,Alta
2015,5,2015-05-01,Sudeste,ES,Vitória,42330,39359,57.08,629.46,35366535.61,9,26.9,Baixa
2015,5,2015-05-01,Sudeste,ES,Vila Velha,329538,8091,94.64,408.43,27440925.26,9,26.0,Baixa
2015,5,2015-05-01,Sudeste,ES,Serra,285743,27008,70.7,591.11,56637064.01,10,15.9,Média
2015,5,2015-05-01,Sul,PR,Curitiba,221189,57102,69.3,430.41,143154476.35,8,21.9,Média
2015,5,2015-05-01,Sul,PR,Londrina,13475,52786,59.6,1092.92,61865837.78,8,18.1,Média
2015,5,2015-05-01,Sul,SC,Florianópolis,218607,18393,65.96,253.62,126453310.63,8,22.4,Baixa
2015,5,2015-05-01,Sul,SC,Joinville,373547,8375,76.11,1124.64,121248034.83,7,27.3,Média
2015,5,2015-05-01,Sul,RS,Porto Alegre,460986,35017,86.89,586.51,126216925.34,13,25.1,Média
2015,5,2015-05-01,Sul,RS,Caxias do Sul,124993,74659,54.24,1051.85,55390078.73,9,23.9,Baixa
2015,6,2015-06-01,Norte,AM,Manaus,467307,11943,25.56,867.57,82782116.21,4,19.7,Alta
2015,6,2015-06-01,Norte,PA,Belém,480998,74779,55.32,824.39,90406291.7,10,23.0,Baixa
2015,6,2015-06-01,Norte,PA,Santarém,343452,2519,71.55,968.57,19239336.87,12,21.2,Alta
2015,6,2015-06-01,Norte,RO,Porto Velho,236409,13834,41.4,255.15,71013928.39,9,25.5,Baixa
2015,6,2015-06-01,Norte,TO,Palmas,462561,57769,73.53,1097.86,81197589.68,7,28.7,Alta
2015,6,2015-06-01,Nordeste,BA,Salvador,205033,61223,87.23,978.26,89000466.25,14,26.9,Média
2015,6,2015-06-01,Nordeste,BA,Feira de Santana,122229,36062,36.95,295.47,131183523.85,11,25.0,Alta
2015,6,2015-06-01,Nordeste,PE,Recife,169606,27402,55.62,329.44,26793871.34,7,22.9,Alta
2015,6,2015-06-01,Nordeste,PE,Jaboatão dos Guararapes,486543,63555,37.44,903.75,55326931.95,11,27.5,Média
2015,6,2015-06-01,Nordeste,CE,Fortaleza,38641,3106,53.13,554.36,169554291.13,5,28.8,Alta
2015,6,2015-06-01,Nordeste,CE,Juazeiro do Norte,462824,14865,73.05,560.68,18127843.45,9,20.7,Alta
2015,6,2015-06-01,Nordeste,MA,São Luís,339827,31385,67.55,505.51,70896526.56,7,31.0,Alta
2015,6,2015-06-01,Nordeste,PB,João Pessoa,361211,35956,79.63,624.52,115385860.19,15,27.9,Baixa
2015,6,2015-06-01,Centro-Oeste,DF,Brasília,72709,62835,43.23,403.03,105872245.32,6,26.0,Média
2015,6,2015-06-01,Centro-Oeste,GO,Goiânia,169236,7432,90.67,156.98,152824045.8,13,19.9,Baixa
2015,6,2015-06-01,Centro-Oeste,GO,Aparecida de Goiânia,458563,59114,77.99,591.69,73941344.62,9,23.2,Média
2015,6,2015-06-01,Centro-Oeste,MT,Cuiabá,118957,14536,66.09,808.56,40761567.79,10,21.6,Média
2015,6,2015-06-01,Centro-Oeste,MS,Campo Grande,162639,15564,45.08,240.04,99954761.24,11,31.1,Baixa
2015,6,2015-06-01,Sudeste,SP,São Paulo,495195,48552,25.96,324.0,198690174.42,8,26.5,Alta
2015,6,2015-06-01,Sudeste,SP,Campinas,392159,53340,27.12,644.61,37685814.67,10,17.4,Baixa
2015,6,2015-06-01,Sudeste,SP,Ribeirão Preto,209400,41316,87.2,475.88,166014026.78,12,20.4,Baixa
2015,6,2015-06-01,Sudeste,RJ,Rio de Janeiro,189971,19273,70.64,283.26,75098055.1,6,23.7,Alta
2015,6,2015-06-01,Sudeste,RJ,Niterói,310556,24991,32.34,562.97,114955794.5,7,23.3,Alta
2015,6,2015-06-01,Sudeste,RJ,Nova Iguaçu,412633,53170,55.61,823.24,158485497.89,11,25.9,Baixa
2015,6,2015-06-01,Sudeste,RJ,Petrópolis,149931,10643,78.45,381.43,29728418.47,8,26.3,Baixa
2015,6,2015-06-01,Sudeste,MG,Belo Horizonte,51862,6997,84.94,305.56,154610966.82,8,19.7,Média
2015,6,2015-06-01,Sudeste,MG,Uberlândia,70607,76937,60.52,437.99,33850576.56,9,24.6,Alta
2015,6,2015-06-01,Sudeste,MG,Juiz de Fora,36350,19837,40.74,166.16,108739550.62,7,28.5,Alta
2015,6,2015-06-01,Sudeste,ES,Vitória,29712,10682,53.43,761.64,157119409.27,10,30.9,Baixa
2015,6,2015-06-01,Sudeste,ES,Vila Velha,16195,65465,85.89,261.72,167502247.64,11,33.8,Alta
2015,6,2015-06-01,Sudeste,ES,Serra,423816,47070,57.82,978.03,36294781.8,11,25.3,Baixa
2015,6,2015-06-01,Sul,PR,Curitiba,428069,62718,53.82,1047.06,190646167.97,13,26.0,Baixa
2015,6,2015-06-01,Sul,PR,Londrina,372299,37557,72.75,398.91,182040560.68,10,24.6,Alta
2015,6,2015-06-01,Sul,SC,Florianópolis,225720,72899,87.45,536.74,134240626.61,10,23.3,Baixa
2015,6,2015-06-01,Sul,SC,Joinville,120251,71157,41.75,205.46,188281941.15,3,21.2,Média
2015,6,2015-06-01,Sul,RS,Porto Alegre,227342,50980,74.66,1173.65,93608525.86,12,22.8,Baixa
2015,6,2015-06-01,Sul,RS,Caxias do Sul,244807,46400,69.17,1083.88,49497820.55,10,23.2,Baixa
2015,7,2015-07-01,Norte,AM,Manaus,64756,26841,52.05,703.75,74895160.12,9,18.5,Baixa
2015,7,2015-07-01,Norte,PA,Belém,113010,7066,91.91,1007.42,153571894.37,9,24.7,Alta
2015,7,2015-07-01,Norte,PA,Santarém,461057,50973,47.62,306.37,15140929.18,12,29.9,Alta
2015,7,2015-07-01,Norte,RO,Porto Velho,86002,34496,47.04,189.8,165267705.0,9,20.1,Baixa
2015,7,2015-07-01,Norte,TO,Palmas,12723,18329,65.59,1018.22,84649268.15,11,22.3,Baixa
2015,7,2015-07-01,Nordeste,BA,Salvador,461513,47719,34.58,442.94,53270488.83,10,26.9,Baixa
2015,7,2015-07-01,Nordeste,BA,Feira de Santana,398734,61476,86.04,909.82,187309163.01,7,23.5,Média
2015,7,2015-07-01,Nordeste,PE,Recife,376670,61506,64.01,1023.73,34001247.22,9,25.8,Alta
2015,7,2015-07-01,Nordeste,PE,Jaboatão dos Guararapes,122640,74838,65.96,179.86,98174291.81,5,23.4,Alta
2015,7,2015-07-01,Nordeste,CE,Fortaleza,36570,23779,68.39,728.8,190480533.67,14,26.4,Média
2015,7,2015-07-01,Nordeste,CE,Juazeiro do Norte,113978,39195,59.59,1169.81,174961082.57,13,25.7,Baixa
2015,7,2015-07-01,Nordeste,MA,São Luís,134213,30149,90.02,728.33,182612557.9,8,21.3,Baixa
2015,7,2015-07-01,Nordeste,PB,João Pessoa,431133,71414,79.06,611.28,159687503.89,11,21.6,Média
2015,7,2015-07-01,Centro-Oeste,DF,Brasília,319413,55729,71.02,561.31,164043780.94,13,26.8,Alta
2015,7,2015-07-01,Centro-Oeste,GO,Goiânia,446028,71984,46.43,671.33,63925546.32,14,24.2,Alta
2015,7,2015-07-01,Centro-Oeste,GO,Aparecida de Goiânia,463979,49062,27.41,565.26,34858088.53,5,22.7,Alta
2015,7,2015-07-01,Centro-Oeste,MT,Cuiabá,356834,7108,72.26,399.4,156729062.15,12,23.3,Baixa
2015,7,2015-07-01,Centro-Oeste,MS,Campo Grande,135282,24382,43.5,738.62,105138237.56,10,25.5,Alta
2015,7,2015-07-01,Sudeste,SP,São Paulo,197440,35249,80.62,1124.53,164794643.05,8,24.5,Média
2015,7,2015-07-01,Sudeste,SP,Campinas,67703,20877,49.09,539.84,16613211.99,7,32.2,Alta
2015,7,2015-07-01,Sudeste,SP,Ribeirão Preto,446755,38968,68.54,527.4,148327093.7,4,23.5,Média
2015,7,2015-07-01,Sudeste,RJ,Rio de Janeiro,177114,57510,62.6,335.77,41849356.25,14,24.9,Alta
2015,7,2015-07-01,Sudeste,RJ,Niterói,157182,45915,78.83,384.32,117863927.31,16,30.0,Baixa
2015,7,2015-07-01,Sudeste,RJ,Nova Iguaçu,117962,30538,79.67,636.87,165529737.58,6,29.1,Alta
2015,7,2015-07-01,Sudeste,RJ,Petrópolis,102086,2499,51.08,398.44,109362638.67,9,28.6,Média
2015,7,2015-07-01,Sudeste,MG,Belo Horizonte,176233,34864,83.74,1147.53,51947462.14,20,29.0,Média
2015,7,2015-07-01,Sudeste,MG,Uberlândia,37527,71366,48.46,1017.71,145180403.8,9,25.6,Média
2015,7,2015-07-01,Sudeste,MG,Juiz de Fora,499851,70369,75.81,420.2,99575321.79,6,25.2,Média
2015,7,2015-07-01,Sudeste,ES,Vitória,52321,35980,50.89,219.21,181059842.95,7,27.5,Baixa
2015,7,2015-07-01,Sudeste,ES,Vila Velha,303620,71515,48.45,1115.26,110456191.53,7,22.3,Alta
2015,7,2015-07-01,Sudeste,ES,Serra,367476,76696,74.01,835.92,23714805.24,9,22.4,Baixa
2015,7,2015-07-01,Sul,PR,Curitiba,297471,12088,66.62,1008.42,157668213.49,7,28.2,Baixa
2015,7,2015-07-01,Sul,PR,Londrina,34669,62080,47.42,1188.22,27810701.22,11,28.5,Média
2015,7,2015-07-01,Sul,SC,Florianópolis,41920,45598,36.9,606.15,86968721.12,9,28.0,Média
2015,7,2015-07-01,Sul,SC,Joinville,97069,23207,67.21,925.42,141034529.26,7,28.4,Média
2015,7,2015-07-01,Sul,RS,Porto Alegre,473701,14142,60.75,621.94,85162763.2,16,27.5,Alta
2015,7,2015-07-01,Sul,RS,Caxias do Sul,219483,9033,69.1,653.01,11957306.25,9,23.4,Baixa
2015,8,2015-08-01,Norte,AM,Manaus,445251,44788,25.21,700.37,44973660.79,5,19.6,Baixa
2015,8,2015-08-01,Norte,PA,Belém,69552,56156,75.63,930.36,73779326.51,12,24.4,Alta
2015,8,2015-08-01,Norte,PA,Santarém,327744,65223,40.31,1054.54,155103288.85,6,23.8,Média
2015,8,2015-08-01,Norte,RO,Porto Velho,179285,55624,49.17,224.71,148223648.83,15,18.9,Média
2015,8,2015-08-01,Norte,TO,Palmas,107906,23341,68.84,456.06,17701360.31,10,31.7,Média
2015,8,2015-08-01,Nordeste,BA,Salvador,434813,76401,43.17,185.75,34770404.81,12,29.8,Média
2015,8,2015-08-01,Nordeste,BA,Feira de Santana,337176,56606,29.66,1084.06,117518244.67,11,25.7,Alta
2015,8,2015-08-01,Nordeste,PE,Recife,434387,8733,42.87,630.6,115934452.3,12,25.6,Baixa
2015,8,2015-08-01,Nordeste,PE,Jaboatão dos Guararapes,320401,72603,81.67,505.82,97088938.77,10,19.5,Média
2015,8,2015-08-01,Nordeste,CE,Fortaleza,111759,30825,74.3,635.49,3697024.71,10,20.1,Alta
2015,8,2015-08-01,Nordeste,CE,Juazeiro do Norte,446597,45901,31.81,195.13,9218042.33,13,29.4,Média
2015,8,2015-08-01,Nordeste,MA,São Luís,282896,16338,77.33,1097.03,23976680.59,11,29.1,Alta
2015,8,2015-08-01,Nordeste,PB,João Pessoa,439105,6591,30.77,1026.98,171513656.49,12,25.6,Baixa
2015,8,2015-08-01,Centro-Oeste,DF,Brasília,51331,42912,66.65,1076.26,77091591.62,12,24.6,Média
2015,8,2015-08-01,Centro-Oeste,GO,Goiânia,228706,44975,34.17,762.12,143413514.83,6,29.9,Baixa
2015,8,2015-08-01,Centro-Oeste,GO,Aparecida de Goiânia,18262,39320,39.63,312.95,35213637.46,14,24.5,Alta
2015,8,2015-08-01,Centro-Oeste,MT,Cuiabá,107084,22165,65.91,562.36,102096304.08,13,24.6,Alta
2015,8,2015-08-01,Centro-Oeste,MS,Campo Grande,492491,42423,94.72,176.17,165383271.33,15,21.7,Baixa
2015,8,2015-08-01,Sudeste,SP,São Paulo,193973,34633,33.91,218.72,167742264.06,15,29.4,Alta
2015,8,2015-08-01,Sudeste,SP,Campinas,365751,43682,32.82,253.11,77565560.32,6,29.6,Alta
2015,8,2015-08-01,Sudeste,SP,Ribeirão Preto,261727,2882,84.64,366.85,98515088.51,6,19.6,Média
2015,8,2015-08-01,Sudeste,RJ,Rio de Janeiro,281939,18004,33.69,333.07,143777990.31,10,29.4,Média
2015,8,2015-08-01,Sudeste,RJ,Niterói,124698,53179,78.28,993.3,48242897.19,9,20.6,Média
2015,8,2015-08-01,Sudeste,RJ,Nova Iguaçu,14743,15086,41.25,631.34,192953666.24,13,27.2,Alta
2015,8,2015-08-01,Sudeste,RJ,Petrópolis,398006,59729,28.74,689.03,47960829.59,9,24.2,Alta
2015,8,2015-08-01,Sudeste,MG,Belo Horizonte,267118,67093,76.52,923.18,149509776.73,6,20.4,Alta
2015,8,2015-08-01,Sudeste,MG,Uberlândia,246205,77764,82.74,495.94,86458312.49,13,23.4,Alta
2015,8,2015-08-01,Sudeste,MG,Juiz de Fora,104311,77012,81.02,296.16,199853215.71,10,21.3,Média
2015,8,2015-08-01,Sudeste,ES,Vitória,365929,16035,36.73,409.93,38853571.54,13,24.4,Média
2015,8,2015-08-01,Sudeste,ES,Vila Velha,28690,13036,27.83,1103.43,82382759.27,12,28.8,Média
2015,8,2015-08-01,Sudeste,ES,Serra,477573,49383,27.11,1101.27,76985908.03,10,21.3,Média
2015,8,2015-08-01,Sul,PR,Curitiba,213846,72799,25.86,629.94,166836325.47,9,26.5,Baixa
2015,8,2015-08-01,Sul,PR,Londrina,57672,75385,36.82,1161.45,93681436.94,16,26.1,Alta
2015,8,2015-08-01,Sul,SC,Florianópolis,397689,48323,25.32,266.98,94239336.77,14,28.0,Baixa
2015,8,2015-08-01,Sul,SC,Joinville,450508,12506,38.53,177.53,155528858.2,8,25.9,Média
2015,8,2015-08-01,Sul,RS,Porto Alegre,123585,55990,30.61,1187.71,88663879.53,7,24.0,Alta
2015,8,2015-08-01,Sul,RS,Caxias do Sul,418902,67156,94.95,651.27,135104254.52,5,34.0,Baixa
2015,9,2015-09-01,Norte,AM,Manaus,291292,44521,84.17,864.34,98860023.66,11,29.9,Alta
2015,9,2015-09-01,Norte,PA,Belém,405946,66388,32.28,286.41,118031538.63,6,23.8,Média
2015,9,2015-09-01,Norte,PA,Santarém,402664,62483,26.21,169.47,10259659.87,8,23.1,Alta
2015,9,2015-09-01,Norte,RO,Porto Velho,159025,36307,31.65,506.37,13870850.7,7,29.0,Alta
2015,9,2015-09-01,Norte,TO,Palmas,284403,36650,74.37,526.78,189545087.58,10,27.0,Alta
2015,9,2015-09-01,Nordeste,BA,Salvador,323207,30519,58.73,1000.89,171881016.04,6,23.5,Alta
2015,9,2015-09-01,Nordeste,BA,Feira de Santana,71598,21146,67.38,700.9,45084399.18,12,22.6,Média
2015,9,2015-09-01,Nordeste,PE,Recife,247225,18749,46.81,256.66,173960881.38,11,24.4,Alta
2015,9,2015-09-01,Nordeste,PE,Jaboatão dos Guararapes,23665,31682,73.57,474.83,21202722.59,8,28.0,Alta
2015,9,2015-09-01,Nordeste,CE,Fortaleza,83872,52850,29.45,770.56,186489387.63,6,27.3,Alta
2015,9,2015-09-01,Nordeste,CE,Juazeiro do Norte,22490,11054,51.87,344.23,83055546.11,10,19.1,Média
2015,9,2015-09-01,Nordeste,MA,São Luís,468645,36529,58.73,701.13,7950161.36,4,28.8,Alta
2015,9,2015-09-01,Nordeste,PB,João Pessoa,10762,48435,84.8,385.09,143297420.75,10,27.6,Alta
2015,9,2015-09-01,Centro-Oeste,DF,Brasília,289400,65265,26.99,257.84,148547601.49,6,24.9,Baixa
2015,9,2015-09-01,Centro-Oeste,GO,Goiânia,445615,66337,35.6,939.23,20985979.38,6,17.7,Alta
2015,9,2015-09-01,Centro-Oeste,GO,Aparecida de Goiânia,157147,60835,54.85,1040.53,96843509.86,9,23.4,Alta
2015,9,2015-09-01,Centro-Oeste,MT,Cuiabá,74995,25521,28.75,1021.08,64805174.71,11,29.0,Baixa
2015,9,2015-09-01,Centro-Oeste,MS,Campo Grande,386025,36429,47.53,918.54,104505259.01,12,19.8,Média
2015,9,2015-09-01,Sudeste,SP,São Paulo,207836,51238,68.15,517.45,50277986.09,8,29.6,Alta
2015,9,2015-09-01,Sudeste,SP,Campinas,339406,28715,70.64,512.74,120996698.48,5,22.0,Alta
2015,9,2015-09-01,Sudeste,SP,Ribeirão Preto,189309,17667,76.21,1020.86,187541473.76,8,26.7,Baixa
2015,9,2015-09-01,Sudeste,RJ,Rio de Janeiro,354890,65447,34.82,1017.46,55536791.74,11,21.8,Alta
2015,9,2015-09-01,Sudeste,RJ,Niterói,300038,48034,28.11,839.68,94999687.42,7,23.1,Baixa
2015,9,2015-09-01,Sudeste,RJ,Nova Iguaçu,492133,67517,82.97,628.9,87369198.16,8,29.7,Baixa
2015,9,2015-09-01,Sudeste,RJ,Petrópolis,485127,29122,43.69,195.01,196746918.7,9,20.3,Baixa
2015,9,2015-09-01,Sudeste,MG,Belo Horizonte,277945,73528,27.48,563.7,40683322.73,13,26.3,Alta
2015,9,2015-09-01,Sudeste,MG,Uberlândia,63006,23856,90.79,574.33,40093631.3,10,25.8,Média
2015,9,2015-09-01,Sudeste,MG,Juiz de Fora,463435,34865,33.34,1166.64,139560669.93,7,26.6,Média
2015,9,2015-09-01,Sudeste,ES,Vitória,113480,19182,50.5,912.4,49514039.04,15,23.3,Alta
2015,9,2015-09-01,Sudeste,ES,Vila Velha,468423,18940,50.02,909.52,113652879.03,12,26.1,Baixa
2015,9,2015-09-01,Sudeste,ES,Serra,423096,43595,88.9,267.98,26783891.71,6,26.8,Alta
2015,9,2015-09-01,Sul,PR,Curitiba,446352,25583,35.31,280.09,7437908.7,6,24.3,Baixa
2015,9,2015-09-01,Sul,PR,Londrina,177741,22274,49.72,743.64,196804237.92,9,25.5,Baixa
2015,9,2015-09-01,Sul,SC,Florianópolis,91013,79269,86.74,504.04,27149584.03,7,27.9,Baixa
2015,9,2015-09-01,Sul,SC,Joinville,256413,2244,65.83,239.58,184593621.63,4,24.7,Baixa
2015,9,2015-09-01,Sul,RS,Porto Alegre,394919,21025,46.2,266.98,121009801.85,12,26.2,Baixa
2015,9,2015-09-01,Sul,RS,Caxias do Sul,157285,33955,43.51,1025.93,4698559.43,6,21.7,Alta
2015,10,2015-10-01,Norte,AM,Manaus,170436,66948,38.15,449.75,80199877.84,6,29.7,Baixa
2015,10,2015-10-01,Norte,PA,Belém,318266,41822,52.09,501.67,105721405.76,4,33.6,Alta
2015,10,2015-10-01,Norte,PA,Santarém,375373,72635,91.42,849.74,71531618.93,7,20.8,Alta
2015,10,2015-10-01,Norte,RO,Porto Velho,365795,52782,48.38,1041.18,24727722.65,13,15.0,Baixa
2015,10,2015-10-01,Norte,TO,Palmas,76417,51363,54.02,1124.19,61408831.55,12,33.0,Alta
2015,10,2015-10-01,Nordeste,BA,Salvador,161990,72669,30.07,950.0,18388572.9,11,24.6,Média
2015,10,2015-10-01,Nordeste,BA,Feira de Santana,141919,67433,36.23,181.06,122424817.74,10,25.8,Baixa
2015,10,2015-10-01,Nordeste,PE,Recife,211551,21074,93.69,1105.8,108513441.31,6,17.3,Média
2015,10,2015-10-01,Nordeste,PE,Jaboatão dos Guararapes,97190,45212,62.07,564.54,86360201.24,6,23.7,Alta
2015,10,2015-10-01,Nordeste,CE,Fortaleza,136689,59056,36.27,915.3,183575688.89,13,25.4,Média
2015,10,2015-10-01,Nordeste,CE,Juazeiro do Norte,420044,30813,85.14,195.75,93315435.57,12,22.9,Baixa
2015,10,2015-10-01,Nordeste,MA,São Luís,258682,62732,92.89,733.37,46301464.06,8,23.4,Alta
2015,10,2015-10-01,Nordeste,PB,João Pessoa,133874,31034,82.76,321.63,59223872.86,9,29.6,Baixa
2015,10,2015-10-01,Centro-Oeste,DF,Brasília,324426,20249,32.66,1077.81,100863109.28,9,26.5,Média
2015,10,2015-10-01,Centro-Oeste,GO,Goiânia,108631,14190,91.8,1136.61,180781878.7,4,23.1,Baixa
2015,10,2015-10-01,Centro-Oeste,GO,Aparecida de Goiânia,40034,48281,88.34,658.81,32194792.49,6,29.7,Média
2015,10,2015-10-01,Centro-Oeste,MT,Cuiabá,133106,12261,93.87,797.96,67356119.22,7,34.6,Alta
2015,10,2015-10-01,Centro-Oeste,MS,Campo Grande,154916,63252,29.9,163.08,173708693.64,12,20.8,Alta
2015,10,2015-10-01,Sudeste,SP,São Paulo,43304,5599,82.4,369.25,122138502.22,13,17.5,Média
2015,10,2015-10-01,Sudeste,SP,Campinas,232801,11773,55.59,1185.12,65712833.45,11,30.3,Alta
2015,10,2015-10-01,Sudeste,SP,Ribeirão Preto,454853,19342,28.56,461.26,169240875.1,18,25.3,Alta
2015,10,2015-10-01,Sudeste,RJ,Rio de Janeiro,116791,65652,49.51,298.69,129535430.86,10,24.0,Baixa
2015,10,2015-10-01,Sudeste,RJ,Niterói,71093,69144,75.33,998.99,120098085.93,13,20.0,Baixa
2015,10,2015-10-01,Sudeste,RJ,Nova Iguaçu,400420,66264,79.04,813.87,28819221.18,7,30.5,Alta
2015,10,2015-10-01,Sudeste,RJ,Petrópolis,304593,59430,40.42,631.64,116942794.24,8,27.5,Alta
2015,10,2015-10-01,Sudeste,MG,Belo Horizonte,94186,69652,63.25,1074.36,194122532.08,5,33.5,Alta
2015,10,2015-10-01,Sudeste,MG,Uberlândia,68330,25829,87.03,1183.82,31076077.81,9,29.4,Baixa
2015,10,2015-10-01,Sudeste,MG,Juiz de Fora,286986,44547,39.87,622.57,122414242.95,4,24.2,Baixa
2015,10,2015-10-01,Sudeste,ES,Vitória,369741,22569,29.92,694.97,79213518.94,4,29.0,Média
2015,10,2015-10-01,Sudeste,ES,Vila Velha,172828,34561,68.91,588.93,141863448.39,5,25.3,Média
2015,10,2015-10-01,Sudeste,ES,Serra,449101,61280,71.6,560.59,84966219.98,7,27.8,Alta
2015,10,2015-10-01,Sul,PR,Curitiba,297957,6518,44.06,281.79,32749121.81,7,23.5,Média
2015,10,2015-10-01,Sul,PR,Londrina,447041,41775,90.8,659.79,121664953.04,6,24.2,Alta
2015,10,2015-10-01,Sul,SC,Florianópolis,468179,54237,88.37,688.62,97586794.84,7,26.2,Média
2015,10,2015-10-01,Sul,SC,Joinville,307713,2716,25.9,297.11,81875505.55,9,25.2,Alta
2015,10,2015-10-01,Sul,RS,Porto Alegre,263219,49373,38.51,490.12,150720943.88,8,28.9,Média
2015,10,2015-10-01,Sul,RS,Caxias do Sul,285335,13050,37.0,813.39,58445456.17,9,14.0,Alta
2015,11,2015-11-01,Norte,AM,Manaus,432432,68501,46.88,242.43,185869380.58,7,26.3,Baixa
2015,11,2015-11-01,Norte,PA,Belém,275352,53776,53.85,522.52,31201347.84,14,19.6,Baixa
2015,11,2015-11-01,Norte,PA,Santarém,188870,62563,44.11,470.73,95663521.9,6,29.5,Média
2015,11,2015-11-01,Norte,RO,Porto Velho,237881,57577,79.64,514.82,76396216.64,9,29.9,Baixa
2015,11,2015-11-01,Norte,TO,Palmas,321741,22153,43.49,485.48,102887600.83,10,29.0,Baixa
2015,11,2015-11-01,Nordeste,BA,Salvador,163764,34333,63.81,612.0,177920714.36,10,26.2,Baixa
2015,11,2015-11-01,Nordeste,BA,Feira de Santana,162785,14522,82.42,308.03,149502456.11,9,23.9,Alta
2015,11,2015-11-01,Nordeste,PE,Recife,37639,50599,36.72,364.54,148706711.02,10,22.2,Baixa
2015,11,2015-11-01,Nordeste,PE,Jaboatão dos Guararapes,138334,39413,45.42,1032.01,159785033.68,5,26.4,Média
2015,11,2015-11-01,Nordeste,CE,Fortaleza,135845,45187,37.52,255.37,164694554.24,15,28.7,Alta
2015,11,2015-11-01,Nordeste,CE,Juazeiro do Norte,461234,59609,84.11,650.86,129408404.48,9,30.3,Média
2015,11,2015-11-01,Nordeste,MA,São Luís,77108,44494,60.93,153.2,61935334.07,5,24.9,Alta
2015,11,2015-11-01,Nordeste,PB,João Pessoa,356183,33813,48.97,806.27,144211456.29,11,29.8,Baixa
2015,11,2015-11-01,Centro-Oeste,DF,Brasília,482860,12100,52.27,259.6,113870750.39,9,15.6,Alta
2015,11,2015-11-01,Centro-Oeste,GO,Goiânia,60486,43935,42.22,569.49,36787544.39,17,29.4,Média
2015,11,2015-11-01,Centro-Oeste,GO,Aparecida de Goiânia,256490,77112,45.66,476.46,89666377.56,10,23.4,Média
2015,11,2015-11-01,Centro-Oeste,MT,Cuiabá,78983,12152,87.06,320.64,175544720.29,8,23.1,Alta
2015,11,2015-11-01,Centro-Oeste,MS,Campo Grande,272502,31297,90.31,841.5,81793382.35,12,30.9,Baixa
2015,11,2015-11-01,Sudeste,SP,São Paulo,101140,79537,57.25,1111.96,165818758.43,7,23.9,Baixa
2015,11,2015-11-01,Sudeste,SP,Campinas,479259,75699,78.47,1078.61,167521391.31,9,18.5,Baixa
2015,11,2015-11-01,Sudeste,SP,Ribeirão Preto,436848,44052,79.05,642.23,82050904.23,19,31.1,Alta
2015,11,2015-11-01,Sudeste,RJ,Rio de Janeiro,472575,10490,58.04,465.19,43565751.55,12,23.9,Baixa
2015,11,2015-11-01,Sudeste,RJ,Niterói,445253,32144,74.8,543.71,9048093.54,8,33.6,Baixa
2015,11,2015-11-01,Sudeste,RJ,Nova Iguaçu,454398,58950,51.95,626.05,80876551.87,11,22.9,Alta
2015,11,2015-11-01,Sudeste,RJ,Petrópolis,76322,13858,51.03,448.79,6819984.99,15,18.5,Baixa
2015,11,2015-11-01,Sudeste,MG,Belo Horizonte,341774,68631,44.0,228.88,65848577.48,5,29.8,Média
2015,11,2015-11-01,Sudeste,MG,Uberlândia,131367,68118,74.1,1183.81,187270912.76,9,26.7,Média
2015,11,2015-11-01,Sudeste,MG,Juiz de Fora,373334,9572,42.15,550.4,123163923.84,8,23.7,Média
2015,11,2015-11-01,Sudeste,ES,Vitória,202675,11244,25.67,992.43,52639777.41,9,24.9,Média
2015,11,2015-11-01,Sudeste,ES,Vila Velha,262080,79814,25.97,291.56,111782356.02,10,27.9,Baixa
2015,11,2015-11-01,Sudeste,ES,Serra,480893,23728,93.14,292.4,44508558.87,8,21.3,Baixa
2015,11,2015-11-01,Sul,PR,Curitiba,212642,34191,64.03,348.98,186285124.55,13,31.7,Baixa
2015,11,2015-11-01,Sul,PR,Londrina,94631,22990,79.56,573.3,198863665.7,4,27.6,Baixa
2015,11,2015-11-01,Sul,SC,Florianópolis,168085,72949,31.09,729.76,76972626.54,6,25.6,Média
2015,11,2015-11-01,Sul,SC,Joinville,316518,64302,91.25,964.88,31414548.29,11,20.9,Alta
2015,11,2015-11-01,Sul,RS,Porto Alegre,457006,64013,92.84,419.51,49699762.96,13,25.5,Baixa
2015,11,2015-11-01,Sul,RS,Caxias do Sul,35965,71155,33.08,1013.94,13288265.64,13,19.3,Baixa
2015,12,2015-12-01,Norte,AM,Manaus,17656,64000,35.96,314.83,20903313.37,7,28.3,Média
2015,12,2015-12-01,Norte,PA,Belém,61611,14706,27.58,605.33,58058216.72,6,26.4,Média
2015,12,2015-12-01,Norte,PA,Santarém,414332,50698,58.03,820.27,153662675.52,10,28.3,Alta
2015,12,2015-12-01,Norte,RO,Porto Velho,390772,54767,25.91,151.52,55535657.07,15,26.3,Alta
2015,12,2015-12-01,Norte,TO,Palmas,393009,52861,43.6,216.45,159847364.79,11,29.6,Média
2015,12,2015-12-01,Nordeste,BA,Salvador,292566,7424,65.37,339.32,56041361.49,12,25.3,Baixa
2015,12,2015-12-01,Nordeste,BA,Feira de Santana,192711,31961,60.9,568.14,158729098.82,8,25.6,Média
2015,12,2015-12-01,Nordeste,PE,Recife,315865,8243,64.77,224.54,177495946.05,10,28.6,Baixa
2015,12,2015-12-01,Nordeste,PE,Jaboatão dos Guararapes,262139,36371,54.7,1146.14,7038990.44,12,31.9,Média
2015,12,2015-12-01,Nordeste,CE,Fortaleza,299952,10518,27.84,703.28,174943041.71,12,27.1,Média
2015,12,2015-12-01,Nordeste,CE,Juazeiro do Norte,238377,49479,46.56,343.67,156211079.42,12,25.3,Média
2015,12,2015-12-01,Nordeste,MA,São Luís,358434,54967,87.43,1153.4,3926590.76,12,28.1,Média
2015,12,2015-12-01,Nordeste,PB,João Pessoa,186253,46351,81.88,1162.17,3527527.48,10,29.9,Média
2015,12,2015-12-01,Centro-Oeste,DF,Brasília,116451,45002,29.17,936.93,133214613.8,10,27.7,Alta
2015,12,2015-12-01,Centro-Oeste,GO,Goiânia,425766,44009,56.65,664.61,60897693.65,12,24.8,Alta
2015,12,2015-12-01,Centro-Oeste,GO,Aparecida de Goiânia,81627,40274,39.98,428.61,196652004.49,9,28.3,Média
2015,12,2015-12-01,Centro-Oeste,MT,Cuiabá,206510,45346,40.04,1089.45,12825383.61,11,22.2,Baixa
2015,12,2015-12-01,Centro-Oeste,MS,Campo Grande,231847,7693,49.02,288.4,42163685.2,8,31.4,Média
2015,12,2015-12-01,Sudeste,SP,São Paulo,429270,48131,35.89,830.9,50347830.03,8,28.9,Média
2015,12,2015-12-01,Sudeste,SP,Campinas,386604,68659,83.05,184.78,50799001.56,8,27.0,Alta
2015,12,2015-12-01,Sudeste,SP,Ribeirão Preto,296194,22555,47.11,1067.41,14307814.33,10,29.9,Média
2015,12,2015-12-01,Sudeste,RJ,Rio de Janeiro,498863,15663,83.69,457.57,44913950.0,11,19.2,Média
2015,12,2015-12-01,Sudeste,RJ,Niterói,201951,53355,70.12,355.45,94211063.66,12,28.1,Média
2015,12,2015-12-01,Sudeste,RJ,Nova Iguaçu,457036,22594,52.89,316.3,25143636.68,12,28.3,Baixa
2015,12,2015-12-01,Sudeste,RJ,Petrópolis,273930,7924,56.93,339.83,4420577.51,8,20.5,Baixa
2015,12,2015-12-01,Sudeste,MG,Belo Horizonte,109675,15860,64.52,783.46,143887037.36,5,27.6,Média
2015,12,2015-12-01,Sudeste,MG,Uberlândia,205483,17044,62.04,303.31,25718710.19,10,29.2,Média
2015,12,2015-12-01,Sudeste,MG,Juiz de Fora,338344,67124,46.86,444.76,131538617.38,9,28.5,Alta
2015,12,2015-12-01,Sudeste,ES,Vitória,356641,24134,78.22,259.04,33214875.58,16,29.5,Média
2015,12,2015-12-01,Sudeste,ES,Vila Velha,13938,6475,67.6,253.9,166012267.81,5,24.9,Alta
2015,12,2015-12-01,Sudeste,ES,Serra,14186,15353,50.67,253.52,183231741.49,12,33.7,Alta
2015,12,2015-12-01,Sul,PR,Curitiba,482687,70110,88.12,1074.28,40167670.11,13,26.6,Média
2015,12,2015-12-01,Sul,PR,Londrina,346563,42234,58.94,1196.56,142094106.93,14,30.2,Média
2015,12,2015-12-01,Sul,SC,Florianópolis,459320,51519,47.59,1046.26,82514283.4,10,25.7,Média
2015,12,2015-12-01,Sul,SC,Joinville,358644,34726,49.39,393.51,77037137.36,13,23.0,Média
2015,12,2015-12-01,Sul,RS,Porto Alegre,329415,70005,72.99,195.87,7236886.59,8,27.6,Média
2015,12,2015-12-01,Sul,RS,Caxias do Sul,55460,36118,37.79,1197.03,1030394.85,8,29.1,Alta
2016,1,2016-01-01,Norte,AM,Manaus,304672,67956,60.39,768.67,104325654.04,14,27.0,Média
2016,1,2016-01-01,Norte,PA,Belém,205107,79061,40.08,1155.24,196339135.36,6,22.1,Média
2016,1,2016-01-01,Norte,PA,Santarém,102635,55880,67.76,1155.85,90395482.31,10,27.0,Média
2016,1,2016-01-01,Norte,RO,Porto Velho,35301,23371,42.39,738.24,50194917.59,10,26.8,Alta
2016,1,2016-01-01,Norte,TO,Palmas,392363,60414,45.82,1045.55,131074127.44,9,28.5,Baixa
2016,1,2016-01-01,Nordeste,BA,Salvador,44277,36681,72.41,260.3,96613479.5,7,27.0,Média
2016,1,2016-01-01,Nordeste,BA,Feira de Santana,243930,28554,33.25,876.79,22944908.96,17,29.6,Alta
2016,1,2016-01-01,Nordeste,PE,Recife,30484,9832,57.58,940.74,3722833.59,8,19.4,Baixa
2016,1,2016-01-01,Nordeste,PE,Jaboatão dos Guararapes,465305,57724,28.93,558.36,80457336.89,6,19.6,Baixa
2016,1,2016-01-01,Nordeste,CE,Fortaleza,101876,47032,68.05,288.61,62704414.92,15,22.4,Alta
2016,1,2016-01-01,Nordeste,CE,Juazeiro do Norte,441982,11423,90.8,748.3,180418780.19,10,21.9,Alta
2016,1,2016-01-01,Nordeste,MA,São Luís,348230,8337,90.23,422.57,141710875.06,7,25.7,Baixa
2016,1,2016-01-01,Nordeste,PB,João Pessoa,251582,44446,66.72,672.21,135330142.76,8,22.7,Alta
2016,1,2016-01-01,Centro-Oeste,DF,Brasília,477984,48060,63.06,893.3,110565369.21,10,25.5,Alta
2016,1,2016-01-01,Centro-Oeste,GO,Goiânia,374935,44628,79.02,616.1,144781292.44,7,24.2,Média
2016,1,2016-01-01,Centro-Oeste,GO,Aparecida de Goiânia,448537,78828,58.21,464.11,156785154.5,13,25.0,Baixa
2016,1,2016-01-01,Centro-Oeste,MT,Cuiabá,200614,12546,85.36,724.7,185192541.89,8,23.0,Baixa
2016,1,2016-01-01,Centro-Oeste,MS,Campo Grande,486106,33996,26.99,340.65,77357895.88,10,22.7,Alta
2016,1,2016-01-01,Sudeste,SP,São Paulo,51653,57467,58.68,385.42,154708627.42,12,9.4,Alta
2016,1,2016-01-01,Sudeste,SP,Campinas,487572,41984,94.22,275.13,76455084.89,16,20.2,Baixa
2016,1,2016-01-01,Sudeste,SP,Ribeirão Preto,247950,37494,89.65,877.62,58202020.43,7,26.7,Baixa
2016,1,2016-01-01,Sudeste,RJ,Rio de Janeiro,475860,48068,55.91,913.86,89662819.85,9,20.8,Baixa
2016,1,2016-01-01,Sudeste,RJ,Niterói,117922,15199,66.76,847.18,185163124.27,6,27.4,Média
2016,1,2016-01-01,Sudeste,RJ,Nova Iguaçu,141035,76667,30.51,269.88,19610253.12,7,26.0,Média
2016,1,2016-01-01,Sudeste,RJ,Petrópolis,495200,20135,87.32,923.91,47440837.27,7,19.3,Baixa
2016,1,2016-01-01,Sudeste,MG,Belo Horizonte,279240,54842,66.58,217.06,170264024.98,6,25.4,Baixa
2016,1,2016-01-01,Sudeste,MG,Uberlândia,463316,26301,25.74,401.39,166167431.09,6,27.7,Baixa
2016,1,2016-01-01,Sudeste,MG,Juiz de Fora,412967,54252,80.67,1099.49,45269599.68,6,25.3,Alta
2016,1,2016-01-01,Sudeste,ES,Vitória,467157,72591,57.19,1087.13,76405742.46,6,21.3,Média
2016,1,2016-01-01,Sudeste,ES,Vila Velha,388863,48997,72.82,542.66,116154481.82,10,28.1,Baixa
2016,1,2016-01-01,Sudeste,ES,Serra,329704,38638,81.12,496.55,199959959.89,10,23.6,Média
2016,1,2016-01-01,Sul,PR,Curitiba,364701,16025,80.92,887.04,178484197.63,11,18.1,Média
2016,1,2016-01-01,Sul,PR,Londrina,243711,74625,81.08,1078.11,62729129.9,5,20.6,Alta
2016,1,2016-01-01,Sul,SC,Florianópolis,139152,12717,69.95,414.33,18962965.0,7,25.8,Média
2016,1,2016-01-01,Sul,SC,Joinville,347666,66372,92.8,934.89,44055145.21,10,21.9,Baixa
2016,1,2016-01-01,Sul,RS,Porto Alegre,17130,61777,68.03,955.14,56541310.01,11,29.0,Alta
2016,1,2016-01-01,Sul,RS,Caxias do Sul,191621,10148,58.43,439.76,33096251.95,8,19.5,Baixa
2016,2,2016-02-01,Norte,AM,Manaus,82529,33832,76.16,939.67,9579462.49,10,24.9,Baixa
2016,2,2016-02-01,Norte,PA,Belém,63724,17675,65.73,913.67,110843354.62,11,32.5,Baixa
2016,2,2016-02-01,Norte,PA,Santarém,255591,33935,52.35,742.09,34567136.1,7,24.3,Média
2016,2,2016-02-01,Norte,RO,Porto Velho,444870,78300,54.02,1010.73,63170577.41,13,31.8,Alta
2016,2,2016-02-01,Norte,TO,Palmas,273110,54679,56.38,202.81,126208013.57,4,23.9,Média
2016,2,2016-02-01,Nordeste,BA,Salvador,181894,30917,69.84,681.64,120029744.16,9,27.2,Baixa
2016,2,2016-02-01,Nordeste,BA,Feira de Santana,204011,71749,82.31,177.77,91179919.62,6,22.6,Média
2016,2,2016-02-01,Nordeste,PE,Recife,360313,11907,83.94,479.23,20768278.99,6,30.3,Baixa
2016,2,2016-02-01,Nordeste,PE,Jaboatão dos Guararapes,329971,71834,72.09,739.48,135434805.46,15,22.2,Média
2016,2,2016-02-01,Nordeste,CE,Fortaleza,68459,63999,87.03,1116.18,162545976.35,10,21.9,Alta
2016,2,2016-02-01,Nordeste,CE,Juazeiro do Norte,422862,78306,89.66,218.48,155134663.85,6,27.7,Média
2016,2,2016-02-01,Nordeste,MA,São Luís,303189,72225,52.04,534.43,52867480.99,10,25.0,Média
2016,2,2016-02-01,Nordeste,PB,João Pessoa,405438,26671,54.07,1185.25,144046515.3,10,26.7,Alta
2016,2,2016-02-01,Centro-Oeste,DF,Brasília,263504,20582,32.02,897.14,46317057.2,13,21.2,Alta
2016,2,2016-02-01,Centro-Oeste,GO,Goiânia,73393,4561,81.97,895.45,46309105.22,8,29.2,Alta
2016,2,2016-02-01,Centro-Oeste,GO,Aparecida de Goiânia,376281,23427,91.77,230.94,188242809.96,14,24.6,Média
2016,2,2016-02-01,Centro-Oeste,MT,Cuiabá,233673,26368,92.41,879.52,84956008.79,9,28.5,Baixa
2016,2,2016-02-01,Centro-Oeste,MS,Campo Grande,469077,21985,30.6,976.18,179162721.03,11,32.2,Alta
2016,2,2016-02-01,Sudeste,SP,São Paulo,244718,31558,73.85,996.02,84375069.77,11,22.4,Média
2016,2,2016-02-01,Sudeste,SP,Campinas,97479,35852,39.62,221.71,132299924.53,16,23.2,Alta
2016,2,2016-02-01,Sudeste,SP,Ribeirão Preto,82446,35857,48.97,1156.3,67154310.41,10,15.5,Alta
2016,2,2016-02-01,Sudeste,RJ,Rio de Janeiro,332523,24728,37.49,349.13,195614510.62,13,25.2,Alta
2016,2,2016-02-01,Sudeste,RJ,Niterói,305884,26053,65.79,179.45,17763016.97,3,21.8,Baixa
2016,2,2016-02-01,Sudeste,RJ,Nova Iguaçu,285673,34975,90.35,887.07,83573631.44,15,23.0,Alta
2016,2,2016-02-01,Sudeste,RJ,Petrópolis,14177,24885,75.46,486.8,181349472.08,8,26.4,Baixa
2016,2,2016-02-01,Sudeste,MG,Belo Horizonte,147684,4032,72.85,201.52,177701189.83,11,30.5,Média
2016,2,2016-02-01,Sudeste,MG,Uberlândia,51633,20030,89.85,479.76,74856505.18,15,15.9,Alta
2016,2,2016-02-01,Sudeste,MG,Juiz de Fora,499685,13918,49.93,929.0,5786097.42,9,27.4,Baixa
2016,2,2016-02-01,Sudeste,ES,Vitória,354079,51487,83.28,1078.72,88115904.83,9,21.6,Alta
2016,2,2016-02-01,Sudeste,ES,Vila Velha,306745,54494,59.44,1181.96,40989823.98,7,21.9,Média
2016,2,2016-02-01,Sudeste,ES,Serra,98809,59141,72.2,1076.11,51821118.83,8,17.9,Alta
2016,2,2016-02-01,Sul,PR,Curitiba,350791,44473,60.58,438.18,107922690.04,7,27.2,Baixa
2016,2,2016-02-01,Sul,PR,Londrina,433481,62582,35.24,532.82,199105377.22,3,29.1,Baixa
2016,2,2016-02-01,Sul,SC,Florianópolis,143342,40205,55.67,371.63,76124338.77,4,30.3,Baixa
2016,2,2016-02-01,Sul,SC,Joinville,112872,10363,74.81,550.18,119255329.94,10,21.3,Alta
2016,2,2016-02-01,Sul,RS,Porto Alegre,303344,52632,34.18,1164.61,68129792.14,12,28.8,Alta
2016,2,2016-02-01,Sul,RS,Caxias do Sul,308126,26125,48.46,269.27,124267752.2,11,28.9,Baixa
2016,3,2016-03-01,Norte,AM,Manaus,136007,28696,90.28,1111.23,125591159.82,12,19.5,Alta
2016,3,2016-03-01,Norte,PA,Belém,496721,40549,81.34,451.25,81403619.74,10,26.4,Baixa
2016,3,2016-03-01,Norte,PA,Santarém,482857,74448,42.79,731.61,53104563.66,5,24.9,Baixa
2016,3,2016-03-01,Norte,RO,Porto Velho,456897,57734,61.5,867.16,127013719.08,8,30.8,Média
2016,3,2016-03-01,Norte,TO,Palmas,248841,21032,29.69,1049.47,126555805.56,15,18.1,Média
2016,3,2016-03-01,Nordeste,BA,Salvador,33532,23680,45.42,1145.71,20431612.36,10,20.9,Média
2016,3,2016-03-01,Nordeste,BA,Feira de Santana,372397,75004,62.3,825.25,92008776.19,16,24.9,Alta
2016,3,2016-03-01,Nordeste,PE,Recife,114430,56231,62.76,348.5,180764230.2,12,22.8,Baixa
2016,3,2016-03-01,Nordeste,PE,Jaboatão dos Guararapes,83229,63162,39.6,237.03,117869707.72,15,26.3,Média
2016,3,2016-03-01,Nordeste,CE,Fortaleza,214044,74794,64.43,168.68,61870179.69,11,31.5,Média
2016,3,2016-03-01,Nordeste,CE,Juazeiro do Norte,424602,42708,47.64,541.7,180241583.71,10,28.4,Baixa
2016,3,2016-03-01,Nordeste,MA,São Luís,89150,5610,31.78,1197.6,164539428.94,11,26.9,Média
2016,3,2016-03-01,Nordeste,PB,João Pessoa,169371,70443,89.88,840.05,170753489.88,12,29.1,Alta
2016,3,2016-03-01,Centro-Oeste,DF,Brasília,94472,61282,43.58,746.67,19926934.47,8,24.6,Média
2016,3,2016-03-01,Centro-Oeste,GO,Goiânia,361528,69686,84.71,870.29,99261540.96,6,20.8,Alta
2016,3,2016-03-01,Centro-Oeste,GO,Aparecida de Goiânia,112580,51770,27.43,792.78,165995002.6,9,23.8,Alta
2016,3,2016-03-01,Centro-Oeste,MT,Cuiabá,423735,75153,47.66,1096.55,131944647.56,9,29.7,Baixa
2016,3,2016-03-01,Centro-Oeste,MS,Campo Grande,446647,44200,55.15,1071.05,36916399.08,11,28.1,Média
2016,3,2016-03-01,Sudeste,SP,São Paulo,17557,4131,85.23,239.58,54681377.29,12,26.3,Média
2016,3,2016-03-01,Sudeste,SP,Campinas,470466,75929,66.68,408.32,41090652.22,11,30.1,Média
2016,3,2016-03-01,Sudeste,SP,Ribeirão Preto,482259,17569,27.41,374.52,62119970.16,16,26.5,Média
2016,3,2016-03-01,Sudeste,RJ,Rio de Janeiro,67476,43376,86.53,340.87,161155363.21,6,25.9,Média
2016,3,2016-03-01,Sudeste,RJ,Niterói,93408,34323,61.85,975.22,52341384.49,10,30.4,Baixa
2016,3,2016-03-01,Sudeste,RJ,Nova Iguaçu,26316,52628,46.01,993.21,169173138.03,12,20.8,Média
2016,3,2016-03-01,Sudeste,RJ,Petrópolis,63499,26571,68.11,497.69,182240392.46,9,21.9,Alta
2016,3,2016-03-01,Sudeste,MG,Belo Horizonte,13093,75822,54.62,1165.56,45823445.05,8,22.0,Média
2016,3,2016-03-01,Sudeste,MG,Uberlândia,117610,79932,59.53,878.1,63220428.57,9,23.8,Média
2016,3,2016-03-01,Sudeste,MG,Juiz de Fora,449939,5472,85.72,1174.47,112436802.51,11,25.5,Alta
2016,3,2016-03-01,Sudeste,ES,Vitória,13951,12844,44.2,984.06,14626830.22,15,36.4,Alta
2016,3,2016-03-01,Sudeste,ES,Vila Velha,161805,63980,87.53,784.16,68415075.52,14,28.7,Média
2016,3,2016-03-01,Sudeste,ES,Serra,162296,12045,71.67,628.56,28703534.7,12,28.7,Alta
2016,3,2016-03-01,Sul,PR,Curitiba,411124,52626,79.68,830.16,193495817.84,10,29.6,Alta
2016,3,2016-03-01,Sul,PR,Londrina,42834,14652,25.73,495.93,58920674.25,9,25.8,Baixa
2016,3,2016-03-01,Sul,SC,Florianópolis,491843,49030,63.74,1048.82,153335159.51,11,23.0,Média
2016,3,2016-03-01,Sul,SC,Joinville,47115,12047,88.14,939.8,155818489.24,7,27.5,Média
2016,3,2016-03-01,Sul,RS,Porto Alegre,184357,64759,69.23,632.85,171623728.67,8,24.8,Baixa
2016,3,2016-03-01,Sul,RS,Caxias do Sul,201857,76207,89.01,459.02,185291372.88,10,32.4,Baixa
2016,4,2016-04-01,Norte,AM,Manaus,368118,32103,73.49,327.24,175803240.73,9,26.6,Média
2016,4,2016-04-01,Norte,PA,Belém,407232,69765,36.44,244.87,152950906.95,6,21.6,Alta
2016,4,2016-04-01,Norte,PA,Santarém,195881,6157,43.73,341.75,88517228.43,17,27.5,Alta
2016,4,2016-04-01,Norte,RO,Porto Velho,56471,66946,54.51,753.13,116491148.53,8,25.7,Baixa
2016,4,2016-04-01,Norte,TO,Palmas,19173,79467,53.76,291.28,59736750.15,15,26.7,Média
2016,4,2016-04-01,Nordeste,BA,Salvador,47362,69907,73.9,700.8,58034342.47,5,35.1,Alta
2016,4,2016-04-01,Nordeste,BA,Feira de Santana,274639,76740,62.62,291.41,96403568.67,10,28.8,Média
2016,4,2016-04-01,Nordeste,PE,Recife,283389,12278,69.02,1056.93,18316002.32,11,21.9,Alta
2016,4,2016-04-01,Nordeste,PE,Jaboatão dos Guararapes,48617,29835,74.52,502.35,142654407.36,5,30.2,Média
2016,4,2016-04-01,Nordeste,CE,Fortaleza,20912,32155,65.63,799.76,110189032.77,9,21.2,Alta
2016,4,2016-04-01,Nordeste,CE,Juazeiro do Norte,19345,64027,77.89,631.25,30960715.87,14,20.5,Baixa
2016,4,2016-04-01,Nordeste,MA,São Luís,14124,25841,69.26,177.41,129568847.16,16,19.8,Média
2016,4,2016-04-01,Nordeste,PB,João Pessoa,422969,53540,48.71,650.0,173374215.67,12,21.6,Média
2016,4,2016-04-01,Centro-Oeste,DF,Brasília,401949,67584,88.87,205.16,186330857.09,7,28.0,Baixa
2016,4,2016-04-01,Centro-Oeste,GO,Goiânia,233320,19957,52.35,1068.16,96738598.15,12,22.3,Alta
2016,4,2016-04-01,Centro-Oeste,GO,Aparecida de Goiânia,279794,20831,73.38,797.27,96350742.68,10,22.4,Baixa
2016,4,2016-04-01,Centro-Oeste,MT,Cuiabá,461502,66491,59.56,304.28,97350106.67,10,31.3,Baixa
2016,4,2016-04-01,Centro-Oeste,MS,Campo Grande,141876,21836,41.24,405.09,38561119.75,11,21.3,Baixa
2016,4,2016-04-01,Sudeste,SP,São Paulo,137450,77098,80.21,467.33,145548730.33,15,30.6,Alta
2016,4,2016-04-01,Sudeste,SP,Campinas,205061,63222,65.24,1123.2,166595927.88,6,27.8,Média
2016,4,2016-04-01,Sudeste,SP,Ribeirão Preto,18032,65456,68.29,517.14,67225736.1,14,32.4,Alta
2016,4,2016-04-01,Sudeste,RJ,Rio de Janeiro,132969,78061,48.03,821.77,30080844.53,8,33.2,Baixa
2016,4,2016-04-01,Sudeste,RJ,Niterói,218789,12915,32.87,789.82,139237888.24,11,32.2,Média
2016,4,2016-04-01,Sudeste,RJ,Nova Iguaçu,406810,69359,42.43,563.46,190410899.63,5,29.8,Baixa
2016,4,2016-04-01,Sudeste,RJ,Petrópolis,221926,34917,78.54,458.78,173027617.57,10,26.9,Alta
2016,4,2016-04-01,Sudeste,MG,Belo Horizonte,100479,26132,69.94,949.27,156082449.15,6,27.9,Baixa
2016,4,2016-04-01,Sudeste,MG,Uberlândia,308193,1820,93.8,799.46,193650968.7,11,28.9,Média
2016,4,2016-04-01,Sudeste,MG,Juiz de Fora,76937,2392,64.89,1178.89,124226876.44,9,28.4,Alta
2016,4,2016-04-01,Sudeste,ES,Vitória,280590,25511,39.04,457.55,199634399.91,18,19.2,Média
2016,4,2016-04-01,Sudeste,ES,Vila Velha,379817,12691,66.96,496.99,65444060.8,14,22.3,Alta
2016,4,2016-04-01,Sudeste,ES,Serra,353002,35002,78.6,876.63,1552297.32,9,22.3,Baixa
2016,4,2016-04-01,Sul,PR,Curitiba,224273,20585,34.51,666.07,56066738.67,2,25.9,Baixa
2016,4,2016-04-01,Sul,PR,Londrina,356300,3662,59.0,287.02,71671084.57,12,23.2,Média
2016,4,2016-04-01,Sul,SC,Florianópolis,40740,5708,61.3,918.14,114797156.6,10,30.2,Média
2016,4,2016-04-01,Sul,SC,Joinville,141653,4069,91.2,756.11,7671723.42,12,24.9,Alta
2016,4,2016-04-01,Sul,RS,Porto Alegre,194098,63682,59.04,702.75,38296523.44,12,27.1,Média
2016,4,2016-04-01,Sul,RS,Caxias do Sul,231746,53590,39.67,652.23,112976971.32,17,22.2,Média
2016,5,2016-05-01,Norte,AM,Manaus,36478,24643,61.28,409.06,54848128.72,10,19.0,Alta
2016,5,2016-05-01,Norte,PA,Belém,263270,77809,48.97,269.73,98258978.59,7,20.7,Média
2016,5,2016-05-01,Norte,PA,Santarém,393970,15871,61.55,1125.95,39806461.85,8,23.8,Baixa
2016,5,2016-05-01,Norte,RO,Porto Velho,118666,72868,94.81,639.55,94430858.37,5,18.2,Alta
2016,5,2016-05-01,Norte,TO,Palmas,36700,28318,47.55,636.55,157066207.37,9,20.7,Baixa
2016,5,2016-05-01,Nordeste,BA,Salvador,390736,43072,29.79,372.01,102379720.75,9,28.9,Baixa
2016,5,2016-05-01,Nordeste,BA,Feira de Santana,324751,51086,56.96,1004.83,169712554.25,12,21.0,Média
2016,5,2016-05-01,Nordeste,PE,Recife,478959,19552,52.05,523.29,191916947.87,11,27.5,Média
2016,5,2016-05-01,Nordeste,PE,Jaboatão dos Guararapes,313940,14192,55.09,495.44,28912670.07,15,25.2,Média
2016,5,2016-05-01,Nordeste,CE,Fortaleza,280656,35608,34.89,304.75,75327866.77,4,25.4,Média
2016,5,2016-05-01,Nordeste,CE,Juazeiro do Norte,40326,11837,68.08,1121.78,5152885.52,9,28.1,Baixa
2016,5,2016-05-01,Nordeste,MA,São Luís,89710,46278,51.95,663.64,118906454.52,12,23.3,Baixa
2016,5,2016-05-01,Nordeste,PB,João Pessoa,126043,47250,59.19,321.83,44912148.66,17,27.6,Alta
2016,5,2016-05-01,Centro-Oeste,DF,Brasília,229348,60300,92.96,231.1,126309165.63,11,22.0,Média
2016,5,2016-05-01,Centro-Oeste,GO,Goiânia,278466,62883,59.09,781.25,153427028.59,9,29.3,Média
2016,5,2016-05-01,Centro-Oeste,GO,Aparecida de Goiânia,162042,11312,62.22,531.17,117841681.55,11,18.2,Alta
2016,5,2016-05-01,Centro-Oeste,MT,Cuiabá,31656,59475,52.58,549.83,193556066.77,7,22.4,Baixa
2016,5,2016-05-01,Centro-Oeste,MS,Campo Grande,195196,35998,80.2,1185.24,30119437.34,8,23.0,Baixa
2016,5,2016-05-01,Sudeste,SP,São Paulo,290516,63026,79.48,352.04,97587829.69,7,23.1,Baixa
2016,5,2016-05-01,Sudeste,SP,Campinas,414791,43074,84.07,561.47,158626100.15,11,27.8,Baixa
2016,5,2016-05-01,Sudeste,SP,Ribeirão Preto,150227,41000,26.56,1127.31,53510857.6,11,27.6,Alta
2016,5,2016-05-01,Sudeste,RJ,Rio de Janeiro,151363,51880,71.08,226.86,82846830.51,12,12.9,Média
2016,5,2016-05-01,Sudeste,RJ,Niterói,263141,34920,47.1,1040.82,3354054.96,14,25.0,Baixa
2016,5,2016-05-01,Sudeste,RJ,Nova Iguaçu,200142,35440,60.99,950.56,35142141.72,8,22.0,Baixa
2016,5,2016-05-01,Sudeste,RJ,Petrópolis,480737,17181,66.36,747.52,114803390.99,11,19.6,Média
2016,5,2016-05-01,Sudeste,MG,Belo Horizonte,308399,50441,62.57,944.73,143549639.94,9,33.1,Baixa
2016,5,2016-05-01,Sudeste,MG,Uberlândia,103890,21694,30.12,260.84,23395135.42,12,16.9,Alta
2016,5,2016-05-01,Sudeste,MG,Juiz de Fora,479601,40292,87.25,1080.02,195102346.02,11,27.6,Média
2016,5,2016-05-01,Sudeste,ES,Vitória,19915,66945,67.4,161.21,39787491.53,6,23.4,Média
2016,5,2016-05-01,Sudeste,ES,Vila Velha,403017,68464,26.37,526.26,75445981.52,12,20.6,Média
2016,5,2016-05-01,Sudeste,ES,Serra,356296,23664,63.87,496.6,61121008.21,13,20.9,Baixa
2016,5,2016-05-01,Sul,PR,Curitiba,383298,49073,69.05,1196.25,31346550.86,12,25.5,Alta
2016,5,2016-05-01,Sul,PR,Londrina,174638,18220,31.27,490.55,148964100.0,17,24.4,Baixa
2016,5,2016-05-01,Sul,SC,Florianópolis,361001,1607,65.79,958.4,14797017.63,13,22.2,Alta
2016,5,2016-05-01,Sul,SC,Joinville,341159,72688,89.01,1092.1,122944959.02,11,25.6,Alta
2016,5,2016-05-01,Sul,RS,Porto Alegre,244791,68239,93.04,1140.34,74560060.44,9,24.6,Alta
2016,5,2016-05-01,Sul,RS,Caxias do Sul,464249,11929,26.28,355.25,122182285.7,13,24.0,Alta
2016,6,2016-06-01,Norte,AM,Manaus,91807,1769,36.54,190.57,110777172.12,13,27.2,Média
2016,6,2016-06-01,Norte,PA,Belém,17474,17872,73.24,319.42,157645431.84,9,25.3,Baixa
2016,6,2016-06-01,Norte,PA,Santarém,187243,51958,39.37,1153.71,90363908.43,10,24.6,Baixa
2016,6,2016-06-01,Norte,RO,Porto Velho,473903,4217,88.82,1085.7,60665660.83,8,27.9,Baixa
2016,6,2016-06-01,Norte,TO,Palmas,458441,62922,77.04,1160.57,107329748.05,12,22.9,Baixa
2016,6,2016-06-01,Nordeste,BA,Salvador,377909,12209,65.98,718.28,21691934.58,5,24.4,Baixa
2016,6,2016-06-01,Nordeste,BA,Feira de Santana,128579,36878,88.54,464.78,160288712.94,10,29.4,Alta
2016,6,2016-06-01,Nordeste,PE,Recife,487375,56579,41.55,540.5,121462039.68,10,26.7,Alta
2016,6,2016-06-01,Nordeste,PE,Jaboatão dos Guararapes,462872,2495,87.1,909.37,33350598.74,13,22.1,Média
2016,6,2016-06-01,Nordeste,CE,Fortaleza,268407,45741,85.99,884.42,146384461.29,12,26.7,Média
2016,6,2016-06-01,Nordeste,CE,Juazeiro do Norte,406598,26293,28.38,1161.58,27241045.49,8,29.4,Baixa
2016,6,2016-06-01,Nordeste,MA,São Luís,441249,17104,29.57,337.81,45002952.0,6,17.9,Baixa
2016,6,2016-06-01,Nordeste,PB,João Pessoa,408632,20333,93.81,174.25,40645192.93,11,27.8,Alta
2016,6,2016-06-01,Centro-Oeste,DF,Brasília,415876,77805,44.68,878.93,112247544.36,11,28.1,Baixa
2016,6,2016-06-01,Centro-Oeste,GO,Goiânia,229034,54387,44.14,281.07,185294141.5,9,29.3,Baixa
2016,6,2016-06-01,Centro-Oeste,GO,Aparecida de Goiânia,74432,14292,56.05,172.53,72400047.98,13,18.4,Alta
2016,6,2016-06-01,Centro-Oeste,MT,Cuiabá,41974,59348,68.72,720.5,119721765.52,8,16.6,Alta
2016,6,2016-06-01,Centro-Oeste,MS,Campo Grande,205266,37862,48.83,771.28,83542957.7,9,23.2,Média
2016,6,2016-06-01,Sudeste,SP,São Paulo,445729,53547,59.92,805.49,151884909.69,7,26.5,Baixa
2016,6,2016-06-01,Sudeste,SP,Campinas,426136,39607,88.73,451.27,8734549.75,7,25.7,Alta
2016,6,2016-06-01,Sudeste,SP,Ribeirão Preto,443431,79771,27.35,458.51,42104736.9,8,18.6,Alta
2016,6,2016-06-01,Sudeste,RJ,Rio de Janeiro,396459,22112,79.62,1129.76,118029965.6,7,23.5,Baixa
2016,6,2016-06-01,Sudeste,RJ,Niterói,55781,18969,85.01,915.98,83435901.32,4,24.9,Baixa
2016,6,2016-06-01,Sudeste,RJ,Nova Iguaçu,366370,43729,25.32,314.23,135726732.18,6,23.3,Alta
2016,6,2016-06-01,Sudeste,RJ,Petrópolis,327343,69652,43.11,1035.61,94878658.51,11,23.7,Baixa
2016,6,2016-06-01,Sudeste,MG,Belo Horizonte,260193,37306,82.72,908.94,59865487.64,11,27.4,Alta
2016,6,2016-06-01,Sudeste,MG,Uberlândia,316117,75420,29.72,795.72,179683843.25,10,22.4,Baixa
2016,6,2016-06-01,Sudeste,MG,Juiz de Fora,275591,16901,68.97,954.51,58009268.51,12,21.0,Alta
2016,6,2016-06-01,Sudeste,ES,Vitória,187473,42500,66.92,160.39,126095703.66,10,25.6,Alta
2016,6,2016-06-01,Sudeste,ES,Vila Velha,428306,47529,31.2,427.87,161706673.21,12,31.7,Baixa
2016,6,2016-06-01,Sudeste,ES,Serra,241356,23953,63.09,795.92,101650175.87,3,26.5,Média
2016,6,2016-06-01,Sul,PR,Curitiba,273938,21462,77.33,655.02,4881630.43,10,28.5,Alta
2016,6,2016-06-01,Sul,PR,Londrina,29350,22699,86.98,261.92,114762724.32,14,20.8,Média
2016,6,2016-06-01,Sul,SC,Florianópolis,223077,13365,37.74,791.51,191070367.24,10,26.5,Alta
2016,6,2016-06-01,Sul,SC,Joinville,210034,74792,47.67,1132.37,54766388.58,8,23.7,Média
2016,6,2016-06-01,Sul,RS,Porto Alegre,435845,58076,31.51,1053.06,42620171.3,6,32.0,Média
2016,6,2016-06-01,Sul,RS,Caxias do Sul,166502,38145,87.25,939.28,193132187.98,9,24.0,Baixa
2016,7,2016-07-01,Norte,AM,Manaus,119723,7434,81.1,1162.14,154561958.13,8,26.3,Baixa
2016,7,2016-07-01,Norte,PA,Belém,32289,79166,84.65,174.19,80812817.77,11,24.6,Média
2016,7,2016-07-01,Norte,PA,Santarém,406852,56213,78.09,964.84,150627714.86,10,28.8,Baixa
2016,7,2016-07-01,Norte,RO,Porto Velho,447066,1104,63.91,435.32,61361125.88,9,22.4,Alta
2016,7,2016-07-01,Norte,TO,Palmas,225310,28579,49.69,1011.82,108813920.06,4,23.1,Alta
2016,7,2016-07-01,Nordeste,BA,Salvador,341778,67258,32.8,1126.1,80788773.45,14,24.5,Baixa
2016,7,2016-07-01,Nordeste,BA,Feira de Santana,193361,11334,63.52,803.53,63617560.23,11,20.5,Média
2016,7,2016-07-01,Nordeste,PE,Recife,290173,15092,41.91,485.61,104772912.58,9,25.2,Alta
2016,7,2016-07-01,Nordeste,PE,Jaboatão dos Guararapes,315798,18489,32.95,650.15,71580522.49,13,27.9,Baixa
2016,7,2016-07-01,Nordeste,CE,Fortaleza,23443,48141,30.48,1041.06,150184276.3,6,23.4,Baixa
2016,7,2016-07-01,Nordeste,CE,Juazeiro do Norte,377528,13479,78.55,849.4,122982813.73,7,17.9,Baixa
2016,7,2016-07-01,Nordeste,MA,São Luís,104478,24472,88.33,365.68,17162363.85,11,26.0,Baixa
2016,7,2016-07-01,Nordeste,PB,João Pessoa,211809,72686,83.51,800.73,120246037.15,13,16.2,Média
2016,7,2016-07-01,Centro-Oeste,DF,Brasília,496101,43270,74.92,929.92,118575093.35,15,17.8,Baixa
2016,7,2016-07-01,Centro-Oeste,GO,Goiânia,283341,21040,82.5,1170.33,94352739.68,9,20.3,Alta
2016,7,2016-07-01,Centro-Oeste,GO,Aparecida de Goiânia,490555,25480,25.77,214.06,60766744.41,10,21.1,Baixa
2016,7,2016-07-01,Centro-Oeste,MT,Cuiabá,471102,39211,93.16,262.91,152563096.38,10,27.0,Baixa
2016,7,2016-07-01,Centro-Oeste,MS,Campo Grande,80754,18432,67.73,789.01,151148920.24,12,21.4,Média
2016,7,2016-07-01,Sudeste,SP,São Paulo,226585,56133,86.86,1188.67,165120474.72,9,26.2,Alta
2016,7,2016-07-01,Sudeste,SP,Campinas,427437,74755,78.09,526.16,164507069.47,9,23.0,Média
2016,7,2016-07-01,Sudeste,SP,Ribeirão Preto,286840,49639,92.77,851.59,67321467.27,7,18.9,Alta
2016,7,2016-07-01,Sudeste,RJ,Rio de Janeiro,119830,50755,28.56,497.25,144375085.97,12,20.7,Média
2016,7,2016-07-01,Sudeste,RJ,Niterói,273435,12492,79.47,397.19,149125636.99,7,30.6,Baixa
2016,7,2016-07-01,Sudeste,RJ,Nova Iguaçu,384206,69430,29.41,511.44,48236392.06,10,25.3,Média
2016,7,2016-07-01,Sudeste,RJ,Petrópolis,127827,41390,90.51,778.3,83202574.8,10,25.3,Média
2016,7,2016-07-01,Sudeste,MG,Belo Horizonte,41385,48327,50.79,200.64,1838524.86,16,21.4,Alta
2016,7,2016-07-01,Sudeste,MG,Uberlândia,41610,25168,39.89,1123.58,19071518.11,7,22.4,Alta
2016,7,2016-07-01,Sudeste,MG,Juiz de Fora,78436,51835,35.53,906.57,3416106.16,14,23.0,Baixa
2016,7,2016-07-01,Sudeste,ES,Vitória,421324,61882,40.72,357.58,131394732.51,15,21.6,Baixa
2016,7,2016-07-01,Sudeste,ES,Vila Velha,310515,58714,74.61,217.74,124015023.35,14,23.2,Alta
2016,7,2016-07-01,Sudeste,ES,Serra,239103,29838,85.2,183.3,46164126.5,12,26.6,Baixa
2016,7,2016-07-01,Sul,PR,Curitiba,368262,50163,71.26,1191.52,127170502.12,9,24.1,Média
2016,7,2016-07-01,Sul,PR,Londrina,71342,34910,34.26,794.58,61732155.57,11,17.9,Baixa
2016,7,2016-07-01,Sul,SC,Florianópolis,163163,56380,72.19,841.85,159109008.39,13,24.6,Média
2016,7,2016-07-01,Sul,SC,Joinville,153008,38691,89.31,164.54,175824246.72,13,21.9,Alta
2016,7,2016-07-01,Sul,RS,Porto Alegre,176481,60837,63.51,1136.07,61219552.14,7,24.8,Alta
2016,7,2016-07-01,Sul,RS,Caxias do Sul,468157,54422,80.43,338.52,135552988.8,13,29.8,Alta
2016,8,2016-08-01,Norte,AM,Manaus,302406,76510,30.88,1163.21,31841982.47,4,24.1,Média
2016,8,2016-08-01,Norte,PA,Belém,453170,37376,51.48,230.64,186636044.24,10,30.1,Média
2016,8,2016-08-01,Norte,PA,Santarém,145070,76350,30.02,473.66,73922922.15,9,28.9,Baixa
2016,8,2016-08-01,Norte,RO,Porto Velho,167520,34323,85.55,1010.24,156773470.11,10,23.8,Alta
2016,8,2016-08-01,Norte,TO,Palmas,432724,66598,52.23,172.54,110596389.69,10,31.2,Média
2016,8,2016-08-01,Nordeste,BA,Salvador,217453,2312,63.51,647.35,58378101.13,7,31.4,Média
2016,8,2016-08-01,Nordeste,BA,Feira de Santana,71853,60397,84.56,290.84,133182875.56,13,19.6,Baixa
2016,8,2016-08-01,Nordeste,PE,Recife,251754,29182,50.94,393.06,111969747.99,7,24.3,Média
2016,8,2016-08-01,Nordeste,PE,Jaboatão dos Guararapes,196366,62608,60.94,287.16,96417024.85,6,27.7,Alta
2016,8,2016-08-01,Nordeste,CE,Fortaleza,373165,36407,44.39,537.9,162523684.75,9,31.1,Média
2016,8,2016-08-01,Nordeste,CE,Juazeiro do Norte,409968,23565,43.56,648.43,189611732.82,7,30.1,Baixa
2016,8,2016-08-01,Nordeste,MA,São Luís,54591,20352,37.33,996.93,101015592.75,14,24.8,Alta
2016,8,2016-08-01,Nordeste,PB,João Pessoa,111642,64933,44.04,293.58,25366131.96,6,23.5,Alta
2016,8,2016-08-01,Centro-Oeste,DF,Brasília,304225,3618,42.96,649.92,64588877.1,11,14.9,Média
2016,8,2016-08-01,Centro-Oeste,GO,Goiânia,138079,66050,67.96,543.58,163442458.66,9,20.8,Alta
2016,8,2016-08-01,Centro-Oeste,GO,Aparecida de Goiânia,344632,2742,53.93,445.87,134031315.22,10,25.8,Média
2016,8,2016-08-01,Centro-Oeste,MT,Cuiabá,61518,22167,61.26,775.3,92498386.48,8,16.4,Baixa
2016,8,2016-08-01,Centro-Oeste,MS,Campo Grande,328962,77382,30.15,798.21,94870687.31,12,22.5,Alta
2016,8,2016-08-01,Sudeste,SP,São Paulo,110850,4501,75.47,1047.32,31428831.68,7,20.7,Média
2016,8,2016-08-01,Sudeste,SP,Campinas,140042,68363,77.19,314.49,3024843.49,15,19.1,Alta
2016,8,2016-08-01,Sudeste,SP,Ribeirão Preto,93694,25014,92.87,631.44,52234466.02,12,20.9,Baixa
2016,8,2016-08-01,Sudeste,RJ,Rio de Janeiro,243419,66806,49.98,921.14,168187061.06,8,24.4,Alta
2016,8,2016-08-01,Sudeste,RJ,Niterói,78978,21639,63.35,1006.04,86099964.23,20,23.9,Baixa
2016,8,2016-08-01,Sudeste,RJ,Nova Iguaçu,220324,29444,53.27,853.99,100407206.75,7,26.2,Alta
2016,8,2016-08-01,Sudeste,RJ,Petrópolis,253755,5686,80.98,724.59,121323423.48,8,28.4,Baixa
2016,8,2016-08-01,Sudeste,MG,Belo Horizonte,92361,48801,41.94,849.59,199776015.1,11,31.0,Média
2016,8,2016-08-01,Sudeste,MG,Uberlândia,335485,22275,27.02,228.3,159008962.96,7,23.2,Média
2016,8,2016-08-01,Sudeste,MG,Juiz de Fora,394350,48539,63.71,1189.5,128929205.41,7,23.5,Média
2016,8,2016-08-01,Sudeste,ES,Vitória,127899,36826,43.38,1096.27,30808848.6,7,28.3,Alta
2016,8,2016-08-01,Sudeste,ES,Vila Velha,101403,20475,26.06,540.55,55846518.37,10,27.7,Alta
2016,8,2016-08-01,Sudeste,ES,Serra,215108,1193,28.73,1006.57,170480010.64,13,25.5,Baixa
2016,8,2016-08-01,Sul,PR,Curitiba,229810,79802,58.87,648.67,83364946.13,12,23.5,Alta
2016,8,2016-08-01,Sul,PR,Londrina,347333,23507,48.73,967.03,14200241.85,8,22.4,Média
2016,8,2016-08-01,Sul,SC,Florianópolis,128004,5747,61.05,685.72,178599775.43,11,21.2,Média
2016,8,2016-08-01,Sul,SC,Joinville,337737,23335,65.4,561.53,179062245.76,8,20.7,Baixa
2016,8,2016-08-01,Sul,RS,Porto Alegre,295236,57670,33.9,1016.8,90215241.22,8,33.0,Média
2016,8,2016-08-01,Sul,RS,Caxias do Sul,283889,47380,56.83,366.12,40608382.8,10,20.9,Média
2016,9,2016-09-01,Norte,AM,Manaus,474059,53159,48.71,358.22,31478031.8,9,29.9,Baixa
2016,9,2016-09-01,Norte,PA,Belém,67870,39401,66.91,676.58,152773400.03,8,25.8,Alta
2016,9,2016-09-01,Norte,PA,Santarém,256459,59758,75.99,1133.12,81821996.93,11,26.8,Alta
2016,9,2016-09-01,Norte,RO,Porto Velho,497988,44049,45.23,1170.96,60667922.29,8,20.2,Média
2016,9,2016-09-01,Norte,TO,Palmas,412618,71264,52.17,969.22,129022465.9,9,29.5,Baixa
2016,9,2016-09-01,Nordeste,BA,Salvador,160951,34414,33.42,248.21,15585342.55,12,22.0,Baixa
2016,9,2016-09-01,Nordeste,BA,Feira de Santana,196933,17001,66.02,959.03,94777173.03,6,17.8,Média
2016,9,2016-09-01,Nordeste,PE,Recife,498382,51236,60.58,304.87,25914016.93,8,23.6,Média
2016,9,2016-09-01,Nordeste,PE,Jaboatão dos Guararapes,435255,37979,84.37,616.98,118203683.8,5,26.5,Média
2016,9,2016-09-01,Nordeste,CE,Fortaleza,389150,31261,49.85,461.5,38031150.02,7,28.8,Média
2016,9,2016-09-01,Nordeste,CE,Juazeiro do Norte,268445,78160,61.91,709.05,94820249.61,3,28.9,Baixa
2016,9,2016-09-01,Nordeste,MA,São Luís,404481,25009,41.71,258.72,177261771.32,9,19.8,Média
2016,9,2016-09-01,Nordeste,PB,João Pessoa,188253,29203,69.22,1070.64,35224561.83,13,23.4,Média
2016,9,2016-09-01,Centro-Oeste,DF,Brasília,233383,36979,54.69,254.58,49031160.34,3,29.2,Média
2016,9,2016-09-01,Centro-Oeste,GO,Goiânia,395050,5658,72.31,310.87,190345562.21,6,18.6,Baixa
2016,9,2016-09-01,Centro-Oeste,GO,Aparecida de Goiânia,333265,8240,94.96,872.47,127935681.28,13,26.8,Média
2016,9,2016-09-01,Centro-Oeste,MT,Cuiabá,388879,39903,76.16,156.98,34045129.7,7,21.7,Média
2016,9,2016-09-01,Centro-Oeste,MS,Campo Grande,237716,8334,61.09,1052.16,23760275.86,16,21.5,Alta
2016,9,2016-09-01,Sudeste,SP,São Paulo,148820,38325,49.46,1149.27,8182394.63,10,24.3,Média
2016,9,2016-09-01,Sudeste,SP,Campinas,47593,78638,94.43,704.88,72959815.6,10,23.1,Alta
2016,9,2016-09-01,Sudeste,SP,Ribeirão Preto,365368,60175,52.86,1061.37,148495985.06,12,32.1,Baixa
2016,9,2016-09-01,Sudeste,RJ,Rio de Janeiro,484586,21288,38.33,419.04,172215159.03,11,25.5,Média
2016,9,2016-09-01,Sudeste,RJ,Niterói,413003,74237,52.92,941.33,157026863.54,6,26.3,Baixa
2016,9,2016-09-01,Sudeste,RJ,Nova Iguaçu,188800,55129,72.8,1131.42,161393372.82,11,21.6,Média
2016,9,2016-09-01,Sudeste,RJ,Petrópolis,130061,46538,36.01,1156.38,54118767.76,16,22.7,Alta
2016,9,2016-09-01,Sudeste,MG,Belo Horizonte,233141,31917,85.82,1122.69,65490062.58,8,29.1,Alta
2016,9,2016-09-01,Sudeste,MG,Uberlândia,369889,24885,94.56,193.7,137672623.51,11,22.8,Baixa
2016,9,2016-09-01,Sudeste,MG,Juiz de Fora,194609,71311,42.84,813.93,129509093.66,12,29.1,Média
2016,9,2016-09-01,Sudeste,ES,Vitória,321012,36757,41.5,921.47,182539710.81,13,24.0,Alta
2016,9,2016-09-01,Sudeste,ES,Vila Velha,490910,30920,71.28,532.68,46400933.07,10,26.4,Baixa
2016,9,2016-09-01,Sudeste,ES,Serra,169059,73804,25.84,612.98,44307034.52,10,27.7,Média
2016,9,2016-09-01,Sul,PR,Curitiba,394272,75745,52.07,1145.07,24285996.45,12,27.2,Baixa
2016,9,2016-09-01,Sul,PR,Londrina,287877,16004,41.14,673.13,93260280.19,13,28.3,Baixa
2016,9,2016-09-01,Sul,SC,Florianópolis,226747,12366,27.98,1195.78,195970881.43,13,27.8,Baixa
2016,9,2016-09-01,Sul,SC,Joinville,121645,37856,69.33,205.21,132429748.37,14,23.2,Baixa
2016,9,2016-09-01,Sul,RS,Porto Alegre,38623,53142,26.55,537.38,126011276.57,10,21.8,Média
2016,9,2016-09-01,Sul,RS,Caxias do Sul,368121,25282,31.68,1188.94,119214408.23,12,28.2,Alta
2016,10,2016-10-01,Norte,AM,Manaus,372862,23426,67.36,777.11,32025572.47,12,23.1,Baixa
2016,10,2016-10-01,Norte,PA,Belém,477429,11491,62.06,765.01,50574500.52,9,27.7,Média
2016,10,2016-10-01,Norte,PA,Santarém,338079,44492,30.18,837.2,61284577.18,11,26.1,Média
2016,10,2016-10-01,Norte,RO,Porto Velho,57982,13301,43.46,238.75,192653215.19,8,25.5,Média
2016,10,2016-10-01,Norte,TO,Palmas,56259,15796,75.45,1063.48,194172840.79,8,33.4,Baixa
2016,10,2016-10-01,Nordeste,BA,Salvador,463759,10634,87.43,940.98,123640525.59,13,35.2,Baixa
2016,10,2016-10-01,Nordeste,BA,Feira de Santana,180551,6235,40.46,477.74,65032625.29,8,22.1,Baixa
2016,10,2016-10-01,Nordeste,PE,Recife,103607,33843,73.54,407.82,137737046.04,10,24.1,Alta
2016,10,2016-10-01,Nordeste,PE,Jaboatão dos Guararapes,177539,45351,51.46,372.09,47417318.17,10,25.5,Alta
2016,10,2016-10-01,Nordeste,CE,Fortaleza,118402,24147,93.79,987.33,194353879.84,13,27.3,Média
2016,10,2016-10-01,Nordeste,CE,Juazeiro do Norte,230700,47483,35.83,280.49,162646399.81,12,32.0,Média
2016,10,2016-10-01,Nordeste,MA,São Luís,404877,8185,54.15,579.34,18574395.22,13,28.5,Baixa
2016,10,2016-10-01,Nordeste,PB,João Pessoa,492014,38917,81.5,568.51,188143321.15,12,24.5,Média
2016,10,2016-10-01,Centro-Oeste,DF,Brasília,427815,51697,93.81,270.15,143757327.35,7,29.6,Baixa
2016,10,2016-10-01,Centro-Oeste,GO,Goiânia,462883,30749,71.26,814.68,28623904.11,8,29.8,Baixa
2016,10,2016-10-01,Centro-Oeste,GO,Aparecida de Goiânia,187617,32224,68.62,325.58,164192039.98,11,24.6,Média
2016,10,2016-10-01,Centro-Oeste,MT,Cuiabá,324626,22815,76.62,316.86,178540685.86,9,19.5,Baixa
2016,10,2016-10-01,Centro-Oeste,MS,Campo Grande,293014,29635,30.1,437.98,167698604.2,5,18.8,Baixa
2016,10,2016-10-01,Sudeste,SP,São Paulo,361419,40199,36.55,789.68,9586674.95,11,28.7,Média
2016,10,2016-10-01,Sudeste,SP,Campinas,494886,42890,47.7,530.34,50872777.27,10,30.7,Média
2016,10,2016-10-01,Sudeste,SP,Ribeirão Preto,271473,4079,30.98,1154.93,3061467.23,9,26.9,Baixa
2016,10,2016-10-01,Sudeste,RJ,Rio de Janeiro,487575,59020,62.69,227.84,35088646.91,10,27.8,Baixa
2016,10,2016-10-01,Sudeste,RJ,Niterói,16251,2638,44.73,1041.9,189909868.69,9,23.1,Alta
2016,10,2016-10-01,Sudeste,RJ,Nova Iguaçu,125986,61041,27.72,571.55,12196414.2,6,24.7,Média
2016,10,2016-10-01,Sudeste,RJ,Petrópolis,200650,75131,88.77,378.19,85091485.18,5,25.4,Alta
2016,10,2016-10-01,Sudeste,MG,Belo Horizonte,318986,73278,91.37,1164.79,124095407.44,5,26.8,Baixa
2016,10,2016-10-01,Sudeste,MG,Uberlândia,171640,63979,82.26,160.21,5205064.57,7,23.9,Alta
2016,10,2016-10-01,Sudeste,MG,Juiz de Fora,136116,45339,58.03,697.49,153973196.38,12,20.9,Baixa
2016,10,2016-10-01,Sudeste,ES,Vitória,357725,32720,89.37,300.8,74254519.47,5,22.0,Baixa
2016,10,2016-10-01,Sudeste,ES,Vila Velha,393804,20461,71.48,691.14,151103276.77,9,37.4,Baixa
2016,10,2016-10-01,Sudeste,ES,Serra,198577,63457,80.27,587.09,103770650.89,8,30.5,Média
2016,10,2016-10-01,Sul,PR,Curitiba,226930,79732,34.95,491.73,44925710.9,10,16.7,Alta
2016,10,2016-10-01,Sul,PR,Londrina,48583,4354,25.41,878.82,27628875.85,12,35.8,Média
2016,10,2016-10-01,Sul,SC,Florianópolis,196872,53566,30.83,216.97,2188493.73,13,23.7,Baixa
2016,10,2016-10-01,Sul,SC,Joinville,430052,46957,78.95,267.14,109357877.71,9,20.3,Média
2016,10,2016-10-01,Sul,RS,Porto Alegre,221134,27598,30.16,771.62,25513311.8,10,25.9,Média
2016,10,2016-10-01,Sul,RS,Caxias do Sul,253955,59295,93.06,967.98,15176642.82,10,23.0,Média
2016,11,2016-11-01,Norte,AM,Manaus,184296,58021,64.98,168.38,38268822.46,14,29.9,Baixa
2016,11,2016-11-01,Norte,PA,Belém,37458,26169,72.72,631.79,176191646.26,13,28.5,Média
2016,11,2016-11-01,Norte,PA,Santarém,274465,18603,75.99,776.89,191590620.28,10,20.7,Baixa
2016,11,2016-11-01,Norte,RO,Porto Velho,432096,17081,88.2,173.47,40063221.19,8,21.2,Alta
2016,11,2016-11-01,Norte,TO,Palmas,492083,17703,55.19,1147.6,183675477.27,15,24.5,Alta
2016,11,2016-11-01,Nordeste,BA,Salvador,375019,52574,70.36,568.76,99077029.01,18,21.9,Média
2016,11,2016-11-01,Nordeste,BA,Feira de Santana,268942,37676,84.13,766.28,42539550.15,19,25.0,Alta
2016,11,2016-11-01,Nordeste,PE,Recife,172227,3310,60.66,388.0,28620978.45,6,22.5,Média
2016,11,2016-11-01,Nordeste,PE,Jaboatão dos Guararapes,42424,36736,77.92,755.58,132279666.31,11,27.5,Média
2016,11,2016-11-01,Nordeste,CE,Fortaleza,355489,34991,69.46,283.2,107275568.32,12,23.6,Média
2016,11,2016-11-01,Nordeste,CE,Juazeiro do Norte,221634,69422,51.75,1043.8,92112746.44,9,23.3,Alta
2016,11,2016-11-01,Nordeste,MA,São Luís,310804,76756,60.72,967.12,69660273.43,10,23.7,Média
2016,11,2016-11-01,Nordeste,PB,João Pessoa,76143,35245,72.32,937.45,115002140.99,10,29.9,Média
2016,11,2016-11-01,Centro-Oeste,DF,Brasília,183146,32654,49.17,881.64,159968921.3,8,20.5,Média
2016,11,2016-11-01,Centro-Oeste,GO,Goiânia,70108,11787,86.66,426.74,96373351.72,13,23.8,Baixa
2016,11,2016-11-01,Centro-Oeste,GO,Aparecida de Goiânia,231180,11432,50.26,406.33,65455463.04,7,19.0,Baixa
2016,11,2016-11-01,Centro-Oeste,MT,Cuiabá,245774,2392,94.69,274.43,98537021.01,8,20.4,Alta
2016,11,2016-11-01,Centro-Oeste,MS,Campo Grande,46254,16750,76.15,250.41,185817885.88,7,26.3,Baixa
2016,11,2016-11-01,Sudeste,SP,São Paulo,424542,79946,66.43,269.52,170952912.6,14,26.7,Baixa
2016,11,2016-11-01,Sudeste,SP,Campinas,62992,55388,25.83,772.47,122878966.82,15,23.2,Baixa
2016,11,2016-11-01,Sudeste,SP,Ribeirão Preto,12463,4381,43.64,160.84,188123103.53,13,27.7,Média
2016,11,2016-11-01,Sudeste,RJ,Rio de Janeiro,466392,9082,35.42,1174.17,162458452.34,5,20.2,Média
2016,11,2016-11-01,Sudeste,RJ,Niterói,300187,77578,35.29,305.75,148039129.94,12,21.3,Alta
2016,11,2016-11-01,Sudeste,RJ,Nova Iguaçu,300633,59750,50.25,1130.58,28678194.69,14,24.0,Alta
2016,11,2016-11-01,Sudeste,RJ,Petrópolis,259349,46530,61.22,395.43,133374062.46,10,21.7,Baixa
2016,11,2016-11-01,Sudeste,MG,Belo Horizonte,293669,8820,38.42,417.38,10882045.29,14,22.6,Média
2016,11,2016-11-01,Sudeste,MG,Uberlândia,157225,63861,65.38,152.74,110383156.09,9,31.5,Alta
2016,11,2016-11-01,Sudeste,MG,Juiz de Fora,237589,68282,89.65,150.35,191729598.23,15,22.8,Média
2016,11,2016-11-01,Sudeste,ES,Vitória,340832,40858,82.67,661.5,63691113.68,10,18.0,Média
2016,11,2016-11-01,Sudeste,ES,Vila Velha,370740,48625,41.75,672.81,102332951.16,4,22.2,Alta
2016,11,2016-11-01,Sudeste,ES,Serra,297728,21805,70.08,271.76,145106307.28,5,28.8,Alta
2016,11,2016-11-01,Sul,PR,Curitiba,364856,9987,25.34,378.37,117222210.57,8,25.0,Baixa
2016,11,2016-11-01,Sul,PR,Londrina,212826,70929,48.47,1055.38,95256307.91,7,25.9,Baixa
2016,11,2016-11-01,Sul,SC,Florianópolis,269127,36598,84.85,486.48,76774273.44,3,25.4,Alta
2016,11,2016-11-01,Sul,SC,Joinville,99306,73627,68.28,1012.94,167527779.2,12,20.1,Média
2016,11,2016-11-01,Sul,RS,Porto Alegre,161459,13792,94.17,1190.78,137043918.92,8,28.7,Média
2016,11,2016-11-01,Sul,RS,Caxias do Sul,363420,67602,90.2,535.62,123171401.89,6,18.0,Alta
2016,12,2016-12-01,Norte,AM,Manaus,80924,23720,83.26,451.23,122091485.53,8,26.1,Alta
2016,12,2016-12-01,Norte,PA,Belém,353857,2412,75.09,505.55,12901182.91,9,20.5,Alta
2016,12,2016-12-01,Norte,PA,Santarém,376880,70519,92.79,441.15,28664136.79,13,19.8,Baixa
2016,12,2016-12-01,Norte,RO,Porto Velho,20879,65507,81.48,203.0,59628553.71,6,30.8,Média
2016,12,2016-12-01,Norte,TO,Palmas,54585,48533,30.03,715.33,125804374.34,12,28.1,Alta
2016,12,2016-12-01,Nordeste,BA,Salvador,83780,5792,55.64,208.07,165169822.37,10,25.8,Média
2016,12,2016-12-01,Nordeste,BA,Feira de Santana,140667,5524,36.17,187.99,114761540.6,7,26.1,Baixa
2016,12,2016-12-01,Nordeste,PE,Recife,450167,67830,31.7,184.85,10547605.61,14,20.2,Alta
2016,12,2016-12-01,Nordeste,PE,Jaboatão dos Guararapes,61356,43188,67.25,889.58,39212349.42,14,23.8,Baixa
2016,12,2016-12-01,Nordeste,CE,Fortaleza,165853,29589,55.71,830.42,167816586.52,8,24.7,Alta
2016,12,2016-12-01,Nordeste,CE,Juazeiro do Norte,447805,7838,91.51,431.78,194383768.05,11,21.1,Alta
2016,12,2016-12-01,Nordeste,MA,São Luís,238433,69675,87.42,1135.52,10637788.03,10,26.6,Baixa
2016,12,2016-12-01,Nordeste,PB,João Pessoa,264220,28241,81.08,1014.08,48699245.11,7,23.6,Média
2016,12,2016-12-01,Centro-Oeste,DF,Brasília,475682,63126,36.91,369.18,8286796.08,12,19.2,Média
2016,12,2016-12-01,Centro-Oeste,GO,Goiânia,403243,10069,92.04,296.2,143773128.43,6,26.5,Baixa
2016,12,2016-12-01,Centro-Oeste,GO,Aparecida de Goiânia,259636,76740,85.66,649.45,24386129.05,16,21.7,Média
2016,12,2016-12-01,Centro-Oeste,MT,Cuiabá,345081,17816,48.31,899.4,8343970.83,14,26.1,Baixa
2016,12,2016-12-01,Centro-Oeste,MS,Campo Grande,88163,26020,93.26,480.13,122033239.35,15,22.2,Alta
2016,12,2016-12-01,Sudeste,SP,São Paulo,469364,70778,80.41,1100.15,54276877.55,9,25.3,Média
2016,12,2016-12-01,Sudeste,SP,Campinas,189891,67131,25.7,1024.58,141471318.14,8,21.5,Baixa
2016,12,2016-12-01,Sudeste,SP,Ribeirão Preto,219954,9874,52.79,206.29,116316402.15,9,29.1,Alta
2016,12,2016-12-01,Sudeste,RJ,Rio de Janeiro,116816,43128,88.99,835.91,104354004.12,7,21.9,Baixa
2016,12,2016-12-01,Sudeste,RJ,Niterói,272133,56694,50.04,273.98,176992901.54,11,26.4,Baixa
2016,12,2016-12-01,Sudeste,RJ,Nova Iguaçu,292524,61805,87.74,624.85,119721960.88,7,19.7,Média
2016,12,2016-12-01,Sudeste,RJ,Petrópolis,116973,70475,41.44,469.61,83490189.4,10,22.7,Alta
2016,12,2016-12-01,Sudeste,MG,Belo Horizonte,75155,10317,81.96,1189.18,9556510.95,11,23.1,Baixa
2016,12,2016-12-01,Sudeste,MG,Uberlândia,285554,45439,62.26,151.31,182557710.84,9,21.9,Alta
2016,12,2016-12-01,Sudeste,MG,Juiz de Fora,114327,70396,84.09,335.46,59032267.04,15,26.1,Média
2016,12,2016-12-01,Sudeste,ES,Vitória,136064,26287,35.16,913.35,83865710.53,9,25.4,Baixa
2016,12,2016-12-01,Sudeste,ES,Vila Velha,211958,14150,46.56,1170.15,137351425.66,9,28.7,Média
2016,12,2016-12-01,Sudeste,ES,Serra,233154,42400,65.84,306.75,169690935.6,10,20.3,Média
2016,12,2016-12-01,Sul,PR,Curitiba,481011,58134,43.36,642.07,106274541.33,8,27.3,Alta
2016,12,2016-12-01,Sul,PR,Londrina,415237,67811,26.54,292.75,151276192.36,9,21.4,Baixa
2016,12,2016-12-01,Sul,SC,Florianópolis,303081,17665,75.23,441.29,86377903.04,6,25.2,Baixa
2016,12,2016-12-01,Sul,SC,Joinville,286403,24981,92.95,1076.4,58095043.83,6,21.6,Média
2016,12,2016-12-01,Sul,RS,Porto Alegre,211416,56606,57.5,319.62,117024968.51,8,15.9,Média
2016,12,2016-12-01,Sul,RS,Caxias do Sul,272308,34410,42.36,772.56,196262332.47,13,26.7,Média
2017,1,2017-01-01,Norte,AM,Manaus,158151,64884,88.74,385.04,91980296.89,13,24.5,Baixa
2017,1,2017-01-01,Norte,PA,Belém,191044,31988,86.82,649.77,128159754.06,12,22.9,Média
2017,1,2017-01-01,Norte,PA,Santarém,176755,38702,75.85,1048.43,128646384.27,12,21.0,Baixa
2017,1,2017-01-01,Norte,RO,Porto Velho,389858,26573,48.43,384.71,98102986.9,9,18.9,Alta
2017,1,2017-01-01,Norte,TO,Palmas,112320,59425,43.26,613.42,111309046.62,10,25.1,Alta
2017,1,2017-01-01,Nordeste,BA,Salvador,337161,33680,28.32,214.61,173529083.11,17,29.6,Média
2017,1,2017-01-01,Nordeste,BA,Feira de Santana,302702,41391,35.5,349.5,37460419.65,7,20.0,Alta
2017,1,2017-01-01,Nordeste,PE,Recife,229600,64854,38.94,1143.32,177454727.78,11,28.0,Média
2017,1,2017-01-01,Nordeste,PE,Jaboatão dos Guararapes,287413,16392,73.76,956.9,57950176.05,13,33.5,Alta
2017,1,2017-01-01,Nordeste,CE,Fortaleza,98225,66370,34.5,759.01,51430576.33,12,27.0,Alta
2017,1,2017-01-01,Nordeste,CE,Juazeiro do Norte,458133,65463,66.55,950.3,23271188.07,9,25.1,Alta
2017,1,2017-01-01,Nordeste,MA,São Luís,423407,3009,82.5,1060.22,159737782.66,10,24.4,Baixa
2017,1,2017-01-01,Nordeste,PB,João Pessoa,244782,22279,25.43,228.13,168121474.24,9,27.0,Baixa
2017,1,2017-01-01,Centro-Oeste,DF,Brasília,291505,56982,62.8,324.49,100165570.95,8,30.2,Alta
2017,1,2017-01-01,Centro-Oeste,GO,Goiânia,316947,17866,62.12,605.23,87598129.9,12,22.7,Média
2017,1,2017-01-01,Centro-Oeste,GO,Aparecida de Goiânia,79121,38188,25.95,930.98,39824416.52,10,18.9,Baixa
2017,1,2017-01-01,Centro-Oeste,MT,Cuiabá,394948,63633,53.92,562.12,185305022.53,10,26.9,Média
2017,1,2017-01-01,Centro-Oeste,MS,Campo Grande,65702,79080,34.16,681.47,28781821.39,6,23.8,Baixa
2017,1,2017-01-01,Sudeste,SP,São Paulo,457209,67306,81.67,1048.77,25937354.97,10,23.6,Baixa
2017,1,2017-01-01,Sudeste,SP,Campinas,271125,57823,44.6,987.4,17404678.87,11,28.3,Baixa
2017,1,2017-01-01,Sudeste,SP,Ribeirão Preto,311757,67594,65.95,399.58,87344548.84,10,20.2,Média
2017,1,2017-01-01,Sudeste,RJ,Rio de Janeiro,294257,59635,54.16,491.44,171934690.34,11,22.8,Baixa
2017,1,2017-01-01,Sudeste,RJ,Niterói,435354,49319,59.5,881.91,69083652.43,9,25.2,Média
2017,1,2017-01-01,Sudeste,RJ,Nova Iguaçu,268578,62688,90.04,764.5,128421200.14,8,23.9,Alta
2017,1,2017-01-01,Sudeste,RJ,Petrópolis,484156,45141,52.03,349.21,101886432.86,13,25.5,Baixa
2017,1,2017-01-01,Sudeste,MG,Belo Horizonte,455871,20452,91.02,800.26,116269955.76,7,20.5,Baixa
2017,1,2017-01-01,Sudeste,MG,Uberlândia,350390,71297,79.94,588.19,4947538.95,9,24.9,Média
2017,1,2017-01-01,Sudeste,MG,Juiz de Fora,330768,78055,62.81,894.14,59931311.25,9,21.5,Baixa
2017,1,2017-01-01,Sudeste,ES,Vitória,271121,14186,33.82,605.14,44983739.72,9,16.1,Alta
2017,1,2017-01-01,Sudeste,ES,Vila Velha,402144,75121,53.9,280.44,6788362.99,17,24.6,Alta
2017,1,2017-01-01,Sudeste,ES,Serra,339976,16136,57.09,425.98,81541005.59,7,24.2,Baixa
2017,1,2017-01-01,Sul,PR,Curitiba,384862,63442,73.22,554.75,19711447.27,10,20.8,Média
2017,1,2017-01-01,Sul,PR,Londrina,214300,8849,51.88,212.28,29810768.66,6,23.4,Alta
2017,1,2017-01-01,Sul,SC,Florianópolis,365847,56299,89.28,908.62,35670747.75,13,24.0,Baixa
2017,1,2017-01-01,Sul,SC,Joinville,386806,37267,55.44,370.83,116353158.6,3,23.2,Alta
2017,1,2017-01-01,Sul,RS,Porto Alegre,415698,6354,47.04,202.98,46721482.21,11,25.3,Baixa
2017,1,2017-01-01,Sul,RS,Caxias do Sul,477162,65790,80.28,875.24,117563633.91,7,27.9,Baixa
2017,2,2017-02-01,Norte,AM,Manaus,232640,51832,70.13,1002.15,1407233.48,8,21.4,Alta
2017,2,2017-02-01,Norte,PA,Belém,332188,56764,66.77,613.2,125309093.84,14,27.4,Alta
2017,2,2017-02-01,Norte,PA,Santarém,496815,73582,47.12,1184.01,20599639.09,10,17.9,Média
2017,2,2017-02-01,Norte,RO,Porto Velho,455107,62066,40.42,896.71,138493486.88,8,23.3,Média
2017,2,2017-02-01,Norte,TO,Palmas,303618,55516,29.9,689.86,91253376.42,14,27.3,Média
2017,2,2017-02-01,Nordeste,BA,Salvador,332287,46040,79.39,844.66,125646985.49,10,28.8,Alta
2017,2,2017-02-01,Nordeste,BA,Feira de Santana,55525,75949,80.87,922.0,61359709.08,10,22.3,Baixa
2017,2,2017-02-01,Nordeste,PE,Recife,33968,21118,62.17,441.2,176368476.24,7,25.7,Média
2017,2,2017-02-01,Nordeste,PE,Jaboatão dos Guararapes,371682,61679,48.66,671.9,91340219.15,13,31.6,Média
2017,2,2017-02-01,Nordeste,CE,Fortaleza,426727,61318,47.3,468.53,111302880.91,6,21.3,Baixa
2017,2,2017-02-01,Nordeste,CE,Juazeiro do Norte,180350,12336,88.03,658.23,1642916.17,13,25.9,Alta
2017,2,2017-02-01,Nordeste,MA,São Luís,471211,12415,71.17,1012.41,16714999.5,5,17.4,Média
2017,2,2017-02-01,Nordeste,PB,João Pessoa,136307,34276,52.59,1153.63,101935061.48,16,34.1,Alta
2017,2,2017-02-01,Centro-Oeste,DF,Brasília,313176,47429,28.88,551.01,145521721.37,9,17.6,Média
2017,2,2017-02-01,Centro-Oeste,GO,Goiânia,404429,12854,75.52,863.31,49663395.99,10,17.9,Média
2017,2,2017-02-01,Centro-Oeste,GO,Aparecida de Goiânia,398711,45672,25.14,531.06,161351328.19,12,18.7,Alta
2017,2,2017-02-01,Centro-Oeste,MT,Cuiabá,145036,61989,74.19,1044.66,129142806.22,4,22.9,Alta
2017,2,2017-02-01,Centro-Oeste,MS,Campo Grande,231111,26144,75.33,231.13,28274190.82,11,30.3,Média
2017,2,2017-02-01,Sudeste,SP,São Paulo,489247,58166,77.4,469.91,85209492.82,5,21.7,Média
2017,2,2017-02-01,Sudeste,SP,Campinas,146657,55601,66.26,1162.6,71935848.94,7,24.1,Baixa
2017,2,2017-02-01,Sudeste,SP,Ribeirão Preto,357265,36532,38.05,914.4,142111689.68,10,22.5,Baixa
2017,2,2017-02-01,Sudeste,RJ,Rio de Janeiro,206259,30686,26.16,853.73,87575319.13,12,29.4,Média
2017,2,2017-02-01,Sudeste,RJ,Niterói,315860,47020,72.94,279.92,31613745.62,16,24.8,Alta
2017,2,2017-02-01,Sudeste,RJ,Nova Iguaçu,283104,2325,75.92,898.61,111859426.29,7,24.0,Média
2017,2,2017-02-01,Sudeste,RJ,Petrópolis,181201,44604,42.61,1128.54,152275963.29,10,22.5,Alta
2017,2,2017-02-01,Sudeste,MG,Belo Horizonte,242577,55508,42.72,354.23,40043172.09,9,25.2,Alta
2017,2,2017-02-01,Sudeste,MG,Uberlândia,27522,69573,80.96,682.43,178442059.76,8,22.4,Média
2017,2,2017-02-01,Sudeste,MG,Juiz de Fora,157119,74343,85.36,1067.16,121823865.67,12,26.4,Alta
2017,2,2017-02-01,Sudeste,ES,Vitória,372488,59689,82.45,817.11,2625798.11,19,29.9,Alta
2017,2,2017-02-01,Sudeste,ES,Vila Velha,107604,35747,59.22,418.31,26771737.69,11,22.2,Baixa
2017,2,2017-02-01,Sudeste,ES,Serra,145857,40577,61.13,940.81,85232842.9,11,22.4,Alta
2017,2,2017-02-01,Sul,PR,Curitiba,281517,6742,79.25,344.89,94349990.0,14,24.9,Alta
2017,2,2017-02-01,Sul,PR,Londrina,286806,77925,74.28,875.56,54185650.15,5,31.9,Alta
2017,2,2017-02-01,Sul,SC,Florianópolis,65335,32729,84.97,828.29,150329905.17,7,23.2,Alta
2017,2,2017-02-01,Sul,SC,Joinville,254044,45981,75.55,1090.09,164064771.39,16,25.4,Média
2017,2,2017-02-01,Sul,RS,Porto Alegre,225062,39960,30.92,189.56,71869449.28,5,23.1,Média
2017,2,2017-02-01,Sul,RS,Caxias do Sul,224939,21767,77.92,205.35,187224127.15,6,32.8,Baixa
2017,3,2017-03-01,Norte,AM,Manaus,428947,64648,79.06,422.87,121274191.81,6,25.8,Média
2017,3,2017-03-01,Norte,PA,Belém,438301,71293,65.12,932.92,73121198.61,15,25.8,Alta
2017,3,2017-03-01,Norte,PA,Santarém,157950,54381,55.03,455.44,21962696.19,6,28.2,Alta
2017,3,2017-03-01,Norte,RO,Porto Velho,378352,32608,28.19,1168.21,61262174.01,8,18.1,Média
2017,3,2017-03-01,Norte,TO,Palmas,495566,42334,54.75,182.21,19169645.12,8,20.7,Baixa
2017,3,2017-03-01,Nordeste,BA,Salvador,477934,44552,46.45,751.78,66849439.68,7,23.0,Baixa
2017,3,2017-03-01,Nordeste,BA,Feira de Santana,74110,67291,86.54,925.54,154334380.37,11,27.6,Alta
2017,3,2017-03-01,Nordeste,PE,Recife,425620,34969,55.6,908.97,42624736.74,10,25.0,Alta
2017,3,2017-03-01,Nordeste,PE,Jaboatão dos Guararapes,463025,40949,39.78,248.75,145451693.48,7,28.6,Baixa
2017,3,2017-03-01,Nordeste,CE,Fortaleza,271130,22556,31.4,683.31,189692074.12,14,21.8,Média
2017,3,2017-03-01,Nordeste,CE,Juazeiro do Norte,119037,35567,52.3,995.59,55745566.32,14,21.9,Alta
2017,3,2017-03-01,Nordeste,MA,São Luís,275305,9052,29.74,320.52,177939200.95,8,25.1,Alta
2017,3,2017-03-01,Nordeste,PB,João Pessoa,95105,77160,81.1,872.76,30787465.19,11,23.3,Baixa
2017,3,2017-03-01,Centro-Oeste,DF,Brasília,429328,77652,82.13,751.66,164975550.35,14,29.3,Média
2017,3,2017-03-01,Centro-Oeste,GO,Goiânia,100967,74960,55.44,662.11,104672692.3,14,18.7,Média
2017,3,2017-03-01,Centro-Oeste,GO,Aparecida de Goiânia,481031,58241,65.32,956.09,112089931.51,9,25.8,Alta
2017,3,2017-03-01,Centro-Oeste,MT,Cuiabá,194681,25466,56.2,967.49,117706520.86,10,24.5,Baixa
2017,3,2017-03-01,Centro-Oeste,MS,Campo Grande,18770,67089,70.39,671.37,161232923.73,11,21.8,Baixa
2017,3,2017-03-01,Sudeste,SP,São Paulo,109785,59563,87.91,795.25,87087960.5,11,29.2,Baixa
2017,3,2017-03-01,Sudeste,SP,Campinas,181818,20249,88.48,331.79,10284125.58,6,33.7,Média
2017,3,2017-03-01,Sudeste,SP,Ribeirão Preto,45855,36071,63.31,980.18,155558107.14,13,23.9,Alta
2017,3,2017-03-01,Sudeste,RJ,Rio de Janeiro,100602,7169,85.68,157.53,5034969.43,6,25.6,Alta
2017,3,2017-03-01,Sudeste,RJ,Niterói,494429,60583,85.45,238.9,102782576.77,13,22.2,Média
2017,3,2017-03-01,Sudeste,RJ,Nova Iguaçu,171570,38036,68.27,495.38,190449583.96,11,27.0,Média
2017,3,2017-03-01,Sudeste,RJ,Petrópolis,73500,67068,65.65,805.39,84136511.9,12,23.9,Alta
2017,3,2017-03-01,Sudeste,MG,Belo Horizonte,58267,44067,64.46,467.45,13886377.96,13,28.7,Alta
2017,3,2017-03-01,Sudeste,MG,Uberlândia,323058,20899,67.52,838.34,40839273.29,7,25.6,Alta
2017,3,2017-03-01,Sudeste,MG,Juiz de Fora,385886,77116,46.49,1040.14,171529943.95,13,23.0,Alta
2017,3,2017-03-01,Sudeste,ES,Vitória,10605,31025,35.62,718.68,107204325.97,8,24.9,Baixa
2017,3,2017-03-01,Sudeste,ES,Vila Velha,402212,73889,56.86,653.04,94925097.14,7,19.2,Alta
2017,3,2017-03-01,Sudeste,ES,Serra,335602,26657,36.65,190.81,126101930.75,11,27.3,Alta
2017,3,2017-03-01,Sul,PR,Curitiba,10777,65227,53.92,396.18,25450786.26,12,19.1,Alta
2017,3,2017-03-01,Sul,PR,Londrina,266630,12203,58.48,1169.61,101644225.24,12,20.1,Média
2017,3,2017-03-01,Sul,SC,Florianópolis,480539,34300,81.41,645.24,93212866.55,8,21.5,Baixa
2017,3,2017-03-01,Sul,SC,Joinville,23996,2255,55.52,1115.95,59217202.33,9,26.2,Média
2017,3,2017-03-01,Sul,RS,Porto Alegre,26024,45831,79.8,272.92,172049863.0,7,18.2,Baixa
2017,3,2017-03-01,Sul,RS,Caxias do Sul,355967,5463,74.93,365.58,49552933.4,10,22.9,Baixa
2017,4,2017-04-01,Norte,AM,Manaus,119300,44921,29.24,189.15,187281146.75,9,20.5,Alta
2017,4,2017-04-01,Norte,PA,Belém,284052,31030,49.01,287.32,130009479.11,7,20.6,Média
2017,4,2017-04-01,Norte,PA,Santarém,130230,24286,83.03,237.4,108568027.41,11,31.1,Média
2017,4,2017-04-01,Norte,RO,Porto Velho,166763,34758,32.47,882.53,48695806.31,12,28.9,Alta
2017,4,2017-04-01,Norte,TO,Palmas,236018,57507,88.12,1142.48,154887050.74,10,31.2,Baixa
2017,4,2017-04-01,Nordeste,BA,Salvador,148973,1212,48.15,690.16,89330950.01,7,28.7,Baixa
2017,4,2017-04-01,Nordeste,BA,Feira de Santana,276359,20943,47.9,818.71,85574888.09,8,19.6,Baixa
2017,4,2017-04-01,Nordeste,PE,Recife,376413,32171,83.41,254.86,78816223.83,5,29.2,Alta
2017,4,2017-04-01,Nordeste,PE,Jaboatão dos Guararapes,88202,61950,44.51,421.46,77721797.75,10,22.6,Média
2017,4,2017-04-01,Nordeste,CE,Fortaleza,464923,22947,49.43,232.62,199838142.31,6,26.0,Alta
2017,4,2017-04-01,Nordeste,CE,Juazeiro do Norte,195727,42216,76.44,590.43,20662130.85,4,24.3,Alta
2017,4,2017-04-01,Nordeste,MA,São Luís,202704,1489,33.42,868.42,28693922.1,7,20.2,Alta
2017,4,2017-04-01,Nordeste,PB,João Pessoa,321670,4707,31.24,663.75,12846495.05,11,25.1,Média
2017,4,2017-04-01,Centro-Oeste,DF,Brasília,485086,11748,51.24,358.47,162825259.73,11,24.8,Baixa
2017,4,2017-04-01,Centro-Oeste,GO,Goiânia,298335,54755,39.52,447.49,122755831.96,6,24.6,Baixa
2017,4,2017-04-01,Centro-Oeste,GO,Aparecida de Goiânia,328759,25928,53.4,310.76,167540558.11,5,22.0,Média
2017,4,2017-04-01,Centro-Oeste,MT,Cuiabá,50699,11893,82.88,454.33,23622897.77,11,30.1,Alta
2017,4,2017-04-01,Centro-Oeste,MS,Campo Grande,215830,16918,92.11,277.28,124711187.69,11,23.4,Média
2017,4,2017-04-01,Sudeste,SP,São Paulo,411539,33291,49.71,1003.08,25157278.68,12,26.7,Alta
2017,4,2017-04-01,Sudeste,SP,Campinas,363090,7327,61.03,899.82,17077336.92,7,29.1,Alta
2017,4,2017-04-01,Sudeste,SP,Ribeirão Preto,251733,20734,69.12,1073.63,179894329.93,9,26.9,Alta
2017,4,2017-04-01,Sudeste,RJ,Rio de Janeiro,499552,61421,73.3,1179.2,2391162.25,15,25.8,Alta
2017,4,2017-04-01,Sudeste,RJ,Niterói,324246,48344,70.95,649.57,31983511.34,4,19.4,Baixa
2017,4,2017-04-01,Sudeste,RJ,Nova Iguaçu,422834,24257,25.81,502.3,24923653.21,9,21.4,Alta
2017,4,2017-04-01,Sudeste,RJ,Petrópolis,357116,10963,37.03,917.91,162549186.2,13,30.0,Baixa
2017,4,2017-04-01,Sudeste,MG,Belo Horizonte,481138,74145,42.04,751.68,181285024.5,11,24.7,Média
2017,4,2017-04-01,Sudeste,MG,Uberlândia,230524,57785,63.72,441.95,182532885.5,13,28.2,Média
2017,4,2017-04-01,Sudeste,MG,Juiz de Fora,233387,37317,51.88,765.67,64210469.77,11,23.6,Alta
2017,4,2017-04-01,Sudeste,ES,Vitória,398490,42544,42.75,1010.93,198257366.21,12,23.0,Média
2017,4,2017-04-01,Sudeste,ES,Vila Velha,429603,23836,65.35,1080.97,195986378.03,9,23.1,Média
2017,4,2017-04-01,Sudeste,ES,Serra,384187,22400,28.65,1072.82,101059385.73,12,27.1,Média
2017,4,2017-04-01,Sul,PR,Curitiba,464314,9592,72.5,866.08,126492266.12,13,21.6,Baixa
2017,4,2017-04-01,Sul,PR,Londrina,275430,21370,90.37,185.87,103349195.66,9,19.8,Alta
2017,4,2017-04-01,Sul,SC,Florianópolis,150305,10184,44.4,494.01,113877279.55,11,23.5,Baixa
2017,4,2017-04-01,Sul,SC,Joinville,466260,46207,80.07,570.37,88810717.8,12,20.4,Baixa
2017,4,2017-04-01,Sul,RS,Porto Alegre,371296,54059,74.41,616.98,68720111.94,8,30.1,Alta
2017,4,2017-04-01,Sul,RS,Caxias do Sul,243693,52491,64.07,646.46,81387090.34,11,23.8,Alta
2017,5,2017-05-01,Norte,AM,Manaus,205460,64204,64.7,961.3,67102547.55,8,25.4,Média
2017,5,2017-05-01,Norte,PA,Belém,159648,8231,50.73,435.53,143254943.42,7,27.6,Média
2017,5,2017-05-01,Norte,PA,Santarém,259687,19675,66.07,262.24,20842005.91,8,25.6,Média
2017,5,2017-05-01,Norte,RO,Porto Velho,301476,55658,50.08,759.69,101855381.83,14,29.7,Média
2017,5,2017-05-01,Norte,TO,Palmas,291615,23236,78.24,492.15,90197505.14,14,32.4,Média
2017,5,2017-05-01,Nordeste,BA,Salvador,316325,57061,85.32,651.32,96345050.31,14,27.2,Alta
2017,5,2017-05-01,Nordeste,BA,Feira de Santana,284186,42522,62.17,968.97,86397961.5,13,22.1,Alta
2017,5,2017-05-01,Nordeste,PE,Recife,487478,33641,38.49,1081.79,159510064.65,14,27.2,Baixa
2017,5,2017-05-01,Nordeste,PE,Jaboatão dos Guararapes,499661,65559,41.94,154.66,74900253.5,6,22.5,Alta
2017,5,2017-05-01,Nordeste,CE,Fortaleza,13647,55046,57.1,543.95,153934400.59,9,27.4,Alta
2017,5,2017-05-01,Nordeste,CE,Juazeiro do Norte,291775,69053,53.58,240.72,112868647.72,7,26.4,Média
2017,5,2017-05-01,Nordeste,MA,São Luís,409737,70663,84.03,387.39,95918385.56,10,20.5,Média
2017,5,2017-05-01,Nordeste,PB,João Pessoa,466197,29584,29.06,309.55,35587566.3,13,19.4,Baixa
2017,5,2017-05-01,Centro-Oeste,DF,Brasília,135824,24193,35.99,184.18,90944466.84,6,29.8,Baixa
2017,5,2017-05-01,Centro-Oeste,GO,Goiânia,290212,9508,50.52,826.17,54950927.47,17,20.8,Baixa
2017,5,2017-05-01,Centro-Oeste,GO,Aparecida de Goiânia,287308,67484,27.21,828.92,63364153.67,8,26.8,Baixa
2017,5,2017-05-01,Centro-Oeste,MT,Cuiabá,267723,60579,59.02,618.47,114146167.25,7,16.2,Média
2017,5,2017-05-01,Centro-Oeste,MS,Campo Grande,408541,48789,91.6,544.41,28331794.34,10,28.3,Alta
2017,5,2017-05-01,Sudeste,SP,São Paulo,158062,71213,61.9,545.06,156938743.2,13,17.7,Baixa
2017,5,2017-05-01,Sudeste,SP,Campinas,108603,51914,91.89,742.09,67537656.33,13,25.6,Baixa
2017,5,2017-05-01,Sudeste,SP,Ribeirão Preto,146040,19914,29.59,907.21,56981275.06,11,23.4,Baixa
2017,5,2017-05-01,Sudeste,RJ,Rio de Janeiro,257877,9778,55.79,863.51,95261507.21,8,28.5,Média
2017,5,2017-05-01,Sudeste,RJ,Niterói,124249,67997,80.26,985.35,90211901.66,10,16.4,Média
2017,5,2017-05-01,Sudeste,RJ,Nova Iguaçu,24585,68665,74.41,555.14,90505957.72,9,23.6,Baixa
2017,5,2017-05-01,Sudeste,RJ,Petrópolis,360222,35471,55.34,615.8,60484029.55,9,19.3,Baixa
2017,5,2017-05-01,Sudeste,MG,Belo Horizonte,372255,32380,89.86,1062.72,70285539.26,10,30.4,Alta
2017,5,2017-05-01,Sudeste,MG,Uberlândia,259747,57452,43.16,1179.63,104945335.17,14,29.8,Baixa
2017,5,2017-05-01,Sudeste,MG,Juiz de Fora,391477,2520,31.49,913.64,79511842.68,10,22.9,Alta
2017,5,2017-05-01,Sudeste,ES,Vitória,324172,7670,44.09,952.97,181791998.36,13,22.9,Baixa
2017,5,2017-05-01,Sudeste,ES,Vila Velha,153054,64467,31.74,1012.85,29367617.97,5,27.0,Alta
2017,5,2017-05-01,Sudeste,ES,Serra,444366,39266,26.49,737.05,102940105.54,9,25.3,Alta
2017,5,2017-05-01,Sul,PR,Curitiba,75496,5834,48.43,831.8,113946884.09,4,27.9,Alta
2017,5,2017-05-01,Sul,PR,Londrina,227290,39359,52.97,717.23,179703738.45,6,19.4,Média
2017,5,2017-05-01,Sul,SC,Florianópolis,372656,19549,77.4,1023.89,159788767.6,9,21.8,Média
2017,5,2017-05-01,Sul,SC,Joinville,146598,65092,93.42,962.43,58671738.9,8,24.1,Média
2017,5,2017-05-01,Sul,RS,Porto Alegre,150653,23558,94.04,300.29,111940862.19,8,27.2,Alta
2017,5,2017-05-01,Sul,RS,Caxias do Sul,332838,51359,87.57,1172.4,84791664.67,10,18.4,Média
2017,6,2017-06-01,Norte,AM,Manaus,383750,38383,84.83,579.37,5662648.39,5,21.3,Alta
2017,6,2017-06-01,Norte,PA,Belém,446067,4458,50.14,908.15,50077352.43,9,21.8,Alta
2017,6,2017-06-01,Norte,PA,Santarém,417875,43554,34.37,904.27,196014338.21,12,26.0,Baixa
2017,6,2017-06-01,Norte,RO,Porto Velho,14359,3545,79.8,928.57,63734855.14,16,25.9,Alta
2017,6,2017-06-01,Norte,TO,Palmas,128614,15758,80.47,238.14,49947249.46,14,32.1,Alta
2017,6,2017-06-01,Nordeste,BA,Salvador,330599,72621,93.59,190.41,134468728.36,11,24.3,Média
2017,6,2017-06-01,Nordeste,BA,Feira de Santana,459186,76073,41.44,960.31,85552773.06,9,17.5,Baixa
2017,6,2017-06-01,Nordeste,PE,Recife,36918,70610,46.9,585.14,89769962.45,12,20.7,Média
2017,6,2017-06-01,Nordeste,PE,Jaboatão dos Guararapes,114374,18510,44.19,654.05,26693856.12,9,20.9,Média
2017,6,2017-06-01,Nordeste,CE,Fortaleza,202485,6199,82.89,739.05,7270778.09,5,22.0,Baixa
2017,6,2017-06-01,Nordeste,CE,Juazeiro do Norte,394513,44760,42.18,972.84,141181575.53,9,20.8,Média
2017,6,2017-06-01,Nordeste,MA,São Luís,272621,64468,71.45,169.97,29844978.61,6,20.8,Alta
2017,6,2017-06-01,Nordeste,PB,João Pessoa,306766,20854,79.86,1055.63,68307526.09,8,24.2,Alta
2017,6,2017-06-01,Centro-Oeste,DF,Brasília,338139,28188,58.49,862.16,185065689.84,6,21.3,Média
2017,6,2017-06-01,Centro-Oeste,GO,Goiânia,407649,65674,55.67,663.65,126562255.34,11,33.9,Alta
2017,6,2017-06-01,Centro-Oeste,GO,Aparecida de Goiânia,74219,1548,78.11,532.36,55073540.45,10,27.0,Média
2017,6,2017-06-01,Centro-Oeste,MT,Cuiabá,445138,36240,56.11,1127.98,168659740.99,10,31.5,Alta
2017,6,2017-06-01,Centro-Oeste,MS,Campo Grande,362135,45326,69.61,191.64,104530198.88,8,27.5,Alta
2017,6,2017-06-01,Sudeste,SP,São Paulo,251020,3504,49.8,772.56,105712847.12,7,21.9,Baixa
2017,6,2017-06-01,Sudeste,SP,Campinas,211582,79411,37.3,475.92,11563323.31,12,27.7,Média
2017,6,2017-06-01,Sudeste,SP,Ribeirão Preto,168199,42019,58.77,585.99,63748120.09,13,29.5,Alta
2017,6,2017-06-01,Sudeste,RJ,Rio de Janeiro,283138,58248,58.16,377.0,148667089.85,12,29.5,Média
2017,6,2017-06-01,Sudeste,RJ,Niterói,367993,17753,50.78,871.33,120223025.19,11,23.2,Média
2017,6,2017-06-01,Sudeste,RJ,Nova Iguaçu,385053,59753,54.78,603.5,98772840.9,11,26.8,Alta
2017,6,2017-06-01,Sudeste,RJ,Petrópolis,20706,15912,32.94,1126.38,30849424.38,10,19.0,Baixa
2017,6,2017-06-01,Sudeste,MG,Belo Horizonte,225973,48654,54.22,323.7,50333175.58,13,26.5,Média
2017,6,2017-06-01,Sudeste,MG,Uberlândia,497004,71509,38.15,1028.88,188023710.62,6,21.8,Baixa
2017,6,2017-06-01,Sudeste,MG,Juiz de Fora,210306,1795,74.41,714.35,141808267.08,17,30.4,Baixa
2017,6,2017-06-01,Sudeste,ES,Vitória,486209,28953,38.45,205.1,117790350.23,11,26.0,Média
2017,6,2017-06-01,Sudeste,ES,Vila Velha,449276,23667,48.55,414.72,39079101.32,11,23.3,Média
2017,6,2017-06-01,Sudeste,ES,Serra,173657,29473,55.29,1152.82,187740799.83,7,22.6,Baixa
2017,6,2017-06-01,Sul,PR,Curitiba,167228,72117,55.61,153.1,133656495.22,9,26.3,Média
2017,6,2017-06-01,Sul,PR,Londrina,347016,50072,80.51,993.97,165428278.94,9,26.0,Alta
2017,6,2017-06-01,Sul,SC,Florianópolis,266545,49482,87.03,652.49,159288274.65,14,31.2,Média
2017,6,2017-06-01,Sul,SC,Joinville,11481,28057,79.11,263.22,88236996.14,8,29.2,Baixa
2017,6,2017-06-01,Sul,RS,Porto Alegre,70196,56754,31.15,362.68,38864274.8,9,25.5,Baixa
2017,6,2017-06-01,Sul,RS,Caxias do Sul,400356,38628,41.1,554.65,54548729.75,12,28.0,Média
2017,7,2017-07-01,Norte,AM,Manaus,370665,58488,82.39,763.87,33182796.78,9,19.3,Baixa
2017,7,2017-07-01,Norte,PA,Belém,477569,32461,26.56,886.3,107419610.67,7,37.3,Baixa
2017,7,2017-07-01,Norte,PA,Santarém,488209,17276,88.74,902.03,95515324.68,11,28.7,Média
2017,7,2017-07-01,Norte,RO,Porto Velho,11274,25928,41.94,1145.38,113502475.45,9,25.1,Alta
2017,7,2017-07-01,Norte,TO,Palmas,128662,43624,45.13,546.41,101897749.2,6,28.2,Alta
2017,7,2017-07-01,Nordeste,BA,Salvador,72128,9391,73.36,906.62,190671880.92,9,23.4,Média
2017,7,2017-07-01,Nordeste,BA,Feira de Santana,269981,7100,52.05,982.14,120821864.74,11,21.6,Baixa
2017,7,2017-07-01,Nordeste,PE,Recife,274791,23512,29.63,1028.88,192013991.45,12,32.1,Baixa
2017,7,2017-07-01,Nordeste,PE,Jaboatão dos Guararapes,22009,37345,36.7,1008.99,127084219.58,11,23.7,Baixa
2017,7,2017-07-01,Nordeste,CE,Fortaleza,463765,42137,38.38,1163.34,195018684.72,11,20.8,Baixa
2017,7,2017-07-01,Nordeste,CE,Juazeiro do Norte,229353,73636,61.51,900.61,29650742.55,9,27.8,Média
2017,7,2017-07-01,Nordeste,MA,São Luís,254713,1674,89.06,219.3,192520073.19,10,14.3,Baixa
2017,7,2017-07-01,Nordeste,PB,João Pessoa,317436,45490,87.11,854.39,119507777.82,5,19.7,Alta
2017,7,2017-07-01,Centro-Oeste,DF,Brasília,242724,64587,72.43,528.61,189006136.43,7,21.0,Alta
2017,7,2017-07-01,Centro-Oeste,GO,Goiânia,42176,49746,35.81,492.96,48802597.0,6,32.6,Média
2017,7,2017-07-01,Centro-Oeste,GO,Aparecida de Goiânia,471291,11224,76.61,688.61,108359712.98,11,30.1,Baixa
2017,7,2017-07-01,Centro-Oeste,MT,Cuiabá,266900,22183,47.19,1099.49,43259960.31,8,25.5,Média
2017,7,2017-07-01,Centro-Oeste,MS,Campo Grande,102742,73050,36.95,156.94,36727419.35,9,25.0,Alta
2017,7,2017-07-01,Sudeste,SP,São Paulo,50555,74966,74.0,574.31,189334115.22,12,22.7,Média
2017,7,2017-07-01,Sudeste,SP,Campinas,435064,43017,36.7,765.04,96186177.21,11,23.9,Média
2017,7,2017-07-01,Sudeste,SP,Ribeirão Preto,182376,16418,64.97,826.88,189703520.13,11,24.0,Média
2017,7,2017-07-01,Sudeste,RJ,Rio de Janeiro,84795,50109,67.96,523.28,138526570.25,8,19.9,Alta
2017,7,2017-07-01,Sudeste,RJ,Niterói,248708,17162,58.74,347.88,7825208.19,9,27.7,Baixa
2017,7,2017-07-01,Sudeste,RJ,Nova Iguaçu,77337,3153,59.29,920.7,156966627.65,14,33.5,Média
2017,7,2017-07-01,Sudeste,RJ,Petrópolis,219643,59756,46.4,1074.23,165906817.46,6,23.5,Alta
2017,7,2017-07-01,Sudeste,MG,Belo Horizonte,280806,65386,47.54,562.05,104540925.97,8,20.8,Alta
2017,7,2017-07-01,Sudeste,MG,Uberlândia,14129,13950,75.98,292.45,196319083.78,10,30.4,Baixa
2017,7,2017-07-01,Sudeste,MG,Juiz de Fora,99631,39645,67.36,1091.09,97435374.47,14,26.3,Alta
2017,7,2017-07-01,Sudeste,ES,Vitória,270738,58368,36.69,961.5,98383973.15,9,25.5,Alta
2017,7,2017-07-01,Sudeste,ES,Vila Velha,27145,29290,28.52,484.73,61633358.08,13,23.6,Média
2017,7,2017-07-01,Sudeste,ES,Serra,51705,4778,60.04,599.5,110730491.31,13,26.7,Alta
2017,7,2017-07-01,Sul,PR,Curitiba,431510,3598,66.91,315.21,69404790.87,4,29.7,Alta
2017,7,2017-07-01,Sul,PR,Londrina,22349,43281,54.15,305.77,84011300.11,6,24.1,Alta
2017,7,2017-07-01,Sul,SC,Florianópolis,12367,17134,83.06,872.42,198447374.04,15,28.0,Média
2017,7,2017-07-01,Sul,SC,Joinville,485254,35250,30.26,1019.02,23024894.88,8,19.2,Média
2017,7,2017-07-01,Sul,RS,Porto Alegre,25756,25124,41.89,749.96,98356447.83,17,22.9,Média
2017,7,2017-07-01,Sul,RS,Caxias do Sul,462955,5247,70.81,775.02,154494077.34,14,16.3,Alta
2017,8,2017-08-01,Norte,AM,Manaus,50500,67839,50.57,414.8,19226753.79,6,26.5,Baixa
2017,8,2017-08-01,Norte,PA,Belém,189041,26938,31.53,1133.81,98261776.47,9,24.8,Alta
2017,8,2017-08-01,Norte,PA,Santarém,114841,78028,42.7,982.72,100493547.46,9,23.7,Alta
2017,8,2017-08-01,Norte,RO,Porto Velho,358968,60735,47.38,281.87,32642570.44,17,23.5,Baixa
2017,8,2017-08-01,Norte,TO,Palmas,151850,32173,38.18,706.57,190794627.36,5,24.1,Alta
2017,8,2017-08-01,Nordeste,BA,Salvador,184977,38363,31.44,838.62,88951132.22,8,26.2,Baixa
2017,8,2017-08-01,Nordeste,BA,Feira de Santana,450684,23318,69.75,1073.04,79602697.97,6,15.2,Média
2017,8,2017-08-01,Nordeste,PE,Recife,277729,18541,76.46,319.3,193641780.87,12,21.5,Alta
2017,8,2017-08-01,Nordeste,PE,Jaboatão dos Guararapes,133690,48186,39.99,673.32,110461977.26,11,13.2,Alta
2017,8,2017-08-01,Nordeste,CE,Fortaleza,159958,24087,88.71,422.44,195096453.93,12,20.8,Baixa
2017,8,2017-08-01,Nordeste,CE,Juazeiro do Norte,271418,35282,31.78,621.32,178819911.15,12,23.1,Baixa
2017,8,2017-08-01,Nordeste,MA,São Luís,253612,69751,91.05,1045.25,70939082.75,11,24.6,Baixa
2017,8,2017-08-01,Nordeste,PB,João Pessoa,215848,62261,54.75,576.15,128204002.48,9,22.0,Alta
2017,8,2017-08-01,Centro-Oeste,DF,Brasília,443772,38092,92.37,626.43,92021875.0,7,31.7,Baixa
2017,8,2017-08-01,Centro-Oeste,GO,Goiânia,301605,71701,77.54,260.56,29791654.6,9,28.6,Alta
2017,8,2017-08-01,Centro-Oeste,GO,Aparecida de Goiânia,56251,4597,93.17,893.3,198690110.63,10,34.2,Alta
2017,8,2017-08-01,Centro-Oeste,MT,Cuiabá,259956,18170,74.32,336.94,30577243.84,13,18.4,Alta
2017,8,2017-08-01,Centro-Oeste,MS,Campo Grande,74960,63261,78.58,1104.94,20117540.05,13,23.3,Baixa
2017,8,2017-08-01,Sudeste,SP,São Paulo,482643,1119,32.21,871.03,61030239.24,10,21.2,Média
2017,8,2017-08-01,Sudeste,SP,Campinas,491025,16079,67.43,578.98,157356508.48,10,26.3,Baixa
2017,8,2017-08-01,Sudeste,SP,Ribeirão Preto,447682,52921,42.19,647.89,57851308.14,4,30.4,Baixa
2017,8,2017-08-01,Sudeste,RJ,Rio de Janeiro,259629,51715,94.71,503.81,194588879.02,9,24.6,Alta
2017,8,2017-08-01,Sudeste,RJ,Niterói,434575,46055,54.88,220.39,140901523.59,10,25.3,Baixa
2017,8,2017-08-01,Sudeste,RJ,Nova Iguaçu,412401,17409,31.39,830.79,122031270.11,13,28.5,Média
2017,8,2017-08-01,Sudeste,RJ,Petrópolis,249332,1328,62.04,367.35,112153036.45,14,20.1,Baixa
2017,8,2017-08-01,Sudeste,MG,Belo Horizonte,41274,58343,93.62,818.1,155113715.08,11,21.7,Alta
2017,8,2017-08-01,Sudeste,MG,Uberlândia,336794,59721,47.22,841.4,184336805.34,11,25.6,Média
2017,8,2017-08-01,Sudeste,MG,Juiz de Fora,207474,6961,33.49,352.1,86394619.62,11,20.8,Baixa
2017,8,2017-08-01,Sudeste,ES,Vitória,180406,23750,52.44,817.25,33602891.98,9,32.1,Baixa
2017,8,2017-08-01,Sudeste,ES,Vila Velha,228664,3770,50.72,897.33,81678134.98,10,31.6,Baixa
2017,8,2017-08-01,Sudeste,ES,Serra,62474,48598,36.24,158.44,30868497.08,9,27.2,Média
2017,8,2017-08-01,Sul,PR,Curitiba,236219,27298,27.26,803.19,92025996.18,9,20.4,Alta
2017,8,2017-08-01,Sul,PR,Londrina,358253,51309,81.17,303.59,25916307.39,11,24.0,Baixa
2017,8,2017-08-01,Sul,SC,Florianópolis,22372,27352,88.75,617.1,29440529.4,10,27.2,Média
2017,8,2017-08-01,Sul,SC,Joinville,497591,53538,38.49,811.06,118408464.61,17,26.8,Média
2017,8,2017-08-01,Sul,RS,Porto Alegre,43764,34890,43.87,186.95,162287187.56,6,32.1,Média
2017,8,2017-08-01,Sul,RS,Caxias do Sul,421730,26234,73.91,925.46,115131525.64,18,21.7,Baixa
2017,9,2017-09-01,Norte,AM,Manaus,258626,39585,42.14,858.31,58316240.16,9,27.0,Baixa
2017,9,2017-09-01,Norte,PA,Belém,213441,4606,51.66,1149.33,67923081.74,9,19.2,Alta
2017,9,2017-09-01,Norte,PA,Santarém,339441,60529,56.8,446.65,66980938.65,12,24.0,Média
2017,9,2017-09-01,Norte,RO,Porto Velho,385060,9221,65.74,1049.72,16270725.66,7,29.7,Baixa
2017,9,2017-09-01,Norte,TO,Palmas,323279,13721,52.99,1087.58,94648607.58,11,23.3,Alta
2017,9,2017-09-01,Nordeste,BA,Salvador,83193,15941,32.56,433.12,26961922.99,9,19.5,Média
2017,9,2017-09-01,Nordeste,BA,Feira de Santana,41670,21878,28.5,189.72,52862161.03,6,29.6,Média
2017,9,2017-09-01,Nordeste,PE,Recife,160441,72788,94.47,822.89,181118964.12,10,26.2,Alta
2017,9,2017-09-01,Nordeste,PE,Jaboatão dos Guararapes,180663,6667,77.31,641.15,68600381.96,8,19.5,Alta
2017,9,2017-09-01,Nordeste,CE,Fortaleza,124661,56380,49.34,221.54,68282734.02,4,21.9,Média
2017,9,2017-09-01,Nordeste,CE,Juazeiro do Norte,370617,61266,54.95,535.32,32081663.29,8,25.4,Baixa
2017,9,2017-09-01,Nordeste,MA,São Luís,28870,44579,93.09,151.37,149870600.57,10,24.6,Baixa
2017,9,2017-09-01,Nordeste,PB,João Pessoa,250617,45421,88.66,814.1,114377704.09,11,27.1,Média
2017,9,2017-09-01,Centro-Oeste,DF,Brasília,136515,37720,31.58,699.16,57942733.61,5,26.8,Baixa
2017,9,2017-09-01,Centro-Oeste,GO,Goiânia,414458,29939,56.03,848.9,181256244.67,8,26.3,Alta
2017,9,2017-09-01,Centro-Oeste,GO,Aparecida de Goiânia,176320,4359,32.97,1093.94,53085715.43,3,24.8,Alta
2017,9,2017-09-01,Centro-Oeste,MT,Cuiabá,481013,43231,65.55,516.54,4120621.56,8,25.2,Alta
2017,9,2017-09-01,Centro-Oeste,MS,Campo Grande,465819,39760,74.79,524.28,117108266.69,8,30.4,Alta
2017,9,2017-09-01,Sudeste,SP,São Paulo,442766,41020,52.97,456.29,100117910.75,9,29.1,Média
2017,9,2017-09-01,Sudeste,SP,Campinas,192451,41633,78.95,937.84,156339173.61,12,23.8,Média
2017,9,2017-09-01,Sudeste,SP,Ribeirão Preto,56101,5622,63.21,205.73,57612637.67,11,25.4,Baixa
2017,9,2017-09-01,Sudeste,RJ,Rio de Janeiro,174940,74433,87.97,186.13,152925066.69,9,14.4,Baixa
2017,9,2017-09-01,Sudeste,RJ,Niterói,74062,45124,82.44,1058.11,170338303.02,10,25.9,Média
2017,9,2017-09-01,Sudeste,RJ,Nova Iguaçu,195351,7457,65.76,272.49,119147557.83,16,28.6,Média
2017,9,2017-09-01,Sudeste,RJ,Petrópolis,13274,52955,88.67,329.44,198779853.95,10,22.0,Alta
2017,9,2017-09-01,Sudeste,MG,Belo Horizonte,96704,65209,51.8,228.48,166377296.21,8,26.6,Baixa
2017,9,2017-09-01,Sudeste,MG,Uberlândia,167018,49075,72.56,1020.14,71426523.15,11,29.0,Média
2017,9,2017-09-01,Sudeste,MG,Juiz de Fora,49260,68350,38.04,1060.76,19180850.72,8,28.8,Média
2017,9,2017-09-01,Sudeste,ES,Vitória,339421,22639,36.64,850.83,182149753.26,12,25.4,Alta
2017,9,2017-09-01,Sudeste,ES,Vila Velha,298603,42611,60.1,177.48,58508836.57,14,19.8,Alta
2017,9,2017-09-01,Sudeste,ES,Serra,14730,26341,25.27,655.46,108015246.04,8,19.9,Alta
2017,9,2017-09-01,Sul,PR,Curitiba,310594,27396,47.94,906.21,53325058.57,14,24.1,Baixa
2017,9,2017-09-01,Sul,PR,Londrina,192473,34702,73.09,1122.7,125023645.97,6,21.1,Alta
2017,9,2017-09-01,Sul,SC,Florianópolis,66298,58728,71.07,703.72,33429460.85,5,26.8,Média
2017,9,2017-09-01,Sul,SC,Joinville,350098,64429,84.46,1146.44,86389801.28,7,30.6,Baixa
2017,9,2017-09-01,Sul,RS,Porto Alegre,321951,53863,46.29,918.19,131832079.32,7,28.1,Baixa
2017,9,2017-09-01,Sul,RS,Caxias do Sul,211939,76287,93.62,759.37,195544276.59,13,22.8,Baixa
2017,10,2017-10-01,Norte,AM,Manaus,154719,56060,49.36,305.7,13304557.02,9,21.4,Alta
2017,10,2017-10-01,Norte,PA,Belém,146699,56506,65.17,716.69,72268130.42,7,21.6,Baixa
2017,10,2017-10-01,Norte,PA,Santarém,172415,60554,61.53,1104.69,69483629.47,9,26.2,Baixa
2017,10,2017-10-01,Norte,RO,Porto Velho,15010,11942,85.51,508.41,100631175.52,10,24.9,Baixa
2017,10,2017-10-01,Norte,TO,Palmas,332684,68933,61.81,739.39,12919466.5,9,28.7,Média
2017,10,2017-10-01,Nordeste,BA,Salvador,480760,45327,31.07,501.21,144168272.76,12,21.2,Baixa
2017,10,2017-10-01,Nordeste,BA,Feira de Santana,128487,37787,85.25,716.21,27773916.95,9,36.1,Baixa
2017,10,2017-10-01,Nordeste,PE,Recife,121450,43889,76.23,655.3,72379929.37,8,18.0,Média
2017,10,2017-10-01,Nordeste,PE,Jaboatão dos Guararapes,347378,22052,28.47,544.96,54724761.28,8,26.4,Alta
2017,10,2017-10-01,Nordeste,CE,Fortaleza,191957,8661,73.28,465.36,32586096.44,7,19.5,Baixa
2017,10,2017-10-01,Nordeste,CE,Juazeiro do Norte,218872,58854,31.9,694.03,187343153.62,4,27.3,Baixa
2017,10,2017-10-01,Nordeste,MA,São Luís,334988,6568,51.47,678.93,173421030.61,3,23.5,Baixa
2017,10,2017-10-01,Nordeste,PB,João Pessoa,279058,29773,86.77,749.39,135756874.29,6,22.3,Alta
2017,10,2017-10-01,Centro-Oeste,DF,Brasília,342801,49953,68.39,962.82,179864820.52,9,15.1,Baixa
2017,10,2017-10-01,Centro-Oeste,GO,Goiânia,236602,69889,64.75,800.2,80833206.53,7,26.5,Alta
2017,10,2017-10-01,Centro-Oeste,GO,Aparecida de Goiânia,341523,46124,48.86,526.62,159719737.61,7,25.5,Média
2017,10,2017-10-01,Centro-Oeste,MT,Cuiabá,345556,37433,40.99,966.32,96196205.23,10,24.2,Baixa
2017,10,2017-10-01,Centro-Oeste,MS,Campo Grande,180313,24234,63.93,726.04,106710911.47,10,19.9,Média
2017,10,2017-10-01,Sudeste,SP,São Paulo,173912,26839,90.78,292.17,115564466.98,8,22.6,Média
2017,10,2017-10-01,Sudeste,SP,Campinas,79648,37903,64.85,1182.73,96689072.79,12,28.2,Média
2017,10,2017-10-01,Sudeste,SP,Ribeirão Preto,283747,61080,43.95,1197.49,90116113.01,12,24.4,Média
2017,10,2017-10-01,Sudeste,RJ,Rio de Janeiro,459565,64827,71.45,247.64,61327438.45,12,23.3,Média
2017,10,2017-10-01,Sudeste,RJ,Niterói,283170,32582,59.22,537.61,41847621.37,11,28.0,Média
2017,10,2017-10-01,Sudeste,RJ,Nova Iguaçu,496220,74786,81.28,163.44,129297025.94,11,26.8,Baixa
2017,10,2017-10-01,Sudeste,RJ,Petrópolis,317498,70944,34.19,991.37,130704913.57,10,22.5,Média
2017,10,2017-10-01,Sudeste,MG,Belo Horizonte,204393,6029,27.71,1077.59,29116968.35,7,29.3,Alta
2017,10,2017-10-01,Sudeste,MG,Uberlândia,342635,42164,92.99,308.72,110262917.16,8,25.8,Baixa
2017,10,2017-10-01,Sudeste,MG,Juiz de Fora,23369,6864,39.23,382.66,133565167.24,14,22.0,Baixa
2017,10,2017-10-01,Sudeste,ES,Vitória,256421,21461,79.22,188.9,40791557.73,7,27.0,Média
2017,10,2017-10-01,Sudeste,ES,Vila Velha,275847,28547,36.94,461.95,45890671.45,6,26.7,Baixa
2017,10,2017-10-01,Sudeste,ES,Serra,214901,75459,85.63,172.73,16656199.25,8,25.4,Baixa
2017,10,2017-10-01,Sul,PR,Curitiba,177383,74784,87.41,153.98,98546462.62,10,23.4,Média
2017,10,2017-10-01,Sul,PR,Londrina,137980,7531,51.81,857.84,159762434.93,16,24.4,Alta
2017,10,2017-10-01,Sul,SC,Florianópolis,485520,19728,29.29,882.14,62282148.22,10,24.1,Média
2017,10,2017-10-01,Sul,SC,Joinville,145652,78154,54.35,464.07,97374590.11,13,17.1,Baixa
2017,10,2017-10-01,Sul,RS,Porto Alegre,68588,38091,62.48,691.99,127911740.76,11,27.9,Média
2017,10,2017-10-01,Sul,RS,Caxias do Sul,244580,31852,67.77,871.78,119841083.0,8,24.0,Alta
2017,11,2017-11-01,Norte,AM,Manaus,243462,51357,29.9,329.11,127741914.75,9,19.8,Alta
2017,11,2017-11-01,Norte,PA,Belém,39944,61535,49.59,1160.0,30027462.59,11,24.6,Alta
2017,11,2017-11-01,Norte,PA,Santarém,89056,64269,73.74,889.94,117214429.16,5,30.5,Alta
2017,11,2017-11-01,Norte,RO,Porto Velho,188757,55471,54.11,961.21,25314948.72,11,25.3,Média
2017,11,2017-11-01,Norte,TO,Palmas,143717,12201,78.83,897.59,166212269.72,12,22.1,Alta
2017,11,2017-11-01,Nordeste,BA,Salvador,481296,42493,35.54,1178.32,138074529.32,12,27.9,Baixa
2017,11,2017-11-01,Nordeste,BA,Feira de Santana,122804,35095,39.67,653.8,45992170.91,6,22.6,Alta
2017,11,2017-11-01,Nordeste,PE,Recife,352902,13159,65.3,526.58,174549108.48,8,23.7,Média
2017,11,2017-11-01,Nordeste,PE,Jaboatão dos Guararapes,226046,48697,28.56,394.37,143906051.07,11,25.8,Média
2017,11,2017-11-01,Nordeste,CE,Fortaleza,326021,62034,77.41,781.49,126342859.78,10,29.3,Baixa
2017,11,2017-11-01,Nordeste,CE,Juazeiro do Norte,323458,5148,89.5,232.97,37024649.69,12,13.1,Baixa
2017,11,2017-11-01,Nordeste,MA,São Luís,106903,77371,27.29,1003.46,187977075.78,10,19.5,Alta
2017,11,2017-11-01,Nordeste,PB,João Pessoa,177034,12254,64.64,174.73,20995866.84,9,23.8,Alta
2017,11,2017-11-01,Centro-Oeste,DF,Brasília,117845,48506,67.67,233.76,81283811.7,7,23.2,Alta
2017,11,2017-11-01,Centro-Oeste,GO,Goiânia,252601,61809,94.95,972.11,139089414.38,7,23.0,Média
2017,11,2017-11-01,Centro-Oeste,GO,Aparecida de Goiânia,190957,23992,85.51,412.92,110353379.78,11,26.2,Baixa
2017,11,2017-11-01,Centro-Oeste,MT,Cuiabá,352992,30876,67.35,422.62,10653624.92,6,19.0,Média
2017,11,2017-11-01,Centro-Oeste,MS,Campo Grande,431542,78510,81.42,285.31,177041802.81,8,19.1,Baixa
2017,11,2017-11-01,Sudeste,SP,São Paulo,334021,59498,89.96,1028.73,143198698.31,4,24.0,Baixa
2017,11,2017-11-01,Sudeste,SP,Campinas,354473,39670,77.17,1105.19,135699992.33,7,22.0,Média
2017,11,2017-11-01,Sudeste,SP,Ribeirão Preto,104879,39546,68.94,289.33,120366190.66,11,23.0,Baixa
2017,11,2017-11-01,Sudeste,RJ,Rio de Janeiro,365066,59477,62.0,864.69,168931854.0,8,27.0,Média
2017,11,2017-11-01,Sudeste,RJ,Niterói,214632,58555,42.82,623.69,39251065.96,8,27.2,Alta
2017,11,2017-11-01,Sudeste,RJ,Nova Iguaçu,230424,29708,26.46,646.41,157289107.5,14,22.1,Alta
2017,11,2017-11-01,Sudeste,RJ,Petrópolis,164081,52914,48.17,707.39,92720817.75,7,21.8,Baixa
2017,11,2017-11-01,Sudeste,MG,Belo Horizonte,327920,54079,92.46,950.46,138922669.61,11,24.1,Baixa
2017,11,2017-11-01,Sudeste,MG,Uberlândia,481380,48578,26.29,421.82,28041172.08,7,24.4,Baixa
2017,11,2017-11-01,Sudeste,MG,Juiz de Fora,268895,17817,50.59,729.29,75946891.53,9,24.7,Baixa
2017,11,2017-11-01,Sudeste,ES,Vitória,87296,53972,78.26,895.61,119023243.78,15,27.5,Baixa
2017,11,2017-11-01,Sudeste,ES,Vila Velha,411948,27413,82.95,181.44,149454130.25,10,24.4,Baixa
2017,11,2017-11-01,Sudeste,ES,Serra,230266,70000,80.94,507.41,79173199.88,9,20.2,Média
2017,11,2017-11-01,Sul,PR,Curitiba,279952,52492,61.52,1139.96,73744738.59,10,29.2,Média
2017,11,2017-11-01,Sul,PR,Londrina,171818,26134,92.51,909.02,41069723.61,7,29.5,Média
2017,11,2017-11-01,Sul,SC,Florianópolis,481387,70733,88.27,752.76,62202222.77,11,31.6,Baixa
2017,11,2017-11-01,Sul,SC,Joinville,358604,60328,92.86,684.35,142546647.5,16,25.5,Baixa
2017,11,2017-11-01,Sul,RS,Porto Alegre,197408,77955,87.41,358.12,43705115.4,7,27.5,Baixa
2017,11,2017-11-01,Sul,RS,Caxias do Sul,404483,9916,65.09,970.42,43883044.3,12,21.6,Baixa
2017,12,2017-12-01,Norte,AM,Manaus,396080,56228,85.17,679.58,46589512.61,8,28.5,Média
2017,12,2017-12-01,Norte,PA,Belém,28681,62529,88.75,1090.42,74214848.53,17,23.7,Baixa
2017,12,2017-12-01,Norte,PA,Santarém,332281,39997,48.8,223.8,33473921.17,14,28.7,Baixa
2017,12,2017-12-01,Norte,RO,Porto Velho,191217,1828,56.55,319.03,144805552.23,13,26.3,Alta
2017,12,2017-12-01,Norte,TO,Palmas,460727,48401,48.58,592.17,18752832.8,13,23.5,Baixa
2017,12,2017-12-01,Nordeste,BA,Salvador,30115,50856,52.26,528.79,188708668.69,10,26.1,Alta
2017,12,2017-12-01,Nordeste,BA,Feira de Santana,153003,7949,92.78,230.64,40358045.25,13,20.6,Alta
2017,12,2017-12-01,Nordeste,PE,Recife,245449,49455,26.57,1197.24,191700992.48,10,30.8,Alta
2017,12,2017-12-01,Nordeste,PE,Jaboatão dos Guararapes,209151,46613,63.16,1192.17,66056510.81,9,23.4,Alta
2017,12,2017-12-01,Nordeste,CE,Fortaleza,215607,23960,57.18,1032.86,30395842.09,12,28.2,Alta
2017,12,2017-12-01,Nordeste,CE,Juazeiro do Norte,338463,14481,85.65,559.84,79255999.11,9,26.8,Média
2017,12,2017-12-01,Nordeste,MA,São Luís,191483,55757,56.75,848.85,9885289.14,10,27.9,Baixa
2017,12,2017-12-01,Nordeste,PB,João Pessoa,315931,67664,57.47,484.68,132893834.4,12,22.8,Alta
2017,12,2017-12-01,Centro-Oeste,DF,Brasília,393363,59324,36.84,184.55,65248173.73,11,26.4,Baixa
2017,12,2017-12-01,Centro-Oeste,GO,Goiânia,383740,58708,84.72,718.39,166499471.05,11,24.6,Alta
2017,12,2017-12-01,Centro-Oeste,GO,Aparecida de Goiânia,370236,11244,30.58,754.16,10502361.15,13,25.7,Média
2017,12,2017-12-01,Centro-Oeste,MT,Cuiabá,122506,40533,60.44,426.42,103069812.09,13,22.2,Baixa
2017,12,2017-12-01,Centro-Oeste,MS,Campo Grande,332653,17179,71.19,280.6,51629941.68,11,22.9,Alta
2017,12,2017-12-01,Sudeste,SP,São Paulo,186324,33654,72.16,593.48,75333104.91,14,28.2,Alta
2017,12,2017-12-01,Sudeste,SP,Campinas,158743,33686,30.35,290.09,99479274.49,10,25.3,Baixa
2017,12,2017-12-01,Sudeste,SP,Ribeirão Preto,295387,61789,66.13,972.45,172960718.92,9,24.8,Alta
2017,12,2017-12-01,Sudeste,RJ,Rio de Janeiro,275611,2886,88.74,931.42,139350075.03,9,26.3,Alta
2017,12,2017-12-01,Sudeste,RJ,Niterói,382809,18402,92.58,885.56,85035237.04,10,25.8,Baixa
2017,12,2017-12-01,Sudeste,RJ,Nova Iguaçu,99083,77950,55.88,948.99,48099370.58,6,28.1,Alta
2017,12,2017-12-01,Sudeste,RJ,Petrópolis,317118,55638,65.8,953.67,80818646.25,6,28.3,Baixa
2017,12,2017-12-01,Sudeste,MG,Belo Horizonte,143139,42474,25.34,683.6,56424377.27,10,20.8,Média
2017,12,2017-12-01,Sudeste,MG,Uberlândia,482395,38535,50.69,789.96,60306948.55,11,23.5,Média
2017,12,2017-12-01,Sudeste,MG,Juiz de Fora,315290,18360,93.44,374.2,135537830.78,14,32.1,Baixa
2017,12,2017-12-01,Sudeste,ES,Vitória,190867,26371,76.14,660.08,158355150.35,7,25.9,Média
2017,12,2017-12-01,Sudeste,ES,Vila Velha,453969,11808,66.57,566.67,172494423.2,9,29.5,Baixa
2017,12,2017-12-01,Sudeste,ES,Serra,291530,59040,64.14,640.81,11082237.11,10,24.9,Média
2017,12,2017-12-01,Sul,PR,Curitiba,75166,49788,87.83,350.2,192286483.33,16,23.1,Alta
2017,12,2017-12-01,Sul,PR,Londrina,386347,30791,67.54,878.16,93728822.46,11,27.8,Baixa
2017,12,2017-12-01,Sul,SC,Florianópolis,70054,5255,91.45,844.73,138866769.5,13,25.5,Baixa
2017,12,2017-12-01,Sul,SC,Joinville,255608,8210,43.41,181.28,145049189.2,12,23.3,Alta
2017,12,2017-12-01,Sul,RS,Porto Alegre,425560,65018,51.72,186.93,163168895.43,12,20.8,Média
2017,12,2017-12-01,Sul,RS,Caxias do Sul,317499,5647,32.6,478.98,163447549.1,11,14.8,Baixa
2018,1,2018-01-01,Norte,AM,Manaus,327759,11419,30.35,1124.63,143329186.12,12,19.9,Média
2018,1,2018-01-01,Norte,PA,Belém,212641,24232,36.32,819.28,111091722.26,10,31.5,Baixa
2018,1,2018-01-01,Norte,PA,Santarém,413605,37323,43.39,634.17,24583085.88,13,18.9,Média
2018,1,2018-01-01,Norte,RO,Porto Velho,137624,79673,52.21,610.86,134043387.61,10,24.9,Média
2018,1,2018-01-01,Norte,TO,Palmas,373854,51080,34.15,1182.21,14893339.4,15,24.7,Baixa
2018,1,2018-01-01,Nordeste,BA,Salvador,183242,47652,33.8,308.93,164212597.52,9,26.1,Alta
2018,1,2018-01-01,Nordeste,BA,Feira de Santana,135454,3757,42.65,1104.89,145585263.01,16,27.4,Baixa
2018,1,2018-01-01,Nordeste,PE,Recife,17155,45073,79.43,913.56,85909157.73,15,26.8,Média
2018,1,2018-01-01,Nordeste,PE,Jaboatão dos Guararapes,47057,63933,67.92,262.06,6732316.94,14,20.3,Baixa
2018,1,2018-01-01,Nordeste,CE,Fortaleza,210878,24714,82.65,736.11,71570891.8,4,28.9,Baixa
2018,1,2018-01-01,Nordeste,CE,Juazeiro do Norte,400491,65163,94.55,883.67,186685371.15,14,21.5,Alta
2018,1,2018-01-01,Nordeste,MA,São Luís,41532,38264,69.22,457.91,3132544.81,12,29.2,Baixa
2018,1,2018-01-01,Nordeste,PB,João Pessoa,353987,11039,82.41,524.53,46803661.66,12,21.1,Baixa
2018,1,2018-01-01,Centro-Oeste,DF,Brasília,474752,55165,42.82,639.7,120511759.6,16,27.3,Baixa
2018,1,2018-01-01,Centro-Oeste,GO,Goiânia,391549,52119,77.42,948.8,37777997.39,14,19.5,Alta
2018,1,2018-01-01,Centro-Oeste,GO,Aparecida de Goiânia,142168,39240,90.62,215.2,145113830.82,7,28.8,Baixa
2018,1,2018-01-01,Centro-Oeste,MT,Cuiabá,237923,48451,60.46,542.47,87700344.73,9,25.6,Baixa
2018,1,2018-01-01,Centro-Oeste,MS,Campo Grande,111560,75871,56.76,388.39,34193155.95,5,25.9,Média
2018,1,2018-01-01,Sudeste,SP,São Paulo,227952,63950,87.35,900.33,62248768.43,9,24.8,Média
2018,1,2018-01-01,Sudeste,SP,Campinas,179354,13846,69.32,1043.78,109417943.93,9,28.9,Baixa
2018,1,2018-01-01,Sudeste,SP,Ribeirão Preto,72966,23271,42.67,1179.82,11328733.26,10,23.3,Média
2018,1,2018-01-01,Sudeste,RJ,Rio de Janeiro,229784,74028,86.84,646.86,106490150.41,8,27.0,Baixa
2018,1,2018-01-01,Sudeste,RJ,Niterói,268207,35852,92.41,875.8,39193407.26,13,23.2,Alta
2018,1,2018-01-01,Sudeste,RJ,Nova Iguaçu,138907,7786,76.29,241.21,35731163.16,14,30.1,Baixa
2018,1,2018-01-01,Sudeste,RJ,Petrópolis,384541,10829,69.83,603.59,80045232.3,10,24.0,Média
2018,1,2018-01-01,Sudeste,MG,Belo Horizonte,158592,2572,76.09,338.41,40195703.4,11,28.7,Baixa
2018,1,2018-01-01,Sudeste,MG,Uberlândia,284388,64501,48.46,161.2,66176897.89,10,21.9,Alta
2018,1,2018-01-01,Sudeste,MG,Juiz de Fora,381569,24837,91.14,1077.1,165884289.1,7,27.1,Média
2018,1,2018-01-01,Sudeste,ES,Vitória,183181,66638,53.66,610.47,5081623.62,6,33.1,Média
2018,1,2018-01-01,Sudeste,ES,Vila Velha,180906,7704,72.34,156.57,143185642.06,9,24.6,Alta
2018,1,2018-01-01,Sudeste,ES,Serra,229213,36097,59.22,704.35,62293508.92,9,24.7,Alta
2018,1,2018-01-01,Sul,PR,Curitiba,208269,9518,46.49,323.81,93171685.41,10,23.9,Baixa
2018,1,2018-01-01,Sul,PR,Londrina,124471,69335,73.02,297.44,75664508.2,11,21.5,Média
2018,1,2018-01-01,Sul,SC,Florianópolis,129895,17116,77.71,323.63,49965400.92,11,26.2,Baixa
2018,1,2018-01-01,Sul,SC,Joinville,409499,12609,71.73,1038.05,89801547.66,12,27.5,Alta
2018,1,2018-01-01,Sul,RS,Porto Alegre,465294,7920,93.29,753.85,175336473.08,17,29.0,Média
2018,1,2018-01-01,Sul,RS,Caxias do Sul,332075,31132,43.18,924.65,118987633.87,11,22.2,Alta
2018,2,2018-02-01,Norte,AM,Manaus,485909,18277,26.65,290.69,46053639.05,11,26.7,Alta
2018,2,2018-02-01,Norte,PA,Belém,283430,66688,70.35,488.26,91770721.57,12,28.6,Baixa
2018,2,2018-02-01,Norte,PA,Santarém,390498,20835,71.29,1104.33,77242633.93,5,30.6,Baixa
2018,2,2018-02-01,Norte,RO,Porto Velho,471691,60969,78.23,1122.73,3854639.62,13,16.1,Baixa
2018,2,2018-02-01,Norte,TO,Palmas,185590,39548,42.17,1184.48,122658345.81,5,22.2,Média
2018,2,2018-02-01,Nordeste,BA,Salvador,71828,58148,40.06,735.27,51593871.54,15,27.5,Baixa
2018,2,2018-02-01,Nordeste,BA,Feira de Santana,394080,33893,49.48,645.44,48913224.77,8,11.8,Alta
2018,2,2018-02-01,Nordeste,PE,Recife,78664,18134,40.34,607.75,185857959.75,11,23.8,Baixa
2018,2,2018-02-01,Nordeste,PE,Jaboatão dos Guararapes,277902,69396,71.58,151.01,10329731.18,11,25.3,Alta
2018,2,2018-02-01,Nordeste,CE,Fortaleza,215879,51872,89.31,349.61,168706500.95,10,28.3,Baixa
2018,2,2018-02-01,Nordeste,CE,Juazeiro do Norte,52944,26879,49.94,719.92,161240886.48,11,27.2,Média
2018,2,2018-02-01,Nordeste,MA,São Luís,461635,49354,61.55,1081.68,53547254.94,10,21.5,Alta
2018,2,2018-02-01,Nordeste,PB,João Pessoa,37368,75659,42.47,888.5,32115287.23,9,17.8,Média
2018,2,2018-02-01,Centro-Oeste,DF,Brasília,451818,10920,28.31,902.24,62853851.89,19,24.4,Alta
2018,2,2018-02-01,Centro-Oeste,GO,Goiânia,274399,65579,94.66,241.9,117083907.71,3,28.6,Alta
2018,2,2018-02-01,Centro-Oeste,GO,Aparecida de Goiânia,494767,58537,81.95,1086.89,191879762.87,12,36.3,Alta
2018,2,2018-02-01,Centro-Oeste,MT,Cuiabá,410527,33904,38.77,976.97,159088531.78,10,21.9,Baixa
2018,2,2018-02-01,Centro-Oeste,MS,Campo Grande,190372,26583,48.84,728.98,160974807.91,15,25.7,Média
2018,2,2018-02-01,Sudeste,SP,São Paulo,329024,9386,27.22,1156.84,74616238.21,9,28.7,Média
2018,2,2018-02-01,Sudeste,SP,Campinas,468614,32953,59.74,986.81,139594909.49,11,19.5,Média
2018,2,2018-02-01,Sudeste,SP,Ribeirão Preto,470947,79019,70.27,668.15,74752786.66,8,28.0,Média
2018,2,2018-02-01,Sudeste,RJ,Rio de Janeiro,81245,12709,65.37,227.48,49423235.38,14,31.3,Alta
2018,2,2018-02-01,Sudeste,RJ,Niterói,46177,25278,75.79,1162.57,193897943.01,7,20.4,Média
2018,2,2018-02-01,Sudeste,RJ,Nova Iguaçu,261452,4790,51.77,919.98,1448330.38,13,30.5,Baixa
2018,2,2018-02-01,Sudeste,RJ,Petrópolis,308498,26594,63.41,245.44,174805661.38,6,30.3,Baixa
2018,2,2018-02-01,Sudeste,MG,Belo Horizonte,481065,21734,90.13,425.12,37096741.26,13,21.3,Alta
2018,2,2018-02-01,Sudeste,MG,Uberlândia,389635,8778,77.0,1115.19,25105224.82,5,22.7,Alta
2018,2,2018-02-01,Sudeste,MG,Juiz de Fora,429010,47612,46.41,268.05,89239196.27,10,30.2,Baixa
2018,2,2018-02-01,Sudeste,ES,Vitória,248432,68579,91.96,186.72,15984135.55,9,29.2,Baixa
2018,2,2018-02-01,Sudeste,ES,Vila Velha,245262,35201,40.75,171.25,49573103.31,9,24.1,Baixa
2018,2,2018-02-01,Sudeste,ES,Serra,394717,49799,26.72,475.25,27474695.24,8,24.4,Baixa
2018,2,2018-02-01,Sul,PR,Curitiba,293181,29668,89.79,619.68,26050694.89,13,17.3,Média
2018,2,2018-02-01,Sul,PR,Londrina,253749,17793,85.42,716.29,198144834.24,12,31.1,Alta
2018,2,2018-02-01,Sul,SC,Florianópolis,465687,26163,81.7,1067.03,187200996.84,11,24.7,Alta
2018,2,2018-02-01,Sul,SC,Joinville,163926,72706,68.74,1019.93,44366015.84,11,31.5,Baixa
2018,2,2018-02-01,Sul,RS,Porto Alegre,164105,8993,41.22,1085.13,175538709.45,9,27.0,Média
2018,2,2018-02-01,Sul,RS,Caxias do Sul,339475,42172,44.57,499.91,21964930.8,8,15.3,Alta
2018,3,2018-03-01,Norte,AM,Manaus,469165,20403,53.9,569.45,106463676.36,8,20.8,Alta
2018,3,2018-03-01,Norte,PA,Belém,495078,22928,69.63,707.6,1165408.28,6,20.8,Baixa
2018,3,2018-03-01,Norte,PA,Santarém,190709,76978,79.16,775.48,20100663.59,10,24.8,Alta
2018,3,2018-03-01,Norte,RO,Porto Velho,435631,79693,69.96,811.25,24633061.56,12,26.1,Baixa
2018,3,2018-03-01,Norte,TO,Palmas,275950,77107,89.88,431.91,191386262.37,11,26.3,Média
2018,3,2018-03-01,Nordeste,BA,Salvador,248579,55609,25.9,476.66,157975123.88,14,33.7,Baixa
2018,3,2018-03-01,Nordeste,BA,Feira de Santana,116245,62966,39.55,1124.88,11570361.7,10,25.2,Baixa
2018,3,2018-03-01,Nordeste,PE,Recife,157517,68736,45.04,906.34,169378277.6,9,18.5,Alta
2018,3,2018-03-01,Nordeste,PE,Jaboatão dos Guararapes,415700,63014,51.98,732.43,160868104.75,10,32.4,Média
2018,3,2018-03-01,Nordeste,CE,Fortaleza,288421,24753,39.86,549.88,56873806.78,6,26.2,Alta
2018,3,2018-03-01,Nordeste,CE,Juazeiro do Norte,338105,54549,88.82,385.82,69928502.95,10,21.5,Média
2018,3,2018-03-01,Nordeste,MA,São Luís,134563,25834,57.49,803.13,165605583.02,8,21.7,Baixa
2018,3,2018-03-01,Nordeste,PB,João Pessoa,101298,18840,48.91,590.35,74258163.25,6,19.3,Média
2018,3,2018-03-01,Centro-Oeste,DF,Brasília,466182,9033,55.19,590.47,88223969.0,8,25.0,Média
2018,3,2018-03-01,Centro-Oeste,GO,Goiânia,323944,63289,57.59,359.29,117439564.54,5,27.9,Alta
2018,3,2018-03-01,Centro-Oeste,GO,Aparecida de Goiânia,220100,18352,80.93,835.17,127618800.6,9,22.0,Média
2018,3,2018-03-01,Centro-Oeste,MT,Cuiabá,181852,20201,59.66,734.52,50861465.78,8,25.5,Alta
2018,3,2018-03-01,Centro-Oeste,MS,Campo Grande,371845,78839,44.65,389.62,168523149.94,10,24.9,Baixa
2018,3,2018-03-01,Sudeste,SP,São Paulo,429498,53731,35.38,249.19,67731380.53,16,19.9,Alta
2018,3,2018-03-01,Sudeste,SP,Campinas,485998,65392,57.03,1176.94,171181561.95,12,22.8,Baixa
2018,3,2018-03-01,Sudeste,SP,Ribeirão Preto,162064,14253,85.79,973.56,124232978.71,12,20.4,Alta
2018,3,2018-03-01,Sudeste,RJ,Rio de Janeiro,342221,66798,28.96,687.23,119024788.73,5,28.7,Média
2018,3,2018-03-01,Sudeste,RJ,Niterói,113352,67824,29.03,951.09,30670708.39,9,20.3,Alta
2018,3,2018-03-01,Sudeste,RJ,Nova Iguaçu,406959,41508,82.96,1095.3,169788456.39,9,26.8,Alta
2018,3,2018-03-01,Sudeste,RJ,Petrópolis,13051,33952,63.13,954.71,71372272.36,14,29.3,Alta
2018,3,2018-03-01,Sudeste,MG,Belo Horizonte,437674,66694,52.94,1190.17,18414272.41,6,18.4,Alta
2018,3,2018-03-01,Sudeste,MG,Uberlândia,383340,63713,71.98,750.96,110196759.55,10,18.7,Alta
2018,3,2018-03-01,Sudeste,MG,Juiz de Fora,459837,45863,78.29,356.86,121008718.78,13,28.1,Alta
2018,3,2018-03-01,Sudeste,ES,Vitória,397529,27217,76.1,571.13,73908249.8,8,26.7,Alta
2018,3,2018-03-01,Sudeste,ES,Vila Velha,224361,49594,37.97,563.75,161562827.69,13,22.5,Alta
2018,3,2018-03-01,Sudeste,ES,Serra,305391,47140,52.46,547.47,145133869.07,13,19.6,Baixa
2018,3,2018-03-01,Sul,PR,Curitiba,132480,4678,49.78,260.22,1577599.63,14,23.2,Baixa
2018,3,2018-03-01,Sul,PR,Londrina,347422,42685,40.07,885.92,134978456.16,10,24.9,Alta
2018,3,2018-03-01,Sul,SC,Florianópolis,220211,14811,37.9,635.09,96562670.65,9,26.9,Média
2018,3,2018-03-01,Sul,SC,Joinville,106869,52238,31.55,749.34,24378789.61,10,23.6,Média
2018,3,2018-03-01,Sul,RS,Porto Alegre,155444,41500,91.97,262.72,35073474.63,9,22.0,Média
2018,3,2018-03-01,Sul,RS,Caxias do Sul,158105,45611,52.55,692.14,58320402.54,9,31.5,Baixa
2018,4,2018-04-01,Norte,AM,Manaus,78205,6947,28.27,1181.66,92578457.98,6,24.2,Alta
2018,4,2018-04-01,Norte,PA,Belém,201483,4120,37.49,584.81,42885419.8,14,27.8,Alta
2018,4,2018-04-01,Norte,PA,Santarém,280390,46245,94.27,481.9,71561890.69,8,25.8,Baixa
2018,4,2018-04-01,Norte,RO,Porto Velho,173728,60319,80.88,298.56,94521307.14,8,22.4,Média
2018,4,2018-04-01,Norte,TO,Palmas,232196,21660,51.57,836.96,191541027.43,7,21.6,Alta
2018,4,2018-04-01,Nordeste,BA,Salvador,52110,22403,48.41,322.72,1781157.77,9,26.6,Baixa
2018,4,2018-04-01,Nordeste,BA,Feira de Santana,444868,14363,57.62,1002.03,60435777.79,5,18.9,Média
2018,4,2018-04-01,Nordeste,PE,Recife,50600,12806,35.23,619.73,109120637.36,6,33.3,Baixa
2018,4,2018-04-01,Nordeste,PE,Jaboatão dos Guararapes,200038,51186,73.72,969.96,132673304.99,8,17.9,Média
2018,4,2018-04-01,Nordeste,CE,Fortaleza,345665,24422,67.55,526.31,175635858.31,12,35.3,Alta
2018,4,2018-04-01,Nordeste,CE,Juazeiro do Norte,476964,13517,36.29,555.68,135309617.38,6,24.5,Baixa
2018,4,2018-04-01,Nordeste,MA,São Luís,107446,79461,44.08,216.28,187148757.74,14,27.9,Alta
2018,4,2018-04-01,Nordeste,PB,João Pessoa,360226,56339,66.11,721.29,139439828.78,10,26.1,Média
2018,4,2018-04-01,Centro-Oeste,DF,Brasília,296579,8021,52.92,705.15,198610422.94,14,23.8,Alta
2018,4,2018-04-01,Centro-Oeste,GO,Goiânia,468001,16236,70.43,566.87,47353588.27,8,33.5,Baixa
2018,4,2018-04-01,Centro-Oeste,GO,Aparecida de Goiânia,363976,10077,54.76,658.36,144816148.43,13,20.7,Alta
2018,4,2018-04-01,Centro-Oeste,MT,Cuiabá,15415,42344,87.24,1052.37,15680952.29,12,18.4,Alta
2018,4,2018-04-01,Centro-Oeste,MS,Campo Grande,173699,76885,86.91,229.54,15847562.43,4,26.6,Baixa
2018,4,2018-04-01,Sudeste,SP,São Paulo,75057,43399,47.84,627.53,141502400.21,6,25.8,Alta
2018,4,2018-04-01,Sudeste,SP,Campinas,152543,70247,58.33,1125.87,82552292.66,8,22.9,Alta
2018,4,2018-04-01,Sudeste,SP,Ribeirão Preto,414648,29783,78.12,1077.82,186221812.6,7,24.2,Baixa
2018,4,2018-04-01,Sudeste,RJ,Rio de Janeiro,450142,58716,29.8,553.03,13492475.67,6,24.4,Baixa
2018,4,2018-04-01,Sudeste,RJ,Niterói,241677,50883,80.0,502.7,4840387.21,11,14.7,Média
2018,4,2018-04-01,Sudeste,RJ,Nova Iguaçu,267364,26180,44.98,239.14,24753888.48,8,20.2,Baixa
2018,4,2018-04-01,Sudeste,RJ,Petrópolis,322800,35988,62.42,515.52,94809062.82,11,21.4,Baixa
2018,4,2018-04-01,Sudeste,MG,Belo Horizonte,199604,44712,86.63,1168.13,178991394.79,10,25.2,Baixa
2018,4,2018-04-01,Sudeste,MG,Uberlândia,164712,17502,45.12,485.91,158560253.51,6,30.2,Média
2018,4,2018-04-01,Sudeste,MG,Juiz de Fora,313168,6775,87.26,583.67,94614275.35,12,25.6,Baixa
2018,4,2018-04-01,Sudeste,ES,Vitória,216472,52825,54.0,603.98,152483779.51,9,25.2,Alta
2018,4,2018-04-01,Sudeste,ES,Vila Velha,376137,24342,39.8,1162.21,76403974.19,12,21.3,Média
2018,4,2018-04-01,Sudeste,ES,Serra,438903,27018,78.29,497.1,94622790.28,5,18.1,Média
2018,4,2018-04-01,Sul,PR,Curitiba,275511,42497,80.65,882.25,76861105.74,10,18.1,Alta
2018,4,2018-04-01,Sul,PR,Londrina,460203,40231,40.33,714.78,39314800.01,8,17.9,Alta
2018,4,2018-04-01,Sul,SC,Florianópolis,215045,12140,57.39,815.83,133062155.61,8,27.0,Alta
2018,4,2018-04-01,Sul,SC,Joinville,100852,49738,70.39,1048.08,189509412.88,11,29.3,Média
2018,4,2018-04-01,Sul,RS,Porto Alegre,490761,79441,71.8,317.98,20686076.35,10,29.7,Baixa
2018,4,2018-04-01,Sul,RS,Caxias do Sul,27789,29480,44.09,646.85,102320630.4,9,20.2,Alta
2018,5,2018-05-01,Norte,AM,Manaus,279804,20587,87.98,302.61,38320426.61,8,34.7,Baixa
2018,5,2018-05-01,Norte,PA,Belém,248228,54296,93.91,1192.34,115987056.26,16,26.3,Média
2018,5,2018-05-01,Norte,PA,Santarém,111018,61260,50.0,874.71,69538615.79,14,27.4,Baixa
2018,5,2018-05-01,Norte,RO,Porto Velho,196460,77970,90.05,232.59,61769078.29,11,25.6,Média
2018,5,2018-05-01,Norte,TO,Palmas,159237,17991,42.46,732.12,65455678.88,8,21.3,Alta
2018,5,2018-05-01,Nordeste,BA,Salvador,216235,59034,67.84,1179.0,186219879.04,5,18.1,Baixa
2018,5,2018-05-01,Nordeste,BA,Feira de Santana,427289,46741,68.92,321.68,53642150.0,23,26.5,Baixa
2018,5,2018-05-01,Nordeste,PE,Recife,385538,13162,40.25,357.31,22866262.37,14,28.0,Baixa
2018,5,2018-05-01,Nordeste,PE,Jaboatão dos Guararapes,188020,26539,78.36,625.29,129272814.35,13,23.9,Alta
2018,5,2018-05-01,Nordeste,CE,Fortaleza,361058,28451,76.84,1196.45,95017225.47,17,23.8,Média
2018,5,2018-05-01,Nordeste,CE,Juazeiro do Norte,391129,30309,51.58,159.31,166493207.57,14,26.9,Baixa
2018,5,2018-05-01,Nordeste,MA,São Luís,233652,72547,94.89,506.51,34031008.5,11,21.1,Baixa
2018,5,2018-05-01,Nordeste,PB,João Pessoa,83973,41430,81.68,675.17,75410419.11,9,25.2,Alta
2018,5,2018-05-01,Centro-Oeste,DF,Brasília,154865,79502,50.77,526.15,73834818.95,8,35.0,Média
2018,5,2018-05-01,Centro-Oeste,GO,Goiânia,383171,29658,94.94,572.21,69804170.66,11,27.6,Média
2018,5,2018-05-01,Centro-Oeste,GO,Aparecida de Goiânia,425205,66303,77.89,662.29,77653208.05,10,26.1,Alta
2018,5,2018-05-01,Centro-Oeste,MT,Cuiabá,37470,51249,41.17,904.32,117933366.84,11,17.5,Baixa
2018,5,2018-05-01,Centro-Oeste,MS,Campo Grande,147780,48332,91.39,279.29,73763694.51,7,10.8,Alta
2018,5,2018-05-01,Sudeste,SP,São Paulo,363058,7864,90.91,445.98,117132096.82,12,17.9,Média
2018,5,2018-05-01,Sudeste,SP,Campinas,179432,51734,90.52,355.18,181693702.14,10,21.0,Baixa
2018,5,2018-05-01,Sudeste,SP,Ribeirão Preto,496073,18606,27.16,1144.06,10628790.82,8,26.1,Alta
2018,5,2018-05-01,Sudeste,RJ,Rio de Janeiro,301453,51947,66.94,627.11,154912279.09,7,22.6,Alta
2018,5,2018-05-01,Sudeste,RJ,Niterói,151374,72539,74.43,328.2,33583330.62,8,22.5,Alta
2018,5,2018-05-01,Sudeste,RJ,Nova Iguaçu,242361,40989,85.57,890.49,135668724.79,10,20.8,Média
2018,5,2018-05-01,Sudeste,RJ,Petrópolis,16142,74822,74.99,1039.11,175216358.54,12,25.9,Alta
2018,5,2018-05-01,Sudeste,MG,Belo Horizonte,151263,43225,68.94,322.9,168522620.41,9,28.1,Média
2018,5,2018-05-01,Sudeste,MG,Uberlândia,184520,65207,70.1,791.4,191692743.45,10,25.8,Média
2018,5,2018-05-01,Sudeste,MG,Juiz de Fora,105763,22633,91.38,440.9,183875801.58,7,24.5,Baixa
2018,5,2018-05-01,Sudeste,ES,Vitória,150719,4034,85.03,956.96,73917870.81,10,33.7,Baixa
2018,5,2018-05-01,Sudeste,ES,Vila Velha,346128,77533,92.42,1015.45,64636707.84,12,26.4,Alta
2018,5,2018-05-01,Sudeste,ES,Serra,121173,57017,56.31,169.74,161599576.17,8,17.2,Alta
2018,5,2018-05-01,Sul,PR,Curitiba,239921,7942,66.85,702.04,21624997.14,13,21.2,Baixa
2018,5,2018-05-01,Sul,PR,Londrina,393498,2572,93.06,827.11,110042280.29,8,30.0,Alta
2018,5,2018-05-01,Sul,SC,Florianópolis,205567,27968,57.94,1002.44,105275924.01,8,27.0,Alta
2018,5,2018-05-01,Sul,SC,Joinville,259123,5147,53.2,164.66,6351896.15,11,19.7,Baixa
2018,5,2018-05-01,Sul,RS,Porto Alegre,328468,39167,88.57,473.67,198587755.12,8,22.1,Alta
2018,5,2018-05-01,Sul,RS,Caxias do Sul,14628,61487,57.23,1051.66,148591147.1,9,28.8,Baixa
2018,6,2018-06-01,Norte,AM,Manaus,352791,76800,86.96,1167.1,90726302.09,10,27.5,Baixa
2018,6,2018-06-01,Norte,PA,Belém,333174,62263,66.04,882.12,88803899.54,11,25.7,Alta
2018,6,2018-06-01,Norte,PA,Santarém,490529,1209,58.76,529.49,99690354.47,9,20.9,Alta
2018,6,2018-06-01,Norte,RO,Porto Velho,388268,71986,29.99,1026.97,23655227.01,12,20.9,Média
2018,6,2018-06-01,Norte,TO,Palmas,353174,46727,84.2,672.74,109538887.24,11,29.5,Alta
2018,6,2018-06-01,Nordeste,BA,Salvador,46973,40879,85.26,205.36,109113382.55,6,26.1,Média
2018,6,2018-06-01,Nordeste,BA,Feira de Santana,170833,1176,86.45,764.18,19115496.49,10,25.8,Alta
2018,6,2018-06-01,Nordeste,PE,Recife,61961,5192,94.59,218.81,155289712.2,9,26.2,Média
2018,6,2018-06-01,Nordeste,PE,Jaboatão dos Guararapes,49241,65709,48.33,913.96,4918323.6,6,26.5,Média
2018,6,2018-06-01,Nordeste,CE,Fortaleza,38458,31955,44.25,920.98,165037446.05,13,24.7,Baixa
2018,6,2018-06-01,Nordeste,CE,Juazeiro do Norte,81621,3762,28.1,789.57,50393666.53,8,25.2,Média
2018,6,2018-06-01,Nordeste,MA,São Luís,121905,43854,37.27,259.32,99063797.32,7,22.8,Média
2018,6,2018-06-01,Nordeste,PB,João Pessoa,262450,57151,77.22,1060.09,187707686.39,10,24.7,Alta
2018,6,2018-06-01,Centro-Oeste,DF,Brasília,492168,1772,38.17,188.54,87542615.68,15,24.4,Média
2018,6,2018-06-01,Centro-Oeste,GO,Goiânia,330057,64381,26.06,628.38,126057546.79,10,21.4,Baixa
2018,6,2018-06-01,Centro-Oeste,GO,Aparecida de Goiânia,227438,53487,51.24,189.23,173145835.36,6,24.8,Alta
2018,6,2018-06-01,Centro-Oeste,MT,Cuiabá,293148,66545,56.42,842.77,159847992.92,10,23.0,Baixa
2018,6,2018-06-01,Centro-Oeste,MS,Campo Grande,410671,12504,67.72,275.5,177952029.48,6,25.7,Baixa
2018,6,2018-06-01,Sudeste,SP,São Paulo,184326,5919,85.58,645.64,5629611.4,7,24.1,Alta
2018,6,2018-06-01,Sudeste,SP,Campinas,156576,34647,85.28,354.72,192025071.98,9,29.9,Média
2018,6,2018-06-01,Sudeste,SP,Ribeirão Preto,129551,31427,59.25,474.58,75211335.44,10,19.4,Baixa
2018,6,2018-06-01,Sudeste,RJ,Rio de Janeiro,364346,55439,88.49,715.55,144405572.6,8,22.5,Média
2018,6,2018-06-01,Sudeste,RJ,Niterói,455215,37784,42.14,496.51,46819831.05,5,25.4,Alta
2018,6,2018-06-01,Sudeste,RJ,Nova Iguaçu,65561,40525,90.2,375.67,18489806.93,11,28.8,Alta
2018,6,2018-06-01,Sudeste,RJ,Petrópolis,360331,50463,87.28,487.21,67521783.56,9,31.7,Média
2018,6,2018-06-01,Sudeste,MG,Belo Horizonte,411389,10763,93.18,945.4,81515707.12,5,28.1,Média
2018,6,2018-06-01,Sudeste,MG,Uberlândia,362965,67897,86.67,475.16,146650222.91,9,22.0,Alta
2018,6,2018-06-01,Sudeste,MG,Juiz de Fora,208631,39409,48.44,504.98,170329163.88,6,26.1,Alta
2018,6,2018-06-01,Sudeste,ES,Vitória,494087,13893,93.61,942.01,178107497.25,9,25.6,Média
2018,6,2018-06-01,Sudeste,ES,Vila Velha,58242,49587,42.0,1033.3,83111706.92,10,19.4,Alta
2018,6,2018-06-01,Sudeste,ES,Serra,78229,64598,30.31,491.02,47690966.09,13,31.8,Alta
2018,6,2018-06-01,Sul,PR,Curitiba,36432,50569,76.4,945.74,103869512.11,6,21.0,Baixa
2018,6,2018-06-01,Sul,PR,Londrina,396562,74554,61.67,1003.74,143667886.93,18,25.6,Baixa
2018,6,2018-06-01,Sul,SC,Florianópolis,246745,72195,43.13,701.67,192633434.69,10,33.1,Baixa
2018,6,2018-06-01,Sul,SC,Joinville,29748,9001,83.44,368.57,57619008.2,10,31.4,Média
2018,6,2018-06-01,Sul,RS,Porto Alegre,25139,24313,94.99,469.04,42308762.41,15,28.7,Alta
2018,6,2018-06-01,Sul,RS,Caxias do Sul,26667,45159,29.09,375.91,165225417.23,14,27.4,Baixa
2018,7,2018-07-01,Norte,AM,Manaus,447454,16184,89.62,991.79,113472382.35,11,24.5,Alta
2018,7,2018-07-01,Norte,PA,Belém,208683,56061,35.82,330.84,51313761.46,7,25.1,Baixa
2018,7,2018-07-01,Norte,PA,Santarém,314501,5154,92.39,464.64,158106844.34,16,36.4,Alta
2018,7,2018-07-01,Norte,RO,Porto Velho,394852,75310,28.09,811.64,129884456.16,7,26.0,Alta
2018,7,2018-07-01,Norte,TO,Palmas,495551,10682,53.26,800.93,59380901.87,10,18.2,Média
2018,7,2018-07-01,Nordeste,BA,Salvador,174699,4806,68.23,669.46,35878265.4,12,23.7,Alta
2018,7,2018-07-01,Nordeste,BA,Feira de Santana,316596,79929,84.03,1027.13,185357584.8,13,22.8,Baixa
2018,7,2018-07-01,Nordeste,PE,Recife,107351,21674,55.93,500.55,149008330.62,7,20.9,Baixa
2018,7,2018-07-01,Nordeste,PE,Jaboatão dos Guararapes,371825,58757,83.17,197.6,52413707.77,13,23.8,Baixa
2018,7,2018-07-01,Nordeste,CE,Fortaleza,112841,40190,57.67,519.95,129393652.56,7,26.3,Alta
2018,7,2018-07-01,Nordeste,CE,Juazeiro do Norte,11988,60941,44.29,606.54,55486011.93,8,26.3,Média
2018,7,2018-07-01,Nordeste,MA,São Luís,359736,67148,51.64,646.94,29735964.65,15,25.1,Alta
2018,7,2018-07-01,Nordeste,PB,João Pessoa,321221,53249,76.91,929.47,77381805.01,11,26.1,Alta
2018,7,2018-07-01,Centro-Oeste,DF,Brasília,364900,56194,49.0,222.73,15011692.82,11,23.5,Alta
2018,7,2018-07-01,Centro-Oeste,GO,Goiânia,392021,43849,56.12,862.73,58660792.01,9,25.5,Média
2018,7,2018-07-01,Centro-Oeste,GO,Aparecida de Goiânia,83919,31273,36.47,536.43,63431512.1,7,17.7,Alta
2018,7,2018-07-01,Centro-Oeste,MT,Cuiabá,340183,25652,63.37,1047.55,3319855.59,8,27.0,Média
2018,7,2018-07-01,Centro-Oeste,MS,Campo Grande,362122,14271,64.64,1176.91,12230579.78,12,31.2,Alta
2018,7,2018-07-01,Sudeste,SP,São Paulo,276506,12298,77.2,266.04,124933981.66,9,28.4,Média
2018,7,2018-07-01,Sudeste,SP,Campinas,306903,17973,85.56,605.51,118737710.95,7,24.4,Alta
2018,7,2018-07-01,Sudeste,SP,Ribeirão Preto,218231,61661,75.12,570.44,119823531.31,6,22.1,Baixa
2018,7,2018-07-01,Sudeste,RJ,Rio de Janeiro,185227,62167,85.38,784.33,26352177.79,9,24.2,Alta
2018,7,2018-07-01,Sudeste,RJ,Niterói,196180,71434,52.55,438.72,168041784.32,4,25.0,Alta
2018,7,2018-07-01,Sudeste,RJ,Nova Iguaçu,477076,58292,31.98,973.8,61087831.67,7,28.4,Alta
2018,7,2018-07-01,Sudeste,RJ,Petrópolis,368022,18443,77.11,720.15,180896407.44,9,19.9,Baixa
2018,7,2018-07-01,Sudeste,MG,Belo Horizonte,407965,55334,51.53,567.73,52884887.44,12,25.4,Baixa
2018,7,2018-07-01,Sudeste,MG,Uberlândia,129458,76089,46.45,1195.51,127212747.51,7,24.9,Alta
2018,7,2018-07-01,Sudeste,MG,Juiz de Fora,177929,12966,94.34,1068.01,44404051.39,13,27.3,Baixa
2018,7,2018-07-01,Sudeste,ES,Vitória,412703,19788,53.89,506.42,172654215.17,3,24.9,Média
2018,7,2018-07-01,Sudeste,ES,Vila Velha,197076,43302,59.39,842.44,25212821.91,8,21.7,Alta
2018,7,2018-07-01,Sudeste,ES,Serra,194513,54622,80.16,621.76,8551366.73,11,27.1,Alta
2018,7,2018-07-01,Sul,PR,Curitiba,139029,18029,88.69,1142.1,73676634.41,14,27.8,Baixa
2018,7,2018-07-01,Sul,PR,Londrina,38152,67146,76.91,995.2,199080534.72,11,18.8,Média
2018,7,2018-07-01,Sul,SC,Florianópolis,470594,56285,69.09,989.04,152314031.0,12,26.9,Baixa
2018,7,2018-07-01,Sul,SC,Joinville,201757,7545,89.28,941.47,142518584.2,5,25.6,Baixa
2018,7,2018-07-01,Sul,RS,Porto Alegre,207781,44230,59.26,674.96,64617472.47,7,27.8,Alta
2018,7,2018-07-01,Sul,RS,Caxias do Sul,42660,61517,80.44,1030.69,7370145.67,16,26.8,Média
2018,8,2018-08-01,Norte,AM,Manaus,250789,64413,71.64,1043.25,189690072.19,11,23.4,Baixa
2018,8,2018-08-01,Norte,PA,Belém,445216,28608,82.61,312.4,104577579.78,8,30.7,Baixa
2018,8,2018-08-01,Norte,PA,Santarém,213546,32529,94.08,531.23,79384930.96,10,24.5,Alta
2018,8,2018-08-01,Norte,RO,Porto Velho,142916,46543,87.86,281.64,190086616.07,11,24.3,Baixa
2018,8,2018-08-01,Norte,TO,Palmas,210230,68862,69.28,1195.11,28997162.16,10,19.8,Alta
2018,8,2018-08-01,Nordeste,BA,Salvador,475601,49763,52.09,221.56,91324100.17,12,24.5,Baixa
2018,8,2018-08-01,Nordeste,BA,Feira de Santana,22232,30745,28.99,1090.03,70209055.78,10,23.3,Alta
2018,8,2018-08-01,Nordeste,PE,Recife,83756,52861,83.91,979.63,145791775.83,8,24.9,Baixa
2018,8,2018-08-01,Nordeste,PE,Jaboatão dos Guararapes,160197,78070,43.98,269.73,44363869.68,15,25.1,Alta
2018,8,2018-08-01,Nordeste,CE,Fortaleza,316209,17004,32.03,958.54,15107392.8,8,33.7,Alta
2018,8,2018-08-01,Nordeste,CE,Juazeiro do Norte,205460,1487,63.97,616.07,123675981.85,5,29.2,Baixa
2018,8,2018-08-01,Nordeste,MA,São Luís,248632,46208,40.73,450.21,71332777.03,10,20.2,Alta
2018,8,2018-08-01,Nordeste,PB,João Pessoa,162645,78367,77.27,552.63,103608988.58,7,20.3,Baixa
2018,8,2018-08-01,Centro-Oeste,DF,Brasília,133544,69085,84.78,1074.48,192984703.97,6,30.0,Alta
2018,8,2018-08-01,Centro-Oeste,GO,Goiânia,275290,65106,37.3,156.46,25568997.35,3,23.0,Média
2018,8,2018-08-01,Centro-Oeste,GO,Aparecida de Goiânia,116029,63040,47.47,513.5,52288983.54,10,25.5,Média
2018,8,2018-08-01,Centro-Oeste,MT,Cuiabá,75679,54251,25.29,916.57,191151326.21,5,25.3,Alta
2018,8,2018-08-01,Centro-Oeste,MS,Campo Grande,397345,69693,59.25,716.09,46611689.09,8,22.3,Baixa
2018,8,2018-08-01,Sudeste,SP,São Paulo,398079,1180,75.53,266.11,107226371.98,9,20.2,Baixa
2018,8,2018-08-01,Sudeste,SP,Campinas,469856,31504,64.53,809.33,106923774.02,13,22.9,Média
2018,8,2018-08-01,Sudeste,SP,Ribeirão Preto,244337,34100,67.92,281.75,191595040.3,14,27.1,Média
2018,8,2018-08-01,Sudeste,RJ,Rio de Janeiro,90259,76724,87.96,165.38,66535008.06,12,23.8,Média
2018,8,2018-08-01,Sudeste,RJ,Niterói,280030,25106,56.87,457.57,166856550.24,13,20.9,Alta
2018,8,2018-08-01,Sudeste,RJ,Nova Iguaçu,395764,50759,40.5,705.87,68483666.71,12,23.8,Baixa
2018,8,2018-08-01,Sudeste,RJ,Petrópolis,244529,34855,42.08,585.8,139664935.15,6,29.8,Alta
2018,8,2018-08-01,Sudeste,MG,Belo Horizonte,278239,1453,67.31,589.76,168296966.96,6,25.7,Baixa
2018,8,2018-08-01,Sudeste,MG,Uberlândia,195210,18713,25.23,229.64,26846057.99,14,21.5,Média
2018,8,2018-08-01,Sudeste,MG,Juiz de Fora,327123,7258,77.37,588.08,136002562.23,6,22.8,Alta
2018,8,2018-08-01,Sudeste,ES,Vitória,70435,41271,60.5,659.29,167070474.37,7,24.7,Alta
2018,8,2018-08-01,Sudeste,ES,Vila Velha,13955,22536,51.19,218.26,56224675.17,10,29.3,Alta
2018,8,2018-08-01,Sudeste,ES,Serra,238711,72794,50.13,388.98,188185342.94,9,19.9,Baixa
2018,8,2018-08-01,Sul,PR,Curitiba,498703,28067,86.77,269.04,10414907.78,12,27.8,Alta
2018,8,2018-08-01,Sul,PR,Londrina,329172,53137,29.35,877.77,104609638.16,20,26.4,Média
2018,8,2018-08-01,Sul,SC,Florianópolis,70612,22934,61.86,224.1,143102176.75,12,31.7,Baixa
2018,8,2018-08-01,Sul,SC,Joinville,428017,64176,61.7,418.96,158581868.91,12,27.0,Alta
2018,8,2018-08-01,Sul,RS,Porto Alegre,104995,65042,52.73,761.29,196589253.46,6,13.3,Média
2018,8,2018-08-01,Sul,RS,Caxias do Sul,151975,9628,62.32,946.3,154340406.82,8,27.1,Baixa
2018,9,2018-09-01,Norte,AM,Manaus,391570,59153,85.33,826.68,194168152.59,13,18.2,Alta
2018,9,2018-09-01,Norte,PA,Belém,22662,20142,52.63,187.89,3626766.47,10,24.7,Baixa
2018,9,2018-09-01,Norte,PA,Santarém,433444,66956,80.26,620.58,197780932.58,8,25.6,Alta
2018,9,2018-09-01,Norte,RO,Porto Velho,440585,56673,26.19,728.62,4252808.21,11,23.3,Média
2018,9,2018-09-01,Norte,TO,Palmas,438005,15805,63.28,1084.57,26231190.9,7,21.5,Baixa
2018,9,2018-09-01,Nordeste,BA,Salvador,169290,32441,85.9,223.1,161105167.13,6,22.5,Baixa
2018,9,2018-09-01,Nordeste,BA,Feira de Santana,194180,72150,77.19,627.53,52613135.95,11,22.0,Média
2018,9,2018-09-01,Nordeste,PE,Recife,409418,42546,86.82,678.17,23331413.82,12,20.4,Alta
2018,9,2018-09-01,Nordeste,PE,Jaboatão dos Guararapes,345023,73707,25.68,1135.09,83552821.47,12,27.8,Média
2018,9,2018-09-01,Nordeste,CE,Fortaleza,14412,55601,77.65,420.18,138797542.58,13,18.6,Baixa
2018,9,2018-09-01,Nordeste,CE,Juazeiro do Norte,496217,52941,32.71,205.43,64507510.32,10,23.5,Alta
2018,9,2018-09-01,Nordeste,MA,São Luís,323987,53930,57.16,669.36,68943078.67,11,23.2,Alta
2018,9,2018-09-01,Nordeste,PB,João Pessoa,355875,30527,71.88,484.87,130485039.38,10,28.7,Alta
2018,9,2018-09-01,Centro-Oeste,DF,Brasília,240412,72568,88.37,303.88,119539150.44,11,23.6,Média
2018,9,2018-09-01,Centro-Oeste,GO,Goiânia,381008,79502,34.8,672.06,122634496.03,9,20.5,Baixa
2018,9,2018-09-01,Centro-Oeste,GO,Aparecida de Goiânia,424514,18471,79.72,1031.92,119788940.57,4,31.4,Baixa
2018,9,2018-09-01,Centro-Oeste,MT,Cuiabá,184915,10068,76.49,1025.79,139613937.04,18,32.5,Baixa
2018,9,2018-09-01,Centro-Oeste,MS,Campo Grande,482072,72335,40.41,954.67,169837723.51,11,26.3,Alta
2018,9,2018-09-01,Sudeste,SP,São Paulo,326369,75969,64.29,1185.41,41982502.19,4,27.6,Média
2018,9,2018-09-01,Sudeste,SP,Campinas,356703,38617,26.16,155.86,66345694.59,8,23.6,Baixa
2018,9,2018-09-01,Sudeste,SP,Ribeirão Preto,422516,43426,74.86,523.75,131570244.52,9,25.8,Alta
2018,9,2018-09-01,Sudeste,RJ,Rio de Janeiro,213152,25027,93.69,1090.81,162969223.33,9,25.2,Baixa
2018,9,2018-09-01,Sudeste,RJ,Niterói,300100,46574,71.87,1041.16,48290543.6,8,24.7,Média
2018,9,2018-09-01,Sudeste,RJ,Nova Iguaçu,210465,69972,85.61,966.82,173129466.5,11,24.3,Média
2018,9,2018-09-01,Sudeste,RJ,Petrópolis,70815,45366,28.71,617.38,41246955.14,9,22.0,Alta
2018,9,2018-09-01,Sudeste,MG,Belo Horizonte,116616,18728,35.83,886.41,30139996.22,6,23.7,Alta
2018,9,2018-09-01,Sudeste,MG,Uberlândia,179124,55478,50.86,332.88,111939562.5,6,23.7,Alta
2018,9,2018-09-01,Sudeste,MG,Juiz de Fora,315843,21750,38.54,762.48,2078219.04,10,25.9,Média
2018,9,2018-09-01,Sudeste,ES,Vitória,123797,15327,47.19,430.09,69338082.74,21,29.0,Média
2018,9,2018-09-01,Sudeste,ES,Vila Velha,293926,37288,47.43,675.0,37447854.71,13,23.1,Média
2018,9,2018-09-01,Sudeste,ES,Serra,430377,68878,35.97,686.84,123093414.58,10,20.3,Baixa
2018,9,2018-09-01,Sul,PR,Curitiba,358242,70471,69.62,640.92,67178055.0,14,25.6,Baixa
2018,9,2018-09-01,Sul,PR,Londrina,231545,67909,91.24,599.63,96133609.26,8,26.1,Baixa
2018,9,2018-09-01,Sul,SC,Florianópolis,293567,79840,76.01,204.05,80005578.53,5,24.8,Média
2018,9,2018-09-01,Sul,SC,Joinville,171359,5241,94.41,1134.86,112116094.08,7,24.5,Alta
2018,9,2018-09-01,Sul,RS,Porto Alegre,304201,20083,57.9,947.37,129719415.36,13,18.9,Média
2018,9,2018-09-01,Sul,RS,Caxias do Sul,434599,47447,56.94,537.15,96675517.31,12,26.7,Baixa
2018,10,2018-10-01,Norte,AM,Manaus,106151,61103,42.99,645.57,105139686.3,12,37.1,Baixa
2018,10,2018-10-01,Norte,PA,Belém,25727,14868,87.73,413.08,106940869.45,11,24.4,Média
2018,10,2018-10-01,Norte,PA,Santarém,284556,65282,71.04,690.68,20744930.19,11,27.0,Baixa
2018,10,2018-10-01,Norte,RO,Porto Velho,213290,18668,69.79,1105.51,53738727.33,11,32.9,Baixa
2018,10,2018-10-01,Norte,TO,Palmas,31914,55435,80.92,919.24,58341757.8,11,24.3,Alta
2018,10,2018-10-01,Nordeste,BA,Salvador,345932,42231,81.58,917.65,149412476.21,6,22.1,Baixa
2018,10,2018-10-01,Nordeste,BA,Feira de Santana,40434,77212,54.24,834.51,72582753.81,14,21.7,Média
2018,10,2018-10-01,Nordeste,PE,Recife,385639,64026,73.94,1088.09,199163404.3,14,21.2,Média
2018,10,2018-10-01,Nordeste,PE,Jaboatão dos Guararapes,172601,55493,82.42,951.37,16812923.53,15,24.6,Baixa
2018,10,2018-10-01,Nordeste,CE,Fortaleza,246913,33087,71.38,457.7,32829558.61,7,25.4,Baixa
2018,10,2018-10-01,Nordeste,CE,Juazeiro do Norte,181099,32257,86.99,700.48,64325469.64,7,27.1,Média
2018,10,2018-10-01,Nordeste,MA,São Luís,344682,21577,94.41,447.3,18707937.63,7,20.4,Média
2018,10,2018-10-01,Nordeste,PB,João Pessoa,12075,75430,25.65,775.59,198184873.87,9,22.9,Alta
2018,10,2018-10-01,Centro-Oeste,DF,Brasília,420604,50799,31.06,956.2,189584496.77,17,23.6,Baixa
2018,10,2018-10-01,Centro-Oeste,GO,Goiânia,23035,5002,29.3,177.71,168463415.11,11,25.7,Alta
2018,10,2018-10-01,Centro-Oeste,GO,Aparecida de Goiânia,187539,17458,87.4,494.64,88348119.47,15,28.9,Alta
2018,10,2018-10-01,Centro-Oeste,MT,Cuiabá,411134,71257,38.44,901.68,157792801.86,4,25.8,Alta
2018,10,2018-10-01,Centro-Oeste,MS,Campo Grande,410212,16332,47.37,761.29,107493894.16,4,21.7,Alta
2018,10,2018-10-01,Sudeste,SP,São Paulo,454590,72025,79.29,443.34,62668817.23,6,23.9,Baixa
2018,10,2018-10-01,Sudeste,SP,Campinas,17498,12930,43.47,275.09,97003709.93,8,23.6,Média
2018,10,2018-10-01,Sudeste,SP,Ribeirão Preto,465862,67619,79.78,1141.47,168240390.44,8,25.2,Média
2018,10,2018-10-01,Sudeste,RJ,Rio de Janeiro,287085,31311,80.07,1122.54,130665834.97,8,25.1,Média
2018,10,2018-10-01,Sudeste,RJ,Niterói,277619,19522,69.81,539.96,140392108.13,10,23.8,Alta
2018,10,2018-10-01,Sudeste,RJ,Nova Iguaçu,76734,26583,57.31,150.96,36723287.91,6,25.8,Baixa
2018,10,2018-10-01,Sudeste,RJ,Petrópolis,382441,31545,75.07,1043.33,49418923.96,10,21.4,Alta
2018,10,2018-10-01,Sudeste,MG,Belo Horizonte,277392,22579,27.57,815.93,47050451.69,7,22.1,Média
2018,10,2018-10-01,Sudeste,MG,Uberlândia,387854,10041,25.61,182.08,185659190.51,10,27.8,Baixa
2018,10,2018-10-01,Sudeste,MG,Juiz de Fora,305205,66031,31.43,222.79,184083542.48,10,26.2,Média
2018,10,2018-10-01,Sudeste,ES,Vitória,16762,60484,53.53,912.25,165078602.97,14,29.6,Alta
2018,10,2018-10-01,Sudeste,ES,Vila Velha,65384,36821,88.92,336.37,139908937.73,14,22.6,Média
2018,10,2018-10-01,Sudeste,ES,Serra,123313,30381,38.48,275.8,142788704.64,5,22.2,Baixa
2018,10,2018-10-01,Sul,PR,Curitiba,161899,1060,82.33,859.48,73657008.62,14,24.0,Média
2018,10,2018-10-01,Sul,PR,Londrina,294572,54162,49.04,1070.3,147224058.63,10,28.7,Baixa
2018,10,2018-10-01,Sul,SC,Florianópolis,442552,75469,44.71,912.01,199663319.07,10,18.9,Alta
2018,10,2018-10-01,Sul,SC,Joinville,19022,68497,53.3,586.55,35106714.9,7,25.3,Média
2018,10,2018-10-01,Sul,RS,Porto Alegre,474193,21372,54.72,404.72,80101396.6,7,25.2,Alta
2018,10,2018-10-01,Sul,RS,Caxias do Sul,191754,40739,91.7,1063.56,63181219.54,12,24.7,Média
2018,11,2018-11-01,Norte,AM,Manaus,415925,10918,92.54,1168.59,188717530.56,8,27.3,Baixa
2018,11,2018-11-01,Norte,PA,Belém,463984,24195,70.52,1021.89,68596321.47,8,27.2,Baixa
2018,11,2018-11-01,Norte,PA,Santarém,196280,37067,30.52,655.07,157158372.66,7,25.2,Baixa
2018,11,2018-11-01,Norte,RO,Porto Velho,118678,2702,45.01,451.3,66619884.88,10,25.7,Baixa
2018,11,2018-11-01,Norte,TO,Palmas,451792,31114,72.82,184.66,43123776.22,3,26.9,Média
2018,11,2018-11-01,Nordeste,BA,Salvador,278375,42874,42.48,869.74,15876307.82,7,25.8,Baixa
2018,11,2018-11-01,Nordeste,BA,Feira de Santana,61720,51459,48.64,376.45,88527277.61,11,25.5,Alta
2018,11,2018-11-01,Nordeste,PE,Recife,104857,72754,52.12,465.56,128913930.68,14,27.8,Alta
2018,11,2018-11-01,Nordeste,PE,Jaboatão dos Guararapes,40805,34510,80.36,187.69,63618726.71,7,19.8,Baixa
2018,11,2018-11-01,Nordeste,CE,Fortaleza,466292,25634,25.99,314.78,25256201.81,7,29.1,Baixa
2018,11,2018-11-01,Nordeste,CE,Juazeiro do Norte,15906,10404,26.6,842.77,187007574.74,6,28.1,Média
2018,11,2018-11-01,Nordeste,MA,São Luís,390212,39285,52.32,378.87,7507999.26,9,22.0,Baixa
2018,11,2018-11-01,Nordeste,PB,João Pessoa,236677,6883,31.79,160.43,48234509.92,10,31.8,Alta
2018,11,2018-11-01,Centro-Oeste,DF,Brasília,190740,60617,88.57,898.16,196248353.12,8,23.4,Baixa
2018,11,2018-11-01,Centro-Oeste,GO,Goiânia,190589,57498,91.85,933.57,150929539.21,13,22.6,Alta
2018,11,2018-11-01,Centro-Oeste,GO,Aparecida de Goiânia,145440,55984,32.6,479.36,114421806.28,7,26.1,Média
2018,11,2018-11-01,Centro-Oeste,MT,Cuiabá,118522,72593,64.01,598.75,168915607.5,4,26.7,Alta
2018,11,2018-11-01,Centro-Oeste,MS,Campo Grande,387722,30611,79.07,660.96,61054936.7,9,24.6,Baixa
2018,11,2018-11-01,Sudeste,SP,São Paulo,446568,69309,31.22,947.89,20746243.45,14,29.9,Alta
2018,11,2018-11-01,Sudeste,SP,Campinas,125859,79165,49.72,713.22,134447614.15,10,15.5,Baixa
2018,11,2018-11-01,Sudeste,SP,Ribeirão Preto,331936,45042,68.96,1092.82,187640545.62,14,29.2,Baixa
2018,11,2018-11-01,Sudeste,RJ,Rio de Janeiro,362674,78934,31.07,790.46,114158784.8,13,17.6,Baixa
2018,11,2018-11-01,Sudeste,RJ,Niterói,34210,40244,42.57,324.07,131566885.03,12,28.8,Alta
2018,11,2018-11-01,Sudeste,RJ,Nova Iguaçu,408422,67993,61.22,817.36,29054111.67,14,24.8,Média
2018,11,2018-11-01,Sudeste,RJ,Petrópolis,114929,73468,81.95,1088.14,177017027.31,9,31.7,Alta
2018,11,2018-11-01,Sudeste,MG,Belo Horizonte,363107,10397,72.53,1053.11,21693766.24,5,25.8,Baixa
2018,11,2018-11-01,Sudeste,MG,Uberlândia,37282,25178,64.65,963.09,27290919.67,13,25.2,Alta
2018,11,2018-11-01,Sudeste,MG,Juiz de Fora,140216,60951,36.63,705.07,157466294.68,9,18.5,Baixa
2018,11,2018-11-01,Sudeste,ES,Vitória,494082,51009,64.59,178.77,110042709.28,16,17.2,Média
2018,11,2018-11-01,Sudeste,ES,Vila Velha,398173,71170,77.32,834.04,94731991.53,4,27.8,Média
2018,11,2018-11-01,Sudeste,ES,Serra,77329,67923,49.59,995.4,62080884.26,8,27.2,Alta
2018,11,2018-11-01,Sul,PR,Curitiba,277014,28539,93.36,1184.05,100959204.85,8,30.4,Alta
2018,11,2018-11-01,Sul,PR,Londrina,223326,48058,30.2,836.22,53074112.47,13,24.2,Média
2018,11,2018-11-01,Sul,SC,Florianópolis,175791,8984,38.6,572.95,3173442.35,9,23.8,Baixa
2018,11,2018-11-01,Sul,SC,Joinville,118222,43302,35.04,307.35,32645286.54,10,25.7,Média
2018,11,2018-11-01,Sul,RS,Porto Alegre,96645,43161,82.0,916.91,3826461.83,12,18.7,Baixa
2018,11,2018-11-01,Sul,RS,Caxias do Sul,332879,48880,33.01,817.72,70621163.15,8,29.4,Alta
2018,12,2018-12-01,Norte,AM,Manaus,208749,73390,71.88,746.55,160531780.68,13,28.9,Média
2018,12,2018-12-01,Norte,PA,Belém,196836,59108,62.65,572.02,128796547.57,7,27.1,Alta
2018,12,2018-12-01,Norte,PA,Santarém,303428,2977,26.63,1002.86,104640895.4,11,22.8,Baixa
2018,12,2018-12-01,Norte,RO,Porto Velho,306971,69659,34.95,810.64,176652808.92,10,26.8,Média
2018,12,2018-12-01,Norte,TO,Palmas,373817,49676,71.65,277.24,68572589.8,12,27.1,Alta
2018,12,2018-12-01,Nordeste,BA,Salvador,186568,10781,37.3,799.72,80270270.43,6,23.6,Média
2018,12,2018-12-01,Nordeste,BA,Feira de Santana,453384,3462,68.92,408.14,143036064.21,6,27.6,Baixa
2018,12,2018-12-01,Nordeste,PE,Recife,207616,19679,76.45,988.54,112402986.41,16,16.4,Baixa
2018,12,2018-12-01,Nordeste,PE,Jaboatão dos Guararapes,281725,69337,94.36,1094.92,26573464.26,6,22.8,Baixa
2018,12,2018-12-01,Nordeste,CE,Fortaleza,323970,13131,45.99,169.35,85408160.88,12,32.2,Alta
2018,12,2018-12-01,Nordeste,CE,Juazeiro do Norte,480375,23354,44.79,271.58,55447420.32,15,21.2,Alta
2018,12,2018-12-01,Nordeste,MA,São Luís,413039,74682,83.8,442.91,103461262.74,7,24.9,Alta
2018,12,2018-12-01,Nordeste,PB,João Pessoa,92515,3428,40.42,228.96,123154726.65,7,21.7,Alta
2018,12,2018-12-01,Centro-Oeste,DF,Brasília,214547,70249,74.13,846.84,167640568.88,9,20.1,Baixa
2018,12,2018-12-01,Centro-Oeste,GO,Goiânia,105656,15066,74.48,377.8,99008122.2,6,22.8,Média
2018,12,2018-12-01,Centro-Oeste,GO,Aparecida de Goiânia,444533,28649,88.72,268.84,161674999.69,12,19.1,Alta
2018,12,2018-12-01,Centro-Oeste,MT,Cuiabá,30720,12690,38.0,342.13,34046635.43,5,31.7,Média
2018,12,2018-12-01,Centro-Oeste,MS,Campo Grande,363224,58126,84.97,804.71,16080132.43,9,28.8,Alta
2018,12,2018-12-01,Sudeste,SP,São Paulo,378604,23344,52.91,499.27,196777030.75,11,22.8,Baixa
2018,12,2018-12-01,Sudeste,SP,Campinas,39172,64804,59.8,1022.67,31340254.97,12,23.7,Média
2018,12,2018-12-01,Sudeste,SP,Ribeirão Preto,155964,70978,73.21,616.57,189432179.76,10,20.4,Alta
2018,12,2018-12-01,Sudeste,RJ,Rio de Janeiro,250398,48701,27.85,601.3,137222504.17,15,21.1,Alta
2018,12,2018-12-01,Sudeste,RJ,Niterói,472635,3203,49.08,932.65,37037079.85,9,27.3,Alta
2018,12,2018-12-01,Sudeste,RJ,Nova Iguaçu,27932,57286,36.74,646.44,25654374.23,15,21.0,Média
2018,12,2018-12-01,Sudeste,RJ,Petrópolis,331999,1190,83.94,568.03,25628757.5,6,27.4,Alta
2018,12,2018-12-01,Sudeste,MG,Belo Horizonte,398709,7062,64.15,285.12,85442190.29,14,18.8,Alta
2018,12,2018-12-01,Sudeste,MG,Uberlândia,211996,36699,42.78,1135.55,56861073.44,14,22.7,Alta
2018,12,2018-12-01,Sudeste,MG,Juiz de Fora,277890,62717,51.26,823.26,112562809.62,11,27.5,Média
2018,12,2018-12-01,Sudeste,ES,Vitória,204104,42569,38.33,751.02,199743169.94,12,22.7,Baixa
2018,12,2018-12-01,Sudeste,ES,Vila Velha,417860,1463,74.24,1045.15,21749567.31,14,23.1,Média
2018,12,2018-12-01,Sudeste,ES,Serra,248630,69705,93.28,1125.98,2275333.77,11,19.8,Alta
2018,12,2018-12-01,Sul,PR,Curitiba,108711,66056,49.13,705.88,130973504.67,9,27.4,Média
2018,12,2018-12-01,Sul,PR,Londrina,233442,16782,94.33,831.98,126456332.39,7,33.9,Média
2018,12,2018-12-01,Sul,SC,Florianópolis,160325,25192,81.1,1066.16,99083478.11,8,22.3,Alta
2018,12,2018-12-01,Sul,SC,Joinville,332105,19156,29.42,210.83,155810071.05,7,17.2,Baixa
2018,12,2018-12-01,Sul,RS,Porto Alegre,203939,78319,90.38,953.5,79002701.93,13,33.8,Baixa
2018,12,2018-12-01,Sul,RS,Caxias do Sul,270264,17176,50.01,1085.92,175588670.18,7,24.1,Média
2019,1,2019-01-01,Norte,AM,Manaus,388911,37478,77.05,201.92,199089054.32,15,21.7,Alta
2019,1,2019-01-01,Norte,PA,Belém,11984,22499,79.88,193.94,155583168.89,14,23.4,Média
2019,1,2019-01-01,Norte,PA,Santarém,154702,13234,59.19,881.44,60825338.15,14,24.7,Baixa
2019,1,2019-01-01,Norte,RO,Porto Velho,319709,46383,77.3,575.91,36476922.83,8,33.2,Média
2019,1,2019-01-01,Norte,TO,Palmas,136814,38808,86.35,454.73,6201157.75,12,24.2,Baixa
2019,1,2019-01-01,Nordeste,BA,Salvador,137804,42078,44.92,256.2,127377580.89,11,27.8,Alta
2019,1,2019-01-01,Nordeste,BA,Feira de Santana,282652,37703,78.31,975.11,61818423.23,9,21.1,Baixa
2019,1,2019-01-01,Nordeste,PE,Recife,141956,4956,87.88,693.85,134889761.05,11,25.2,Baixa
2019,1,2019-01-01,Nordeste,PE,Jaboatão dos Guararapes,37595,34631,57.66,559.54,188297032.32,11,28.4,Alta
2019,1,2019-01-01,Nordeste,CE,Fortaleza,109303,30363,64.6,335.11,126801169.69,11,24.4,Alta
2019,1,2019-01-01,Nordeste,CE,Juazeiro do Norte,227650,49022,89.51,421.75,124337404.9,11,24.2,Alta
2019,1,2019-01-01,Nordeste,MA,São Luís,101016,36939,52.99,206.72,91874516.92,10,28.2,Alta
2019,1,2019-01-01,Nordeste,PB,João Pessoa,222382,4264,66.38,742.95,164781276.42,8,29.1,Baixa
2019,1,2019-01-01,Centro-Oeste,DF,Brasília,208416,37759,91.97,891.6,195215400.8,8,17.4,Média
2019,1,2019-01-01,Centro-Oeste,GO,Goiânia,386325,1527,48.48,739.28,44083492.73,11,19.6,Alta
2019,1,2019-01-01,Centro-Oeste,GO,Aparecida de Goiânia,304940,72655,82.59,1120.77,185317274.34,10,20.3,Média
2019,1,2019-01-01,Centro-Oeste,MT,Cuiabá,75370,33194,49.83,680.54,155070651.37,11,25.0,Média
2019,1,2019-01-01,Centro-Oeste,MS,Campo Grande,495206,61295,28.53,325.33,80151037.46,3,28.6,Alta
2019,1,2019-01-01,Sudeste,SP,São Paulo,182559,70610,61.82,1174.03,71956561.02,12,22.1,Baixa
2019,1,2019-01-01,Sudeste,SP,Campinas,72497,35339,55.45,284.1,169046885.13,11,22.8,Alta
2019,1,2019-01-01,Sudeste,SP,Ribeirão Preto,373280,58656,43.16,986.8,32604707.33,9,27.6,Baixa
2019,1,2019-01-01,Sudeste,RJ,Rio de Janeiro,132387,31571,71.07,548.93,46665387.31,13,24.2,Baixa
2019,1,2019-01-01,Sudeste,RJ,Niterói,475406,39797,56.39,980.73,93203917.83,7,20.5,Baixa
2019,1,2019-01-01,Sudeste,RJ,Nova Iguaçu,47745,11132,52.99,570.63,29429681.7,11,14.0,Média
2019,1,2019-01-01,Sudeste,RJ,Petrópolis,44633,28775,78.73,229.07,134828362.69,11,32.9,Média
2019,1,2019-01-01,Sudeste,MG,Belo Horizonte,140597,65159,91.29,1027.33,58712424.74,6,32.5,Baixa
2019,1,2019-01-01,Sudeste,MG,Uberlândia,112409,62806,72.86,574.99,191514323.61,10,13.3,Alta
2019,1,2019-01-01,Sudeste,MG,Juiz de Fora,324352,35906,27.31,686.16,22393116.28,12,17.5,Alta
2019,1,2019-01-01,Sudeste,ES,Vitória,66232,43067,92.62,978.65,192453288.33,6,21.5,Média
2019,1,2019-01-01,Sudeste,ES,Vila Velha,361417,76283,45.95,838.14,173953727.01,20,19.2,Média
2019,1,2019-01-01,Sudeste,ES,Serra,493807,79083,53.78,274.49,28122016.57,8,20.2,Baixa
2019,1,2019-01-01,Sul,PR,Curitiba,257034,44734,47.24,831.91,135562650.61,10,19.8,Alta
2019,1,2019-01-01,Sul,PR,Londrina,195709,3753,52.7,931.15,29920097.03,5,27.6,Média
2019,1,2019-01-01,Sul,SC,Florianópolis,288123,32392,54.03,492.19,100386899.75,10,21.0,Alta
2019,1,2019-01-01,Sul,SC,Joinville,139100,61584,45.95,943.4,148178532.71,11,22.1,Média
2019,1,2019-01-01,Sul,RS,Porto Alegre,312544,2252,65.72,1028.13,2959427.49,12,25.8,Alta
2019,1,2019-01-01,Sul,RS,Caxias do Sul,370584,6917,67.66,323.48,80518719.78,16,22.1,Média
2019,2,2019-02-01,Norte,AM,Manaus,350230,73819,73.3,1004.21,4074856.04,13,22.6,Média
2019,2,2019-02-01,Norte,PA,Belém,18686,49491,88.99,836.75,17142042.98,16,25.4,Média
2019,2,2019-02-01,Norte,PA,Santarém,74395,20940,58.2,470.98,130445862.46,3,23.7,Média
2019,2,2019-02-01,Norte,RO,Porto Velho,484445,46196,75.04,698.35,19369788.94,7,23.9,Média
2019,2,2019-02-01,Norte,TO,Palmas,188607,68496,53.86,300.03,47475420.8,13,24.8,Baixa
2019,2,2019-02-01,Nordeste,BA,Salvador,404600,13320,49.95,937.77,110653607.93,7,32.5,Média
2019,2,2019-02-01,Nordeste,BA,Feira de Santana,244618,42836,40.52,1067.27,143998116.1,16,25.9,Baixa
2019,2,2019-02-01,Nordeste,PE,Recife,64568,34354,63.39,706.23,156667579.64,13,28.2,Baixa
2019,2,2019-02-01,Nordeste,PE,Jaboatão dos Guararapes,363486,72682,88.62,265.67,10422449.56,8,27.5,Média
2019,2,2019-02-01,Nordeste,CE,Fortaleza,198405,69095,34.21,478.14,15591325.62,16,24.2,Baixa
2019,2,2019-02-01,Nordeste,CE,Juazeiro do Norte,93158,49493,81.53,405.52,148828032.54,13,17.5,Alta
2019,2,2019-02-01,Nordeste,MA,São Luís,232490,37933,48.05,1194.48,68912117.13,7,20.1,Média
2019,2,2019-02-01,Nordeste,PB,João Pessoa,283391,52762,52.15,1119.82,127031924.58,7,18.4,Baixa
2019,2,2019-02-01,Centro-Oeste,DF,Brasília,338787,5462,46.54,186.16,12298238.98,13,28.0,Alta
2019,2,2019-02-01,Centro-Oeste,GO,Goiânia,39490,58567,28.32,153.73,198090966.74,12,25.6,Média
2019,2,2019-02-01,Centro-Oeste,GO,Aparecida de Goiânia,426768,54867,90.38,1111.36,29031340.58,6,28.5,Média
2019,2,2019-02-01,Centro-Oeste,MT,Cuiabá,315306,78478,27.21,684.91,112143277.06,10,22.4,Alta
2019,2,2019-02-01,Centro-Oeste,MS,Campo Grande,363004,26284,36.74,852.82,101321633.2,11,16.4,Média
2019,2,2019-02-01,Sudeste,SP,São Paulo,419861,25184,28.88,400.3,58868515.73,9,29.3,Média
2019,2,2019-02-01,Sudeste,SP,Campinas,306719,48556,54.07,771.06,78951988.63,8,27.8,Baixa
2019,2,2019-02-01,Sudeste,SP,Ribeirão Preto,11845,7096,28.28,323.44,67564122.85,11,30.4,Alta
2019,2,2019-02-01,Sudeste,RJ,Rio de Janeiro,20861,77109,65.91,520.47,111964699.35,9,24.1,Alta
2019,2,2019-02-01,Sudeste,RJ,Niterói,193311,67263,45.54,636.72,78081082.28,11,19.9,Baixa
2019,2,2019-02-01,Sudeste,RJ,Nova Iguaçu,37032,37475,90.6,527.75,31299170.46,10,19.3,Média
2019,2,2019-02-01,Sudeste,RJ,Petrópolis,292918,35473,49.65,1009.09,45813698.01,13,26.8,Média
2019,2,2019-02-01,Sudeste,MG,Belo Horizonte,160936,69641,67.01,803.85,91954905.52,12,26.7,Baixa
2019,2,2019-02-01,Sudeste,MG,Uberlândia,140113,22357,74.24,345.91,10336354.66,7,27.9,Alta
2019,2,2019-02-01,Sudeste,MG,Juiz de Fora,405738,48452,35.11,968.3,37395261.6,8,27.9,Alta
2019,2,2019-02-01,Sudeste,ES,Vitória,314897,28658,77.2,1176.14,199079882.31,6,21.7,Alta
2019,2,2019-02-01,Sudeste,ES,Vila Velha,86983,55405,48.33,500.54,20923258.76,15,23.0,Média
2019,2,2019-02-01,Sudeste,ES,Serra,490371,46471,40.83,912.25,196937992.67,11,31.8,Baixa
2019,2,2019-02-01,Sul,PR,Curitiba,433215,2239,45.87,313.81,79428475.77,6,26.3,Alta
2019,2,2019-02-01,Sul,PR,Londrina,449137,45772,66.94,1038.54,35360206.86,8,24.0,Média
2019,2,2019-02-01,Sul,SC,Florianópolis,205792,77185,91.81,397.9,93959398.45,6,28.3,Média
2019,2,2019-02-01,Sul,SC,Joinville,163110,11637,38.64,514.98,8189766.54,17,22.8,Média
2019,2,2019-02-01,Sul,RS,Porto Alegre,310838,72875,27.4,253.74,139146815.45,13,34.7,Média
2019,2,2019-02-01,Sul,RS,Caxias do Sul,16496,64834,65.14,213.26,92423889.25,6,29.2,Alta
2019,3,2019-03-01,Norte,AM,Manaus,158996,73548,57.16,914.59,122011248.24,10,25.7,Alta
2019,3,2019-03-01,Norte,PA,Belém,59386,20465,72.89,438.94,176260304.09,4,23.4,Média
2019,3,2019-03-01,Norte,PA,Santarém,472321,39064,45.39,299.28,117970346.9,13,27.9,Alta
2019,3,2019-03-01,Norte,RO,Porto Velho,260744,27162,73.65,309.84,199960855.71,5,19.6,Baixa
2019,3,2019-03-01,Norte,TO,Palmas,251533,67554,59.14,608.48,116355471.56,11,22.5,Média
2019,3,2019-03-01,Nordeste,BA,Salvador,212752,56118,73.54,1056.38,54404907.92,16,23.3,Alta
2019,3,2019-03-01,Nordeste,BA,Feira de Santana,232938,74087,73.02,524.27,155550165.62,8,29.0,Baixa
2019,3,2019-03-01,Nordeste,PE,Recife,75807,77047,87.28,746.26,150900944.07,14,23.4,Alta
2019,3,2019-03-01,Nordeste,PE,Jaboatão dos Guararapes,13486,26982,86.49,378.73,163694222.45,5,25.8,Alta
2019,3,2019-03-01,Nordeste,CE,Fortaleza,216117,8470,27.59,234.01,172717201.91,7,25.5,Média
2019,3,2019-03-01,Nordeste,CE,Juazeiro do Norte,332986,25879,72.82,1176.01,112606131.89,7,27.0,Média
2019,3,2019-03-01,Nordeste,MA,São Luís,403832,53368,91.5,623.32,133001054.77,14,25.1,Alta
2019,3,2019-03-01,Nordeste,PB,João Pessoa,407292,1907,65.86,872.33,51472033.38,9,16.9,Alta
2019,3,2019-03-01,Centro-Oeste,DF,Brasília,257704,47874,84.74,672.68,153773780.82,8,26.6,Média
2019,3,2019-03-01,Centro-Oeste,GO,Goiânia,386702,26412,39.43,800.51,16107033.93,2,18.8,Média
2019,3,2019-03-01,Centro-Oeste,GO,Aparecida de Goiânia,394952,69705,93.85,1186.6,80307198.17,14,24.5,Alta
2019,3,2019-03-01,Centro-Oeste,MT,Cuiabá,434830,12332,79.2,631.04,46529370.41,10,28.0,Alta
2019,3,2019-03-01,Centro-Oeste,MS,Campo Grande,447787,29436,27.8,560.61,16424453.08,10,28.6,Alta
2019,3,2019-03-01,Sudeste,SP,São Paulo,411969,9865,42.46,271.85,119122309.89,8,23.2,Baixa
2019,3,2019-03-01,Sudeste,SP,Campinas,401056,65291,90.08,1106.46,5926559.54,10,28.5,Baixa
2019,3,2019-03-01,Sudeste,SP,Ribeirão Preto,214883,62786,92.54,750.94,158776558.85,13,27.0,Baixa
2019,3,2019-03-01,Sudeste,RJ,Rio de Janeiro,34817,11828,62.62,610.53,170776980.84,6,20.9,Média
2019,3,2019-03-01,Sudeste,RJ,Niterói,203198,25603,48.35,640.78,155813942.08,9,30.9,Média
2019,3,2019-03-01,Sudeste,RJ,Nova Iguaçu,159591,22485,29.13,936.45,5126490.78,13,19.3,Baixa
2019,3,2019-03-01,Sudeste,RJ,Petrópolis,457177,36206,91.52,974.53,65055931.09,7,28.6,Média
2019,3,2019-03-01,Sudeste,MG,Belo Horizonte,74651,20853,50.27,937.18,125978592.88,13,21.9,Média
2019,3,2019-03-01,Sudeste,MG,Uberlândia,17989,5780,87.86,674.28,109086604.79,12,29.1,Média
2019,3,2019-03-01,Sudeste,MG,Juiz de Fora,327895,59537,77.75,621.12,5974867.3,7,26.3,Alta
2019,3,2019-03-01,Sudeste,ES,Vitória,130478,71595,91.15,394.2,192069443.49,10,26.0,Média
2019,3,2019-03-01,Sudeste,ES,Vila Velha,414123,55850,30.0,719.42,108053311.99,6,31.1,Alta
2019,3,2019-03-01,Sudeste,ES,Serra,385428,15248,53.14,677.71,151895401.5,6,23.7,Alta
2019,3,2019-03-01,Sul,PR,Curitiba,78336,7250,52.87,392.62,196263849.99,9,27.2,Alta
2019,3,2019-03-01,Sul,PR,Londrina,300986,16806,51.26,1174.37,65976020.34,5,27.2,Alta
2019,3,2019-03-01,Sul,SC,Florianópolis,491145,19788,30.29,578.86,74774753.36,8,28.9,Baixa
2019,3,2019-03-01,Sul,SC,Joinville,196878,39049,46.67,365.64,145093305.3,8,23.2,Baixa
2019,3,2019-03-01,Sul,RS,Porto Alegre,185667,71108,77.96,511.57,161323703.36,11,28.8,Média
2019,3,2019-03-01,Sul,RS,Caxias do Sul,362080,60170,37.45,183.83,191519143.99,5,32.0,Baixa
2019,4,2019-04-01,Norte,AM,Manaus,474529,49115,57.75,301.81,42099301.22,12,34.5,Baixa
2019,4,2019-04-01,Norte,PA,Belém,146774,41630,25.6,956.55,193501722.18,7,24.6,Alta
2019,4,2019-04-01,Norte,PA,Santarém,325054,45401,92.25,708.89,124414306.21,12,27.4,Baixa
2019,4,2019-04-01,Norte,RO,Porto Velho,54047,56467,81.02,275.8,184202438.81,8,20.8,Média
2019,4,2019-04-01,Norte,TO,Palmas,407829,54076,76.99,982.21,4044649.92,13,27.2,Baixa
2019,4,2019-04-01,Nordeste,BA,Salvador,41900,68364,47.14,555.63,186349717.7,13,22.1,Baixa
2019,4,2019-04-01,Nordeste,BA,Feira de Santana,487471,25961,80.53,1164.94,183942127.02,7,21.8,Alta
2019,4,2019-04-01,Nordeste,PE,Recife,250187,56224,40.55,622.41,54449304.97,8,19.8,Alta
2019,4,2019-04-01,Nordeste,PE,Jaboatão dos Guararapes,262256,45309,90.59,320.88,47825878.75,11,27.9,Baixa
2019,4,2019-04-01,Nordeste,CE,Fortaleza,403283,45072,54.36,748.81,41580309.31,14,25.7,Média
2019,4,2019-04-01,Nordeste,CE,Juazeiro do Norte,190400,9507,88.4,164.68,17373451.43,9,22.2,Média
2019,4,2019-04-01,Nordeste,MA,São Luís,93797,38264,37.66,1153.6,153337284.71,14,24.0,Alta
2019,4,2019-04-01,Nordeste,PB,João Pessoa,430500,56213,60.43,572.98,47917216.82,6,29.2,Alta
2019,4,2019-04-01,Centro-Oeste,DF,Brasília,70858,14842,54.43,1121.41,151245559.17,9,24.3,Baixa
2019,4,2019-04-01,Centro-Oeste,GO,Goiânia,29106,36850,82.4,536.35,22594859.91,16,28.2,Baixa
2019,4,2019-04-01,Centro-Oeste,GO,Aparecida de Goiânia,130319,46028,73.06,174.47,71341453.36,7,24.9,Baixa
2019,4,2019-04-01,Centro-Oeste,MT,Cuiabá,317484,13882,40.5,449.07,179519389.06,6,28.6,Alta
2019,4,2019-04-01,Centro-Oeste,MS,Campo Grande,30576,76671,91.42,735.31,163229181.6,16,33.2,Média
2019,4,2019-04-01,Sudeste,SP,São Paulo,228521,19326,75.16,935.5,64655115.51,7,30.6,Baixa
2019,4,2019-04-01,Sudeste,SP,Campinas,242889,61770,75.49,811.89,183415602.73,14,23.6,Alta
2019,4,2019-04-01,Sudeste,SP,Ribeirão Preto,191545,67906,83.41,1170.43,34579905.4,5,27.6,Média
2019,4,2019-04-01,Sudeste,RJ,Rio de Janeiro,337042,35391,67.46,215.27,186768904.35,11,31.4,Alta
2019,4,2019-04-01,Sudeste,RJ,Niterói,472132,73685,92.15,354.74,143533095.21,13,26.8,Alta
2019,4,2019-04-01,Sudeste,RJ,Nova Iguaçu,11130,58386,41.79,411.61,48923501.34,10,21.0,Alta
2019,4,2019-04-01,Sudeste,RJ,Petrópolis,322105,52318,26.11,681.87,53610733.73,8,33.9,Baixa
2019,4,2019-04-01,Sudeste,MG,Belo Horizonte,496663,27857,93.67,658.49,61080879.27,10,27.7,Alta
2019,4,2019-04-01,Sudeste,MG,Uberlândia,289808,36253,48.2,998.88,90841641.87,16,25.6,Baixa
2019,4,2019-04-01,Sudeste,MG,Juiz de Fora,147438,61538,31.06,1037.13,13350317.17,11,21.7,Média
2019,4,2019-04-01,Sudeste,ES,Vitória,302081,51912,75.12,915.15,2931403.82,10,33.6,Alta
2019,4,2019-04-01,Sudeste,ES,Vila Velha,452091,22593,53.16,444.48,73701046.15,11,29.1,Média
2019,4,2019-04-01,Sudeste,ES,Serra,228693,48335,65.44,1101.51,178165917.74,17,20.4,Baixa
2019,4,2019-04-01,Sul,PR,Curitiba,25936,8609,81.92,275.37,171725067.73,7,20.0,Média
2019,4,2019-04-01,Sul,PR,Londrina,250133,44116,73.42,394.8,171765042.12,4,32.1,Baixa
2019,4,2019-04-01,Sul,SC,Florianópolis,418098,36541,67.97,541.78,194975179.32,12,23.8,Alta
2019,4,2019-04-01,Sul,SC,Joinville,61041,12512,79.32,879.31,101876413.39,17,27.6,Média
2019,4,2019-04-01,Sul,RS,Porto Alegre,381981,27510,72.06,766.68,12544387.44,8,26.8,Baixa
2019,4,2019-04-01,Sul,RS,Caxias do Sul,410263,16419,89.62,459.6,154854673.19,14,25.2,Média
2019,5,2019-05-01,Norte,AM,Manaus,470652,48743,86.17,596.62,50693971.81,10,30.6,Média
2019,5,2019-05-01,Norte,PA,Belém,219499,49980,56.06,873.63,74780033.04,8,25.8,Média
2019,5,2019-05-01,Norte,PA,Santarém,179890,76029,81.84,789.87,155032576.87,5,21.4,Baixa
2019,5,2019-05-01,Norte,RO,Porto Velho,230720,60552,31.59,1173.07,83207085.43,5,28.5,Alta
2019,5,2019-05-01,Norte,TO,Palmas,269396,26504,76.12,421.77,164982524.94,6,23.4,Média
2019,5,2019-05-01,Nordeste,BA,Salvador,262328,1220,45.36,153.06,144541636.28,8,25.2,Baixa
2019,5,2019-05-01,Nordeste,BA,Feira de Santana,236818,28907,81.39,735.28,75539298.78,9,9.2,Alta
2019,5,2019-05-01,Nordeste,PE,Recife,393836,54767,27.51,770.98,26151692.57,11,21.0,Baixa
2019,5,2019-05-01,Nordeste,PE,Jaboatão dos Guararapes,480982,22529,42.95,915.07,170951302.26,7,30.9,Média
2019,5,2019-05-01,Nordeste,CE,Fortaleza,335467,52823,41.34,559.89,198354273.98,13,17.1,Alta
2019,5,2019-05-01,Nordeste,CE,Juazeiro do Norte,325234,71885,62.29,285.26,25799502.6,9,23.0,Média
2019,5,2019-05-01,Nordeste,MA,São Luís,498306,33113,75.17,1155.89,157820474.29,14,24.6,Alta
2019,5,2019-05-01,Nordeste,PB,João Pessoa,224763,57654,73.48,792.41,144240013.57,7,22.4,Baixa
2019,5,2019-05-01,Centro-Oeste,DF,Brasília,404507,30744,74.65,487.8,80027157.63,10,14.2,Média
2019,5,2019-05-01,Centro-Oeste,GO,Goiânia,77178,31204,72.94,819.87,25266156.86,7,16.7,Média
2019,5,2019-05-01,Centro-Oeste,GO,Aparecida de Goiânia,146860,18154,89.44,335.1,136943787.44,9,22.3,Média
2019,5,2019-05-01,Centro-Oeste,MT,Cuiabá,428065,70121,92.79,1098.97,47927249.43,9,15.3,Alta
2019,5,2019-05-01,Centro-Oeste,MS,Campo Grande,11172,1418,50.28,689.67,197108082.87,13,18.0,Alta
2019,5,2019-05-01,Sudeste,SP,São Paulo,387632,46133,77.65,1141.3,52165632.78,10,28.2,Baixa
2019,5,2019-05-01,Sudeste,SP,Campinas,33199,77064,64.81,895.66,129933907.41,10,27.2,Média
2019,5,2019-05-01,Sudeste,SP,Ribeirão Preto,388872,76044,64.2,710.3,156043996.84,6,24.7,Alta
2019,5,2019-05-01,Sudeste,RJ,Rio de Janeiro,270111,77839,87.26,933.8,60930184.37,6,27.9,Média
2019,5,2019-05-01,Sudeste,RJ,Niterói,145377,25184,91.94,234.02,195037603.4,9,15.8,Baixa
2019,5,2019-05-01,Sudeste,RJ,Nova Iguaçu,222613,22752,26.91,700.19,172589837.06,7,27.2,Alta
2019,5,2019-05-01,Sudeste,RJ,Petrópolis,477078,14710,37.0,374.96,112686756.93,10,20.2,Baixa
2019,5,2019-05-01,Sudeste,MG,Belo Horizonte,197657,24448,81.7,683.43,90371419.63,9,26.1,Média
2019,5,2019-05-01,Sudeste,MG,Uberlândia,333828,53591,54.44,619.67,173423944.71,10,18.5,Média
2019,5,2019-05-01,Sudeste,MG,Juiz de Fora,332768,24538,31.8,1069.77,87583139.09,6,27.3,Alta
2019,5,2019-05-01,Sudeste,ES,Vitória,23005,20494,45.52,887.91,174955112.94,13,27.8,Baixa
2019,5,2019-05-01,Sudeste,ES,Vila Velha,422060,34168,62.62,264.21,168672624.24,9,26.0,Média
2019,5,2019-05-01,Sudeste,ES,Serra,267611,15043,42.45,1137.15,175473147.29,10,25.3,Baixa
2019,5,2019-05-01,Sul,PR,Curitiba,416020,16340,55.76,170.85,47861461.85,18,27.6,Média
2019,5,2019-05-01,Sul,PR,Londrina,172580,32244,86.12,1065.78,26377052.07,17,26.3,Baixa
2019,5,2019-05-01,Sul,SC,Florianópolis,147524,64329,94.8,1036.16,189091512.29,9,21.8,Média
2019,5,2019-05-01,Sul,SC,Joinville,245539,15308,46.8,1191.99,155400969.51,10,23.1,Média
2019,5,2019-05-01,Sul,RS,Porto Alegre,490168,14247,41.77,1160.13,101879040.18,6,27.7,Alta
2019,5,2019-05-01,Sul,RS,Caxias do Sul,72477,62644,34.04,376.57,11268660.55,8,23.2,Média
2019,6,2019-06-01,Norte,AM,Manaus,436849,26897,72.49,1131.0,23887024.41,9,28.9,Baixa
2019,6,2019-06-01,Norte,PA,Belém,248113,52445,83.63,325.84,140402727.03,13,33.8,Média
2019,6,2019-06-01,Norte,PA,Santarém,82645,29443,45.87,941.02,114829079.3,8,23.9,Média
2019,6,2019-06-01,Norte,RO,Porto Velho,369664,40273,64.62,466.21,170945572.23,7,30.1,Média
2019,6,2019-06-01,Norte,TO,Palmas,428824,67209,30.33,743.54,15762017.69,5,24.0,Baixa
2019,6,2019-06-01,Nordeste,BA,Salvador,375751,22527,72.02,1159.61,154790816.34,6,22.0,Média
2019,6,2019-06-01,Nordeste,BA,Feira de Santana,202776,73656,70.55,688.02,105227871.29,15,24.2,Média
2019,6,2019-06-01,Nordeste,PE,Recife,264766,43332,50.34,426.46,4696000.64,10,29.6,Média
2019,6,2019-06-01,Nordeste,PE,Jaboatão dos Guararapes,258000,46305,70.29,322.26,64496686.86,10,22.1,Alta
2019,6,2019-06-01,Nordeste,CE,Fortaleza,349053,20982,58.39,491.86,190789722.99,6,31.4,Alta
2019,6,2019-06-01,Nordeste,CE,Juazeiro do Norte,93960,43005,79.62,672.16,36529844.15,10,18.3,Média
2019,6,2019-06-01,Nordeste,MA,São Luís,145795,28803,73.6,321.26,159183952.88,10,22.6,Baixa
2019,6,2019-06-01,Nordeste,PB,João Pessoa,282220,63544,52.84,1107.92,146907925.07,12,27.7,Baixa
2019,6,2019-06-01,Centro-Oeste,DF,Brasília,90342,40602,54.35,799.22,132152066.31,9,24.9,Alta
2019,6,2019-06-01,Centro-Oeste,GO,Goiânia,253893,64423,43.6,1188.68,29421140.82,13,25.1,Média
2019,6,2019-06-01,Centro-Oeste,GO,Aparecida de Goiânia,88129,36781,70.42,1126.06,64310869.08,15,28.1,Baixa
2019,6,2019-06-01,Centro-Oeste,MT,Cuiabá,443279,72905,75.14,786.64,4165800.41,10,26.9,Média
2019,6,2019-06-01,Centro-Oeste,MS,Campo Grande,402947,10987,67.49,494.93,144178860.46,9,26.3,Alta
2019,6,2019-06-01,Sudeste,SP,São Paulo,288786,12551,55.28,1123.12,145731770.8,13,22.2,Alta
2019,6,2019-06-01,Sudeste,SP,Campinas,380045,75622,45.55,456.49,26655708.32,10,23.3,Média
2019,6,2019-06-01,Sudeste,SP,Ribeirão Preto,202154,52364,42.93,712.92,82038875.94,10,22.7,Alta
2019,6,2019-06-01,Sudeste,RJ,Rio de Janeiro,428312,34800,48.26,416.85,84748280.44,9,22.8,Alta
2019,6,2019-06-01,Sudeste,RJ,Niterói,370526,26601,67.48,164.21,187651485.85,4,32.2,Alta
2019,6,2019-06-01,Sudeste,RJ,Nova Iguaçu,14092,78453,75.68,346.36,82321839.0,13,24.3,Alta
2019,6,2019-06-01,Sudeste,RJ,Petrópolis,147471,63321,86.67,641.53,14091258.9,14,32.1,Baixa
2019,6,2019-06-01,Sudeste,MG,Belo Horizonte,116630,21925,45.76,572.49,34730472.59,11,21.2,Baixa
2019,6,2019-06-01,Sudeste,MG,Uberlândia,93198,60375,86.23,501.22,131297861.66,7,21.6,Baixa
2019,6,2019-06-01,Sudeste,MG,Juiz de Fora,367273,4991,94.86,854.39,133541134.36,10,28.2,Baixa
2019,6,2019-06-01,Sudeste,ES,Vitória,449950,32732,65.63,198.79,169697433.91,9,20.2,Média
2019,6,2019-06-01,Sudeste,ES,Vila Velha,421267,37709,94.74,860.78,194265316.23,8,16.6,Baixa
2019,6,2019-06-01,Sudeste,ES,Serra,360340,60582,62.85,1194.9,175327328.69,13,31.6,Baixa
2019,6,2019-06-01,Sul,PR,Curitiba,477746,39457,60.59,198.69,162978563.94,14,31.6,Baixa
2019,6,2019-06-01,Sul,PR,Londrina,427636,45897,85.59,356.54,170318915.53,9,24.8,Média
2019,6,2019-06-01,Sul,SC,Florianópolis,201472,29068,48.67,793.9,151751611.9,6,27.0,Alta
2019,6,2019-06-01,Sul,SC,Joinville,371151,31553,65.26,1045.6,144829864.26,8,29.2,Alta
2019,6,2019-06-01,Sul,RS,Porto Alegre,125218,30724,28.31,1163.85,55535785.37,6,23.1,Alta
2019,6,2019-06-01,Sul,RS,Caxias do Sul,447989,55812,94.21,1010.58,75439114.48,8,23.9,Média
2019,7,2019-07-01,Norte,AM,Manaus,184352,6136,87.55,1054.45,96031960.36,10,19.0,Média
2019,7,2019-07-01,Norte,PA,Belém,65186,40376,40.95,399.36,56338759.64,7,31.1,Baixa
2019,7,2019-07-01,Norte,PA,Santarém,326392,14649,59.07,1015.86,175640381.66,10,33.7,Média
2019,7,2019-07-01,Norte,RO,Porto Velho,279548,9811,85.42,748.15,191767351.7,13,23.6,Baixa
2019,7,2019-07-01,Norte,TO,Palmas,311125,69993,83.78,667.58,131932825.73,10,24.5,Baixa
2019,7,2019-07-01,Nordeste,BA,Salvador,408466,78408,36.6,1004.45,57087512.4,12,20.8,Alta
2019,7,2019-07-01,Nordeste,BA,Feira de Santana,319710,8521,89.93,178.82,42837770.56,7,27.1,Média
2019,7,2019-07-01,Nordeste,PE,Recife,230592,65139,62.45,944.75,45758672.76,10,26.3,Média
2019,7,2019-07-01,Nordeste,PE,Jaboatão dos Guararapes,289807,8716,39.8,846.9,33031283.87,4,26.3,Média
2019,7,2019-07-01,Nordeste,CE,Fortaleza,379643,62295,86.24,200.06,60370443.99,11,23.2,Média
2019,7,2019-07-01,Nordeste,CE,Juazeiro do Norte,49155,45801,90.54,1074.26,195990459.8,12,28.9,Alta
2019,7,2019-07-01,Nordeste,MA,São Luís,288762,75035,94.13,1152.4,164895882.63,14,28.7,Média
2019,7,2019-07-01,Nordeste,PB,João Pessoa,10154,74074,78.83,377.74,146108680.42,11,22.7,Alta
2019,7,2019-07-01,Centro-Oeste,DF,Brasília,394864,59163,65.33,1086.1,155244324.63,6,30.9,Alta
2019,7,2019-07-01,Centro-Oeste,GO,Goiânia,496983,72941,69.92,879.55,17868433.79,7,24.8,Média
2019,7,2019-07-01,Centro-Oeste,GO,Aparecida de Goiânia,322578,3821,80.23,389.83,115956207.0,11,23.1,Alta
2019,7,2019-07-01,Centro-Oeste,MT,Cuiabá,59516,56672,37.68,1091.21,85022084.07,7,24.6,Alta
2019,7,2019-07-01,Centro-Oeste,MS,Campo Grande,279029,44996,33.8,228.35,122809968.25,11,24.8,Alta
2019,7,2019-07-01,Sudeste,SP,São Paulo,350270,72681,86.45,491.16,104018334.28,13,22.6,Alta
2019,7,2019-07-01,Sudeste,SP,Campinas,107107,25877,67.96,269.03,167675040.54,9,32.4,Alta
2019,7,2019-07-01,Sudeste,SP,Ribeirão Preto,182792,17675,84.57,650.29,43220218.69,17,29.6,Média
2019,7,2019-07-01,Sudeste,RJ,Rio de Janeiro,386011,16256,73.07,1048.1,28330426.0,14,23.9,Média
2019,7,2019-07-01,Sudeste,RJ,Niterói,363566,41560,94.55,562.43,136213418.69,4,28.3,Média
2019,7,2019-07-01,Sudeste,RJ,Nova Iguaçu,441310,42406,92.65,297.08,47032864.5,4,21.3,Baixa
2019,7,2019-07-01,Sudeste,RJ,Petrópolis,386523,31685,29.89,1147.94,175977175.87,16,21.4,Média
2019,7,2019-07-01,Sudeste,MG,Belo Horizonte,225681,71151,36.84,1041.66,54827525.97,12,25.4,Alta
2019,7,2019-07-01,Sudeste,MG,Uberlândia,448238,42167,87.43,561.9,120999644.51,7,29.0,Alta
2019,7,2019-07-01,Sudeste,MG,Juiz de Fora,325203,30072,55.61,762.49,79539446.26,17,19.9,Baixa
2019,7,2019-07-01,Sudeste,ES,Vitória,360446,75126,28.47,1190.57,182139083.46,9,26.4,Baixa
2019,7,2019-07-01,Sudeste,ES,Vila Velha,447326,34388,30.77,1160.57,82252570.84,12,17.0,Alta
2019,7,2019-07-01,Sudeste,ES,Serra,274448,68897,81.88,708.17,139266390.36,10,23.4,Média
2019,7,2019-07-01,Sul,PR,Curitiba,366978,13626,51.94,180.7,167312181.51,6,24.9,Baixa
2019,7,2019-07-01,Sul,PR,Londrina,229211,13534,34.05,395.32,162960667.08,7,28.6,Média
2019,7,2019-07-01,Sul,SC,Florianópolis,396608,32835,67.33,303.31,51703038.83,10,29.9,Média
2019,7,2019-07-01,Sul,SC,Joinville,418148,41799,49.84,699.36,171083562.79,12,27.5,Média
2019,7,2019-07-01,Sul,RS,Porto Alegre,389163,47642,41.44,659.54,84449690.56,6,22.2,Média
2019,7,2019-07-01,Sul,RS,Caxias do Sul,312995,60940,80.9,303.16,104415521.67,10,19.1,Baixa
2019,8,2019-08-01,Norte,AM,Manaus,32226,78100,79.95,283.71,27081967.38,15,27.5,Alta
2019,8,2019-08-01,Norte,PA,Belém,15449,48352,28.35,982.04,127446229.12,15,20.5,Alta
2019,8,2019-08-01,Norte,PA,Santarém,266286,20976,84.16,696.54,37875891.59,8,23.0,Baixa
2019,8,2019-08-01,Norte,RO,Porto Velho,259876,26806,41.98,828.03,73418087.92,7,17.2,Média
2019,8,2019-08-01,Norte,TO,Palmas,41590,44393,50.33,1177.67,80631681.18,11,20.8,Baixa
2019,8,2019-08-01,Nordeste,BA,Salvador,10054,55116,27.58,884.11,19546034.96,9,32.8,Baixa
2019,8,2019-08-01,Nordeste,BA,Feira de Santana,346165,73160,38.0,334.03,138205658.31,12,31.5,Alta
2019,8,2019-08-01,Nordeste,PE,Recife,14314,12401,48.72,859.58,190690471.11,9,22.6,Média
2019,8,2019-08-01,Nordeste,PE,Jaboatão dos Guararapes,97808,16952,31.81,194.41,165743629.1,6,15.5,Baixa
2019,8,2019-08-01,Nordeste,CE,Fortaleza,492432,31828,76.61,1053.26,74493425.44,11,23.3,Média
2019,8,2019-08-01,Nordeste,CE,Juazeiro do Norte,73245,18844,51.75,279.16,52879261.93,12,29.5,Baixa
2019,8,2019-08-01,Nordeste,MA,São Luís,260242,62196,27.93,355.97,105742711.32,8,15.4,Média
2019,8,2019-08-01,Nordeste,PB,João Pessoa,495629,46692,56.85,471.57,190831427.78,17,22.3,Baixa
2019,8,2019-08-01,Centro-Oeste,DF,Brasília,386386,36960,54.58,171.95,84212415.76,5,21.1,Baixa
2019,8,2019-08-01,Centro-Oeste,GO,Goiânia,148163,56280,52.24,351.59,161629884.08,12,21.9,Alta
2019,8,2019-08-01,Centro-Oeste,GO,Aparecida de Goiânia,72876,50117,62.17,246.77,126304594.94,14,28.3,Média
2019,8,2019-08-01,Centro-Oeste,MT,Cuiabá,268196,72364,32.03,1142.65,85020465.25,5,21.2,Alta
2019,8,2019-08-01,Centro-Oeste,MS,Campo Grande,241526,3618,63.3,506.0,28942680.82,9,27.7,Média
2019,8,2019-08-01,Sudeste,SP,São Paulo,303668,56327,87.44,582.12,88430602.17,11,20.5,Alta
2019,8,2019-08-01,Sudeste,SP,Campinas,283036,10484,60.41,698.3,186787501.53,10,28.4,Alta
2019,8,2019-08-01,Sudeste,SP,Ribeirão Preto,81358,53071,39.72,707.75,102205769.89,9,24.3,Alta
2019,8,2019-08-01,Sudeste,RJ,Rio de Janeiro,270236,16170,70.15,695.53,64440950.42,10,22.2,Alta
2019,8,2019-08-01,Sudeste,RJ,Niterói,224726,32566,62.06,997.15,9949157.62,9,33.3,Baixa
2019,8,2019-08-01,Sudeste,RJ,Nova Iguaçu,271594,37259,40.45,823.05,98238453.67,11,31.1,Alta
2019,8,2019-08-01,Sudeste,RJ,Petrópolis,497964,17441,80.88,1089.31,136026252.64,9,25.0,Alta
2019,8,2019-08-01,Sudeste,MG,Belo Horizonte,391155,36366,53.41,253.55,94415236.5,8,27.2,Alta
2019,8,2019-08-01,Sudeste,MG,Uberlândia,72060,52271,88.98,994.54,112833603.9,10,15.2,Alta
2019,8,2019-08-01,Sudeste,MG,Juiz de Fora,246445,6663,78.39,619.76,136909670.36,4,31.3,Média
2019,8,2019-08-01,Sudeste,ES,Vitória,421567,17682,50.82,403.97,21174903.16,13,26.1,Baixa
2019,8,2019-08-01,Sudeste,ES,Vila Velha,61841,11810,34.17,1127.52,121026792.02,10,26.8,Alta
2019,8,2019-08-01,Sudeste,ES,Serra,325284,58004,31.86,624.8,23513638.07,8,26.7,Média
2019,8,2019-08-01,Sul,PR,Curitiba,321060,67335,68.92,1181.48,15441011.74,11,23.4,Alta
2019,8,2019-08-01,Sul,PR,Londrina,326118,15101,67.96,698.51,17573404.76,14,28.8,Baixa
2019,8,2019-08-01,Sul,SC,Florianópolis,352476,38969,41.8,536.42,163914365.35,8,21.9,Média
2019,8,2019-08-01,Sul,SC,Joinville,409299,49322,93.58,290.89,193001546.16,9,19.9,Baixa
2019,8,2019-08-01,Sul,RS,Porto Alegre,483066,36840,35.38,525.64,69157889.85,10,26.7,Alta
2019,8,2019-08-01,Sul,RS,Caxias do Sul,110095,54455,93.2,496.82,71777930.74,9,22.9,Baixa
2019,9,2019-09-01,Norte,AM,Manaus,300124,12878,81.0,1098.56,16169620.91,7,23.9,Alta
2019,9,2019-09-01,Norte,PA,Belém,130010,44132,66.2,810.76,118865321.93,5,19.3,Média
2019,9,2019-09-01,Norte,PA,Santarém,452931,42365,76.8,893.21,199731856.74,12,27.4,Alta
2019,9,2019-09-01,Norte,RO,Porto Velho,409258,76267,78.07,860.51,157811574.32,12,25.4,Alta
2019,9,2019-09-01,Norte,TO,Palmas,32439,5708,48.72,943.17,79421244.15,14,27.3,Alta
2019,9,2019-09-01,Nordeste,BA,Salvador,163091,65512,67.28,1153.67,30752484.77,13,24.1,Alta
2019,9,2019-09-01,Nordeste,BA,Feira de Santana,394562,41999,70.94,1158.76,122893672.84,10,28.0,Baixa
2019,9,2019-09-01,Nordeste,PE,Recife,68153,10504,47.26,760.2,73078205.39,7,21.9,Média
2019,9,2019-09-01,Nordeste,PE,Jaboatão dos Guararapes,68792,42208,70.06,895.14,73151826.63,10,21.7,Média
2019,9,2019-09-01,Nordeste,CE,Fortaleza,453936,73402,91.86,1116.88,78436061.02,10,33.2,Média
2019,9,2019-09-01,Nordeste,CE,Juazeiro do Norte,335887,23181,68.27,625.89,193913938.7,8,28.8,Alta
2019,9,2019-09-01,Nordeste,MA,São Luís,159112,75533,57.51,841.07,159019206.64,16,24.2,Alta
2019,9,2019-09-01,Nordeste,PB,João Pessoa,165277,74594,46.71,450.5,95585712.6,7,19.6,Média
2019,9,2019-09-01,Centro-Oeste,DF,Brasília,139760,52844,37.22,659.26,128365407.24,6,18.0,Média
2019,9,2019-09-01,Centro-Oeste,GO,Goiânia,56710,9210,31.52,1140.74,188609845.64,15,26.0,Alta
2019,9,2019-09-01,Centro-Oeste,GO,Aparecida de Goiânia,450293,11393,37.78,1005.16,28549766.38,6,17.6,Baixa
2019,9,2019-09-01,Centro-Oeste,MT,Cuiabá,301002,17289,54.22,984.92,163838069.31,10,17.2,Baixa
2019,9,2019-09-01,Centro-Oeste,MS,Campo Grande,177926,61495,91.75,192.85,92055019.03,9,24.0,Alta
2019,9,2019-09-01,Sudeste,SP,São Paulo,343148,64370,90.68,1017.65,116204410.81,11,29.9,Média
2019,9,2019-09-01,Sudeste,SP,Campinas,434566,22946,90.69,848.62,110387121.01,14,22.8,Média
2019,9,2019-09-01,Sudeste,SP,Ribeirão Preto,328151,64888,69.44,976.35,22551524.81,15,19.5,Baixa
2019,9,2019-09-01,Sudeste,RJ,Rio de Janeiro,141686,26321,57.2,160.34,193889014.44,9,23.2,Alta
2019,9,2019-09-01,Sudeste,RJ,Niterói,332033,33945,80.8,1079.74,4870686.47,11,28.1,Alta
2019,9,2019-09-01,Sudeste,RJ,Nova Iguaçu,236458,14344,76.64,291.33,122192309.86,10,21.7,Média
2019,9,2019-09-01,Sudeste,RJ,Petrópolis,160187,23769,27.01,1144.3,18380687.34,5,24.4,Alta
2019,9,2019-09-01,Sudeste,MG,Belo Horizonte,214049,72460,92.38,621.51,114363034.1,9,20.0,Baixa
2019,9,2019-09-01,Sudeste,MG,Uberlândia,444373,57941,27.09,1197.68,56253549.02,9,17.1,Baixa
2019,9,2019-09-01,Sudeste,MG,Juiz de Fora,468899,43435,49.59,258.27,170322403.05,9,29.4,Alta
2019,9,2019-09-01,Sudeste,ES,Vitória,193529,14465,50.07,257.54,171694417.53,6,26.9,Baixa
2019,9,2019-09-01,Sudeste,ES,Vila Velha,468480,56381,69.2,1192.22,106197502.21,14,27.5,Alta
2019,9,2019-09-01,Sudeste,ES,Serra,339474,73019,94.73,1038.25,77799269.61,5,28.9,Alta
2019,9,2019-09-01,Sul,PR,Curitiba,246421,19166,80.74,696.42,20609125.45,12,24.0,Média
2019,9,2019-09-01,Sul,PR,Londrina,195585,8317,81.62,717.7,178766944.14,7,23.2,Média
2019,9,2019-09-01,Sul,SC,Florianópolis,232356,71773,91.49,488.45,81283507.58,8,26.2,Alta
2019,9,2019-09-01,Sul,SC,Joinville,412098,78566,82.8,805.38,166454849.92,9,24.3,Média
2019,9,2019-09-01,Sul,RS,Porto Alegre,435211,49492,69.95,635.49,86202533.55,12,25.5,Baixa
2019,9,2019-09-01,Sul,RS,Caxias do Sul,53206,55003,56.59,728.09,44236689.16,8,20.4,Alta
2019,10,2019-10-01,Norte,AM,Manaus,301720,51230,47.68,342.67,111293480.35,10,29.7,Média
2019,10,2019-10-01,Norte,PA,Belém,285721,18551,85.14,1096.66,138961749.95,9,30.9,Baixa
2019,10,2019-10-01,Norte,PA,Santarém,465125,8832,91.26,448.76,174319737.23,11,20.8,Baixa
2019,10,2019-10-01,Norte,RO,Porto Velho,378189,21865,43.46,1016.35,102361327.57,5,17.7,Média
2019,10,2019-10-01,Norte,TO,Palmas,101178,10457,33.85,284.14,60565337.08,11,30.3,Alta
2019,10,2019-10-01,Nordeste,BA,Salvador,157250,1260,31.18,1087.94,168333893.24,9,21.6,Baixa
2019,10,2019-10-01,Nordeste,BA,Feira de Santana,190981,29927,41.69,1174.51,33735941.02,11,20.5,Baixa
2019,10,2019-10-01,Nordeste,PE,Recife,339190,12355,80.7,1117.3,89559998.02,10,22.8,Média
2019,10,2019-10-01,Nordeste,PE,Jaboatão dos Guararapes,217880,34792,69.01,408.2,79410476.86,7,25.9,Baixa
2019,10,2019-10-01,Nordeste,CE,Fortaleza,17590,58180,70.11,974.81,107098439.28,8,26.1,Média
2019,10,2019-10-01,Nordeste,CE,Juazeiro do Norte,486152,52546,28.87,518.44,60171674.93,13,25.2,Baixa
2019,10,2019-10-01,Nordeste,MA,São Luís,436315,33536,76.08,358.37,115315955.78,10,29.1,Média
2019,10,2019-10-01,Nordeste,PB,João Pessoa,452266,67839,94.97,1122.4,116312325.62,8,30.2,Baixa
2019,10,2019-10-01,Centro-Oeste,DF,Brasília,497719,77279,33.26,932.62,76405385.89,17,29.2,Baixa
2019,10,2019-10-01,Centro-Oeste,GO,Goiânia,296134,22933,36.52,856.29,155530718.96,11,28.4,Alta
2019,10,2019-10-01,Centro-Oeste,GO,Aparecida de Goiânia,101751,54340,28.17,259.65,1456871.52,8,31.8,Média
2019,10,2019-10-01,Centro-Oeste,MT,Cuiabá,323359,20896,84.93,783.5,15226842.11,9,24.0,Baixa
2019,10,2019-10-01,Centro-Oeste,MS,Campo Grande,100708,30209,43.05,905.48,97199559.67,11,24.9,Alta
2019,10,2019-10-01,Sudeste,SP,São Paulo,493069,27441,87.76,176.58,8549536.7,8,25.1,Baixa
2019,10,2019-10-01,Sudeste,SP,Campinas,132189,56657,79.06,796.96,35839513.39,10,27.3,Baixa
2019,10,2019-10-01,Sudeste,SP,Ribeirão Preto,219839,7796,65.26,262.87,97907381.03,12,19.9,Média
2019,10,2019-10-01,Sudeste,RJ,Rio de Janeiro,362447,42901,86.57,154.88,168568243.47,7,28.6,Média
2019,10,2019-10-01,Sudeste,RJ,Niterói,103487,57671,93.5,993.41,60381106.62,3,18.1,Média
2019,10,2019-10-01,Sudeste,RJ,Nova Iguaçu,498905,57355,75.91,457.98,153357839.69,10,23.6,Média
2019,10,2019-10-01,Sudeste,RJ,Petrópolis,102873,55172,65.4,1160.9,80914643.36,10,26.4,Média
2019,10,2019-10-01,Sudeste,MG,Belo Horizonte,30131,72722,37.36,683.52,97233347.66,7,25.8,Alta
2019,10,2019-10-01,Sudeste,MG,Uberlândia,313286,30859,51.56,1095.71,13858296.54,12,21.5,Média
2019,10,2019-10-01,Sudeste,MG,Juiz de Fora,136091,69332,57.2,330.96,13512220.78,7,27.5,Média
2019,10,2019-10-01,Sudeste,ES,Vitória,76891,6498,42.56,1163.56,131260735.89,9,19.0,Alta
2019,10,2019-10-01,Sudeste,ES,Vila Velha,123594,42118,48.06,616.48,70241650.36,5,23.5,Média
2019,10,2019-10-01,Sudeste,ES,Serra,349485,4961,34.47,560.84,187086204.94,11,24.0,Alta
2019,10,2019-10-01,Sul,PR,Curitiba,288728,73685,29.62,717.42,114273959.2,9,23.9,Média
2019,10,2019-10-01,Sul,PR,Londrina,349014,34610,85.61,613.66,37418578.5,11,23.8,Baixa
2019,10,2019-10-01,Sul,SC,Florianópolis,451247,24179,25.94,261.71,129461258.19,8,24.1,Alta
2019,10,2019-10-01,Sul,SC,Joinville,326704,7965,69.4,638.65,108964253.49,12,32.0,Alta
2019,10,2019-10-01,Sul,RS,Porto Alegre,493536,25201,36.02,833.43,2923561.44,8,24.7,Baixa
2019,10,2019-10-01,Sul,RS,Caxias do Sul,422746,69017,61.19,277.97,162280853.09,14,24.7,Alta
2019,11,2019-11-01,Norte,AM,Manaus,76301,76185,89.95,1175.22,153229566.21,11,20.0,Baixa
2019,11,2019-11-01,Norte,PA,Belém,480217,60213,71.1,559.08,28718548.25,16,31.6,Alta
2019,11,2019-11-01,Norte,PA,Santarém,55965,41526,78.36,931.45,10493409.19,9,28.9,Alta
2019,11,2019-11-01,Norte,RO,Porto Velho,372895,68576,70.56,687.22,52644385.61,11,24.7,Alta
2019,11,2019-11-01,Norte,TO,Palmas,127761,51208,65.86,151.14,189603864.69,15,23.9,Média
2019,11,2019-11-01,Nordeste,BA,Salvador,488784,40813,76.05,243.41,160042793.21,12,29.2,Baixa
2019,11,2019-11-01,Nordeste,BA,Feira de Santana,178317,44197,45.58,412.69,65455973.92,10,25.4,Baixa
2019,11,2019-11-01,Nordeste,PE,Recife,252727,77177,32.87,977.77,112551004.1,12,25.3,Alta
2019,11,2019-11-01,Nordeste,PE,Jaboatão dos Guararapes,301074,30307,68.98,916.06,191674229.64,12,17.0,Média
2019,11,2019-11-01,Nordeste,CE,Fortaleza,446120,27245,71.11,514.24,20211729.14,13,29.0,Média
2019,11,2019-11-01,Nordeste,CE,Juazeiro do Norte,124975,8320,51.59,1098.52,196247644.19,10,27.7,Alta
2019,11,2019-11-01,Nordeste,MA,São Luís,122715,31782,56.65,470.46,184271744.14,16,26.6,Baixa
2019,11,2019-11-01,Nordeste,PB,João Pessoa,326124,79627,33.41,384.68,92512513.22,10,19.0,Baixa
2019,11,2019-11-01,Centro-Oeste,DF,Brasília,196666,47929,28.78,698.34,191441141.47,11,26.6,Alta
2019,11,2019-11-01,Centro-Oeste,GO,Goiânia,375247,52797,50.63,760.91,134730598.46,12,29.2,Alta
2019,11,2019-11-01,Centro-Oeste,GO,Aparecida de Goiânia,461231,18390,78.27,747.3,100310309.13,15,17.2,Baixa
2019,11,2019-11-01,Centro-Oeste,MT,Cuiabá,389328,61512,47.55,1099.32,102943218.32,9,25.4,Alta
2019,11,2019-11-01,Centro-Oeste,MS,Campo Grande,231541,53671,81.73,561.77,127952639.86,11,15.0,Baixa
2019,11,2019-11-01,Sudeste,SP,São Paulo,228128,24101,80.78,216.41,116160128.58,8,21.7,Alta
2019,11,2019-11-01,Sudeste,SP,Campinas,169312,41924,91.77,712.89,179356212.63,13,29.1,Média
2019,11,2019-11-01,Sudeste,SP,Ribeirão Preto,244566,75240,73.66,293.66,32873942.32,12,24.6,Média
2019,11,2019-11-01,Sudeste,RJ,Rio de Janeiro,54480,46166,55.26,599.49,44299648.0,11,20.3,Alta
2019,11,2019-11-01,Sudeste,RJ,Niterói,36722,28332,39.94,479.33,129321622.89,5,19.3,Baixa
2019,11,2019-11-01,Sudeste,RJ,Nova Iguaçu,153592,10928,86.95,835.5,21338660.36,8,30.4,Alta
2019,11,2019-11-01,Sudeste,RJ,Petrópolis,456760,18909,88.0,947.75,60134461.45,14,22.8,Alta
2019,11,2019-11-01,Sudeste,MG,Belo Horizonte,369272,55780,35.67,897.67,99587262.6,8,21.7,Média
2019,11,2019-11-01,Sudeste,MG,Uberlândia,405384,64567,39.73,165.35,41544057.39,9,26.1,Baixa
2019,11,2019-11-01,Sudeste,MG,Juiz de Fora,206318,65613,28.19,359.55,34296273.35,15,20.6,Alta
2019,11,2019-11-01,Sudeste,ES,Vitória,447354,35011,43.55,311.41,127269033.13,6,30.4,Alta
2019,11,2019-11-01,Sudeste,ES,Vila Velha,97613,27772,41.48,1132.62,41849527.42,6,22.2,Alta
2019,11,2019-11-01,Sudeste,ES,Serra,38520,36776,42.47,490.15,190679879.68,8,18.8,Baixa
2019,11,2019-11-01,Sul,PR,Curitiba,155887,62441,47.12,1119.92,2920515.69,12,20.6,Alta
2019,11,2019-11-01,Sul,PR,Londrina,274567,73916,83.19,389.93,156672292.57,10,19.7,Baixa
2019,11,2019-11-01,Sul,SC,Florianópolis,12222,1615,90.09,997.14,81622355.87,12,24.4,Baixa
2019,11,2019-11-01,Sul,SC,Joinville,162649,31958,59.32,239.01,152241961.82,10,24.9,Baixa
2019,11,2019-11-01,Sul,RS,Porto Alegre,114647,34569,27.55,674.1,173380610.04,7,30.5,Alta
2019,11,2019-11-01,Sul,RS,Caxias do Sul,493319,27018,87.29,942.64,58451449.29,7,25.9,Baixa
2019,12,2019-12-01,Norte,AM,Manaus,64828,44757,63.94,867.93,83780831.73,8,25.3,Baixa
2019,12,2019-12-01,Norte,PA,Belém,450605,25864,73.8,809.13,44540388.78,5,17.3,Alta
2019,12,2019-12-01,Norte,PA,Santarém,296018,12702,33.71,1014.14,147147409.54,3,28.8,Média
2019,12,2019-12-01,Norte,RO,Porto Velho,291375,3902,64.72,1003.43,136551481.1,6,31.8,Alta
2019,12,2019-12-01,Norte,TO,Palmas,189583,20067,34.69,215.87,107155079.0,5,30.6,Alta
2019,12,2019-12-01,Nordeste,BA,Salvador,471022,57052,37.17,1052.81,180707076.87,6,29.8,Alta
2019,12,2019-12-01,Nordeste,BA,Feira de Santana,30057,16328,60.71,447.52,191205479.25,13,22.0,Baixa
2019,12,2019-12-01,Nordeste,PE,Recife,137691,13219,49.81,343.22,152829519.8,5,22.1,Baixa
2019,12,2019-12-01,Nordeste,PE,Jaboatão dos Guararapes,93592,46441,90.62,209.89,82067972.96,15,24.3,Média
2019,12,2019-12-01,Nordeste,CE,Fortaleza,351376,47367,72.83,948.98,57173317.92,14,27.9,Baixa
2019,12,2019-12-01,Nordeste,CE,Juazeiro do Norte,111889,54445,40.33,1188.67,89678962.61,6,22.2,Alta
2019,12,2019-12-01,Nordeste,MA,São Luís,30404,71260,28.29,880.69,84162466.66,8,25.1,Média
2019,12,2019-12-01,Nordeste,PB,João Pessoa,117381,15628,25.48,199.81,80481391.48,9,27.2,Alta
2019,12,2019-12-01,Centro-Oeste,DF,Brasília,310404,52477,47.12,478.76,191251958.15,12,16.1,Alta
2019,12,2019-12-01,Centro-Oeste,GO,Goiânia,136226,76762,42.55,1045.43,145355699.02,11,21.7,Baixa
2019,12,2019-12-01,Centro-Oeste,GO,Aparecida de Goiânia,454727,6599,71.19,1181.96,145302921.98,10,22.8,Alta
2019,12,2019-12-01,Centro-Oeste,MT,Cuiabá,191508,2667,70.26,519.15,37023349.26,10,22.9,Alta
2019,12,2019-12-01,Centro-Oeste,MS,Campo Grande,333523,40471,68.23,922.81,83908764.71,15,23.0,Alta
2019,12,2019-12-01,Sudeste,SP,São Paulo,179812,54508,85.65,755.42,73267945.22,8,18.2,Baixa
2019,12,2019-12-01,Sudeste,SP,Campinas,303755,15737,75.2,566.74,129815409.51,7,27.6,Baixa
2019,12,2019-12-01,Sudeste,SP,Ribeirão Preto,437739,77928,44.65,1015.96,5186983.85,11,20.8,Média
2019,12,2019-12-01,Sudeste,RJ,Rio de Janeiro,371494,24014,49.34,408.76,88633603.08,8,19.4,Média
2019,12,2019-12-01,Sudeste,RJ,Niterói,62417,11143,28.92,312.2,181435863.93,11,30.0,Baixa
2019,12,2019-12-01,Sudeste,RJ,Nova Iguaçu,19796,39801,26.21,410.71,120925463.19,15,19.7,Alta
2019,12,2019-12-01,Sudeste,RJ,Petrópolis,361262,38989,67.5,166.89,38156284.97,10,27.6,Alta
2019,12,2019-12-01,Sudeste,MG,Belo Horizonte,458809,15829,62.8,878.02,141963502.31,7,24.0,Média
2019,12,2019-12-01,Sudeste,MG,Uberlândia,480808,63012,85.67,959.95,1683325.26,8,18.1,Média
2019,12,2019-12-01,Sudeste,MG,Juiz de Fora,164264,77932,36.77,194.91,158479041.4,9,29.3,Alta
2019,12,2019-12-01,Sudeste,ES,Vitória,482072,16854,27.47,718.95,122174644.27,10,29.1,Média
2019,12,2019-12-01,Sudeste,ES,Vila Velha,313277,49485,58.57,1108.83,103012544.2,13,25.9,Baixa
2019,12,2019-12-01,Sudeste,ES,Serra,150419,47724,79.39,1172.79,195626603.51,9,26.0,Baixa
2019,12,2019-12-01,Sul,PR,Curitiba,24502,55796,50.26,330.65,58556323.7,7,30.6,Baixa
2019,12,2019-12-01,Sul,PR,Londrina,313807,44481,94.79,738.93,174956026.89,16,24.4,Alta
2019,12,2019-12-01,Sul,SC,Florianópolis,87436,45559,54.36,332.43,28125254.29,8,28.1,Baixa
2019,12,2019-12-01,Sul,SC,Joinville,411492,63852,33.67,803.92,5748558.63,9,27.4,Alta
2019,12,2019-12-01,Sul,RS,Porto Alegre,28583,65661,67.42,284.18,181430299.06,11,25.8,Baixa
2019,12,2019-12-01,Sul,RS,Caxias do Sul,10053,9330,51.49,460.89,100214541.96,8,22.8,Alta
2020,1,2020-01-01,Norte,AM,Manaus,295965,56164,45.95,649.85,68852777.85,7,24.4,Baixa
2020,1,2020-01-01,Norte,PA,Belém,367866,13110,52.62,555.87,88048819.35,10,25.6,Baixa
2020,1,2020-01-01,Norte,PA,Santarém,443342,23155,31.07,516.3,180714674.11,12,30.1,Baixa
2020,1,2020-01-01,Norte,RO,Porto Velho,91432,18557,90.53,475.06,10210337.85,4,28.8,Alta
2020,1,2020-01-01,Norte,TO,Palmas,397934,12514,54.1,242.69,69783502.03,12,18.9,Baixa
2020,1,2020-01-01,Nordeste,BA,Salvador,181379,31359,30.33,1048.54,2088304.65,7,18.0,Média
2020,1,2020-01-01,Nordeste,BA,Feira de Santana,251328,27655,50.56,660.39,10172091.88,13,22.0,Baixa
2020,1,2020-01-01,Nordeste,PE,Recife,14215,67343,49.39,660.1,66371057.43,9,30.5,Média
2020,1,2020-01-01,Nordeste,PE,Jaboatão dos Guararapes,344105,13097,50.79,175.2,118909238.55,7,28.5,Baixa
2020,1,2020-01-01,Nordeste,CE,Fortaleza,412711,4196,53.14,300.69,138963027.92,8,31.7,Baixa
2020,1,2020-01-01,Nordeste,CE,Juazeiro do Norte,354506,3304,81.52,227.76,174279777.42,8,24.8,Alta
2020,1,2020-01-01,Nordeste,MA,São Luís,188599,47098,88.7,228.98,171808187.6,9,25.5,Baixa
2020,1,2020-01-01,Nordeste,PB,João Pessoa,180542,63141,39.28,750.26,155075720.8,15,25.0,Baixa
2020,1,2020-01-01,Centro-Oeste,DF,Brasília,20929,11299,87.51,1151.88,116007744.27,12,20.9,Baixa
2020,1,2020-01-01,Centro-Oeste,GO,Goiânia,292375,27785,94.46,415.49,195735216.91,7,19.9,Média
2020,1,2020-01-01,Centro-Oeste,GO,Aparecida de Goiânia,419677,70005,66.37,681.01,35548861.73,12,20.0,Média
2020,1,2020-01-01,Centro-Oeste,MT,Cuiabá,186575,44654,30.54,191.24,156446122.62,7,25.0,Média
2020,1,2020-01-01,Centro-Oeste,MS,Campo Grande,147213,35940,64.82,956.06,194579919.94,13,26.8,Baixa
2020,1,2020-01-01,Sudeste,SP,São Paulo,224988,66196,51.07,905.63,12902926.12,9,22.9,Alta
2020,1,2020-01-01,Sudeste,SP,Campinas,317884,23234,51.5,1161.31,115588504.95,11,25.5,Alta
2020,1,2020-01-01,Sudeste,SP,Ribeirão Preto,123097,71620,61.64,725.07,7391162.05,14,27.6,Baixa
2020,1,2020-01-01,Sudeste,RJ,Rio de Janeiro,483457,76571,68.23,411.76,177044184.28,19,23.2,Alta
2020,1,2020-01-01,Sudeste,RJ,Niterói,184652,69934,81.25,1186.32,168136809.45,9,25.7,Alta
2020,1,2020-01-01,Sudeste,RJ,Nova Iguaçu,432738,47354,68.74,315.64,158184222.97,4,22.3,Baixa
2020,1,2020-01-01,Sudeste,RJ,Petrópolis,352852,4594,92.87,1150.95,102180768.26,9,22.4,Alta
2020,1,2020-01-01,Sudeste,MG,Belo Horizonte,156294,57520,83.07,1165.63,24331428.19,7,17.1,Alta
2020,1,2020-01-01,Sudeste,MG,Uberlândia,262515,45475,89.5,1025.67,153545748.19,8,21.5,Alta
2020,1,2020-01-01,Sudeste,MG,Juiz de Fora,40647,18459,50.1,262.46,27111791.04,11,29.3,Baixa
2020,1,2020-01-01,Sudeste,ES,Vitória,268197,38852,26.13,828.82,78718569.72,9,24.8,Alta
2020,1,2020-01-01,Sudeste,ES,Vila Velha,76951,9845,42.28,552.85,5486518.53,13,33.0,Alta
2020,1,2020-01-01,Sudeste,ES,Serra,68300,76108,37.14,233.46,50039170.7,13,24.1,Alta
2020,1,2020-01-01,Sul,PR,Curitiba,419193,23408,34.16,910.28,176320720.1,15,19.1,Média
2020,1,2020-01-01,Sul,PR,Londrina,12588,29085,58.8,1130.43,85321244.6,12,24.5,Baixa
2020,1,2020-01-01,Sul,SC,Florianópolis,329833,1695,69.91,480.08,139320628.06,17,24.8,Média
2020,1,2020-01-01,Sul,SC,Joinville,282878,38062,42.79,1087.38,126882373.83,12,24.0,Alta
2020,1,2020-01-01,Sul,RS,Porto Alegre,452479,13160,38.18,218.09,11463957.67,13,25.4,Alta
2020,1,2020-01-01,Sul,RS,Caxias do Sul,478361,51876,30.92,697.73,92604515.09,7,23.5,Alta
2020,2,2020-02-01,Norte,AM,Manaus,144601,77012,81.27,1184.12,92414002.01,8,24.0,Baixa
2020,2,2020-02-01,Norte,PA,Belém,234107,52367,71.66,543.24,178430175.23,7,29.5,Alta
2020,2,2020-02-01,Norte,PA,Santarém,62273,28526,94.15,768.11,3464634.71,11,25.4,Baixa
2020,2,2020-02-01,Norte,RO,Porto Velho,31539,31348,49.68,954.83,28441860.65,10,25.0,Baixa
2020,2,2020-02-01,Norte,TO,Palmas,495935,3791,89.84,452.27,48892194.95,10,18.4,Baixa
2020,2,2020-02-01,Nordeste,BA,Salvador,344024,47651,71.15,1089.89,154262187.01,7,16.6,Média
2020,2,2020-02-01,Nordeste,BA,Feira de Santana,446498,61232,59.47,982.89,20895527.93,5,24.0,Alta
2020,2,2020-02-01,Nordeste,PE,Recife,355775,78163,81.96,159.74,51176949.95,4,27.4,Alta
2020,2,2020-02-01,Nordeste,PE,Jaboatão dos Guararapes,405516,5808,37.96,923.1,81062501.04,5,29.3,Baixa
2020,2,2020-02-01,Nordeste,CE,Fortaleza,464041,31063,85.32,624.68,107651469.61,8,24.3,Baixa
2020,2,2020-02-01,Nordeste,CE,Juazeiro do Norte,26182,47260,85.17,975.9,40322990.96,10,29.3,Baixa
2020,2,2020-02-01,Nordeste,MA,São Luís,31893,68676,35.73,298.75,4977163.46,14,23.5,Baixa
2020,2,2020-02-01,Nordeste,PB,João Pessoa,29085,4186,40.39,970.52,71955620.6,10,22.0,Baixa
2020,2,2020-02-01,Centro-Oeste,DF,Brasília,127097,64259,87.66,1018.16,99652793.56,8,19.5,Média
2020,2,2020-02-01,Centro-Oeste,GO,Goiânia,15488,33642,37.92,579.5,189361293.31,7,24.5,Baixa
2020,2,2020-02-01,Centro-Oeste,GO,Aparecida de Goiânia,148445,58878,34.43,965.88,151096772.19,10,26.6,Alta
2020,2,2020-02-01,Centro-Oeste,MT,Cuiabá,25204,65724,53.99,594.98,120329369.04,11,29.7,Alta
2020,2,2020-02-01,Centro-Oeste,MS,Campo Grande,230385,24166,27.5,848.66,141965253.8,7,29.8,Média
2020,2,2020-02-01,Sudeste,SP,São Paulo,289023,55127,86.54,213.3,97496652.75,8,22.2,Média
2020,2,2020-02-01,Sudeste,SP,Campinas,292711,38561,69.52,620.5,179916699.29,8,27.2,Média
2020,2,2020-02-01,Sudeste,SP,Ribeirão Preto,191184,39751,62.77,781.23,34692729.68,13,30.0,Média
2020,2,2020-02-01,Sudeste,RJ,Rio de Janeiro,157133,30644,35.8,593.76,52466896.16,8,28.6,Alta
2020,2,2020-02-01,Sudeste,RJ,Niterói,415828,15771,30.3,383.36,163847593.7,5,22.4,Alta
2020,2,2020-02-01,Sudeste,RJ,Nova Iguaçu,71547,65809,54.04,675.56,13078089.53,7,24.0,Baixa
2020,2,2020-02-01,Sudeste,RJ,Petrópolis,454213,48045,26.92,435.73,116017150.37,13,31.3,Média
2020,2,2020-02-01,Sudeste,MG,Belo Horizonte,48447,23223,47.98,533.29,110883237.86,6,33.2,Média
2020,2,2020-02-01,Sudeste,MG,Uberlândia,406090,18223,78.13,1059.2,94204277.17,15,28.2,Baixa
2020,2,2020-02-01,Sudeste,MG,Juiz de Fora,64275,6100,48.55,210.71,43033143.87,10,33.2,Média
2020,2,2020-02-01,Sudeste,ES,Vitória,76295,73474,75.83,1014.74,180857918.69,7,21.9,Média
2020,2,2020-02-01,Sudeste,ES,Vila Velha,281437,27593,42.79,799.38,82193017.47,13,23.5,Alta
2020,2,2020-02-01,Sudeste,ES,Serra,47808,54501,56.38,1145.99,119630197.21,11,28.6,Alta
2020,2,2020-02-01,Sul,PR,Curitiba,160897,79239,80.37,293.3,60518692.2,12,25.3,Alta
2020,2,2020-02-01,Sul,PR,Londrina,245641,68233,38.59,1199.12,113051707.33,18,23.4,Baixa
2020,2,2020-02-01,Sul,SC,Florianópolis,185798,13879,55.95,567.26,153385508.68,13,27.7,Baixa
2020,2,2020-02-01,Sul,SC,Joinville,283314,67663,45.42,612.37,117242396.14,13,24.2,Média
2020,2,2020-02-01,Sul,RS,Porto Alegre,430254,10708,29.36,1066.78,150955247.26,10,22.0,Alta
2020,2,2020-02-01,Sul,RS,Caxias do Sul,396203,23351,38.91,344.64,184873919.07,9,34.2,Baixa
2020,3,2020-03-01,Norte,AM,Manaus,379017,67233,55.39,685.89,98875704.67,5,24.6,Média
2020,3,2020-03-01,Norte,PA,Belém,320095,22832,85.14,986.7,170144341.71,10,21.8,Alta
2020,3,2020-03-01,Norte,PA,Santarém,449230,52523,48.95,996.98,90868641.42,8,25.6,Média
2020,3,2020-03-01,Norte,RO,Porto Velho,375956,72771,40.58,957.96,148074823.44,11,26.0,Baixa
2020,3,2020-03-01,Norte,TO,Palmas,168803,51817,84.5,915.16,161295966.64,8,25.9,Média
2020,3,2020-03-01,Nordeste,BA,Salvador,353395,77479,30.67,378.06,184888010.65,11,24.5,Média
2020,3,2020-03-01,Nordeste,BA,Feira de Santana,111736,10635,46.75,836.43,10414490.23,11,22.1,Alta
2020,3,2020-03-01,Nordeste,PE,Recife,443128,57011,58.5,447.05,123676060.01,14,24.3,Baixa
2020,3,2020-03-01,Nordeste,PE,Jaboatão dos Guararapes,104693,17404,56.4,722.13,50835937.86,13,30.3,Baixa
2020,3,2020-03-01,Nordeste,CE,Fortaleza,373889,2755,66.39,252.96,72422522.14,11,25.4,Média
2020,3,2020-03-01,Nordeste,CE,Juazeiro do Norte,273946,68059,91.96,737.14,108223300.31,6,32.9,Baixa
2020,3,2020-03-01,Nordeste,MA,São Luís,160468,14943,74.5,506.96,49867989.5,6,21.2,Alta
2020,3,2020-03-01,Nordeste,PB,João Pessoa,287580,39768,59.55,577.81,177959198.44,11,34.1,Média
2020,3,2020-03-01,Centro-Oeste,DF,Brasília,305262,50497,78.87,754.35,104498712.04,13,23.5,Alta
2020,3,2020-03-01,Centro-Oeste,GO,Goiânia,139512,58303,49.23,598.59,16797907.08,10,27.0,Baixa
2020,3,2020-03-01,Centro-Oeste,GO,Aparecida de Goiânia,132011,38183,53.05,316.41,78353631.27,9,21.3,Média
2020,3,2020-03-01,Centro-Oeste,MT,Cuiabá,33848,29211,49.66,777.48,44469969.79,7,23.7,Média
2020,3,2020-03-01,Centro-Oeste,MS,Campo Grande,146438,17353,80.87,666.86,58637680.36,10,17.9,Média
2020,3,2020-03-01,Sudeste,SP,São Paulo,78662,32759,52.5,871.96,117142817.97,13,24.7,Baixa
2020,3,2020-03-01,Sudeste,SP,Campinas,80890,50230,75.79,930.58,11092427.93,15,24.0,Média
2020,3,2020-03-01,Sudeste,SP,Ribeirão Preto,275073,7207,70.78,409.6,64135708.0,9,22.4,Baixa
2020,3,2020-03-01,Sudeste,RJ,Rio de Janeiro,166281,6745,93.53,365.27,163437799.39,19,19.2,Baixa
2020,3,2020-03-01,Sudeste,RJ,Niterói,241165,32115,58.71,567.37,162070952.97,11,24.6,Alta
2020,3,2020-03-01,Sudeste,RJ,Nova Iguaçu,171141,2407,31.08,230.18,109971084.03,7,20.3,Baixa
2020,3,2020-03-01,Sudeste,RJ,Petrópolis,364258,42126,56.62,548.13,61257312.37,7,17.3,Baixa
2020,3,2020-03-01,Sudeste,MG,Belo Horizonte,486500,68118,68.75,924.19,96569398.7,11,31.2,Alta
2020,3,2020-03-01,Sudeste,MG,Uberlândia,29601,50574,73.22,257.53,103356062.07,7,19.1,Baixa
2020,3,2020-03-01,Sudeste,MG,Juiz de Fora,231707,20210,87.63,1136.35,187827458.15,12,25.9,Baixa
2020,3,2020-03-01,Sudeste,ES,Vitória,196677,68274,70.36,344.99,177627063.52,7,18.6,Alta
2020,3,2020-03-01,Sudeste,ES,Vila Velha,470167,44347,54.88,1150.87,31908945.23,8,26.5,Média
2020,3,2020-03-01,Sudeste,ES,Serra,295805,34666,92.46,697.25,130520273.95,6,21.8,Média
2020,3,2020-03-01,Sul,PR,Curitiba,406813,27880,90.23,446.3,17599504.39,8,20.9,Alta
2020,3,2020-03-01,Sul,PR,Londrina,321218,43387,31.44,449.59,125496191.79,11,28.7,Média
2020,3,2020-03-01,Sul,SC,Florianópolis,106568,44701,81.85,954.62,78375959.13,8,25.9,Média
2020,3,2020-03-01,Sul,SC,Joinville,199660,2873,49.43,829.62,80982989.12,9,21.4,Baixa
2020,3,2020-03-01,Sul,RS,Porto Alegre,274413,6559,42.47,616.63,1957258.15,9,22.3,Média
2020,3,2020-03-01,Sul,RS,Caxias do Sul,477210,48497,51.07,368.39,102076231.63,7,18.8,Baixa
2020,4,2020-04-01,Norte,AM,Manaus,142372,17339,61.01,894.55,54836829.47,8,26.7,Média
2020,4,2020-04-01,Norte,PA,Belém,39139,4148,29.56,773.44,65382747.97,6,35.6,Baixa
2020,4,2020-04-01,Norte,PA,Santarém,95398,13606,87.19,187.13,135945092.77,12,27.3,Baixa
2020,4,2020-04-01,Norte,RO,Porto Velho,108134,59402,27.1,726.26,110451919.73,10,30.8,Média
2020,4,2020-04-01,Norte,TO,Palmas,410821,70155,27.73,243.05,167556967.87,14,21.6,Média
2020,4,2020-04-01,Nordeste,BA,Salvador,238320,73203,79.05,270.64,4386565.6,8,26.6,Alta
2020,4,2020-04-01,Nordeste,BA,Feira de Santana,79259,37573,56.19,612.97,38418442.83,9,27.4,Baixa
2020,4,2020-04-01,Nordeste,PE,Recife,482889,52666,32.43,973.12,168781433.46,9,26.9,Média
2020,4,2020-04-01,Nordeste,PE,Jaboatão dos Guararapes,276337,37686,26.49,824.93,84944658.69,8,23.0,Alta
2020,4,2020-04-01,Nordeste,CE,Fortaleza,175313,53162,87.26,168.15,186500200.82,7,31.7,Alta
2020,4,2020-04-01,Nordeste,CE,Juazeiro do Norte,185782,51412,85.68,983.76,28987516.38,10,28.6,Alta
2020,4,2020-04-01,Nordeste,MA,São Luís,289862,7471,67.87,214.46,121557236.12,8,25.3,Média
2020,4,2020-04-01,Nordeste,PB,João Pessoa,371851,63676,53.75,425.62,164085337.8,7,25.6,Baixa
2020,4,2020-04-01,Centro-Oeste,DF,Brasília,373261,74814,64.48,581.78,52315692.03,7,32.7,Média
2020,4,2020-04-01,Centro-Oeste,GO,Goiânia,43600,47019,72.4,286.54,141536946.02,11,27.4,Alta
2020,4,2020-04-01,Centro-Oeste,GO,Aparecida de Goiânia,303947,66129,88.08,376.8,53977098.21,12,24.8,Média
2020,4,2020-04-01,Centro-Oeste,MT,Cuiabá,245142,35135,28.1,917.07,79407409.97,12,22.8,Alta
2020,4,2020-04-01,Centro-Oeste,MS,Campo Grande,136848,67953,38.48,769.04,17684506.51,11,28.9,Baixa
2020,4,2020-04-01,Sudeste,SP,São Paulo,170958,12198,61.44,1040.4,178544895.89,4,23.7,Média
2020,4,2020-04-01,Sudeste,SP,Campinas,257831,23029,76.92,762.47,66206862.93,8,20.6,Baixa
2020,4,2020-04-01,Sudeste,SP,Ribeirão Preto,274292,60871,26.76,387.47,8028149.93,8,28.3,Baixa
2020,4,2020-04-01,Sudeste,RJ,Rio de Janeiro,109396,22526,43.82,840.44,185629849.58,14,23.4,Média
2020,4,2020-04-01,Sudeste,RJ,Niterói,25367,23315,91.13,1082.4,131350909.46,15,32.9,Média
2020,4,2020-04-01,Sudeste,RJ,Nova Iguaçu,13826,35512,57.34,1102.51,139306596.42,14,22.3,Média
2020,4,2020-04-01,Sudeste,RJ,Petrópolis,345811,11902,88.73,985.16,66810819.31,10,24.8,Baixa
2020,4,2020-04-01,Sudeste,MG,Belo Horizonte,109016,66349,93.22,772.5,192606184.08,7,24.6,Média
2020,4,2020-04-01,Sudeste,MG,Uberlândia,116179,37440,78.46,1050.15,16821125.17,8,27.0,Alta
2020,4,2020-04-01,Sudeste,MG,Juiz de Fora,233523,76959,55.66,984.1,6406330.75,8,24.5,Alta
2020,4,2020-04-01,Sudeste,ES,Vitória,406133,62754,49.13,825.29,119098178.93,7,25.6,Média
2020,4,2020-04-01,Sudeste,ES,Vila Velha,112164,22632,33.47,912.38,171410930.56,5,25.0,Média
2020,4,2020-04-01,Sudeste,ES,Serra,98248,25056,44.85,252.97,48463290.32,10,20.3,Média
2020,4,2020-04-01,Sul,PR,Curitiba,163584,39782,84.86,245.22,57821123.4,7,23.3,Baixa
2020,4,2020-04-01,Sul,PR,Londrina,56888,78997,91.58,973.32,136585311.24,7,36.1,Baixa
2020,4,2020-04-01,Sul,SC,Florianópolis,485751,23141,56.19,997.44,8315700.1,4,24.5,Média
2020,4,2020-04-01,Sul,SC,Joinville,89245,74335,73.43,970.89,159006848.9,8,31.3,Média
2020,4,2020-04-01,Sul,RS,Porto Alegre,373421,64080,63.51,382.0,68315499.36,10,19.2,Baixa
2020,4,2020-04-01,Sul,RS,Caxias do Sul,52873,3599,75.34,679.07,59785579.67,11,25.9,Baixa
2020,5,2020-05-01,Norte,AM,Manaus,83666,47442,31.08,183.53,51778525.15,4,21.9,Média
2020,5,2020-05-01,Norte,PA,Belém,193851,79700,40.57,915.68,57647584.31,8,24.7,Alta
2020,5,2020-05-01,Norte,PA,Santarém,10186,63858,41.22,566.67,126617716.3,11,23.3,Média
2020,5,2020-05-01,Norte,RO,Porto Velho,63900,76521,37.82,178.35,85561283.17,14,22.1,Alta
2020,5,2020-05-01,Norte,TO,Palmas,95680,52325,70.34,438.45,159564068.68,13,22.7,Média
2020,5,2020-05-01,Nordeste,BA,Salvador,43901,5034,51.1,400.27,117272275.69,15,20.8,Baixa
2020,5,2020-05-01,Nordeste,BA,Feira de Santana,277685,39769,54.19,279.35,120815291.74,14,26.7,Baixa
2020,5,2020-05-01,Nordeste,PE,Recife,378463,44293,89.0,516.24,91457443.46,11,26.6,Média
2020,5,2020-05-01,Nordeste,PE,Jaboatão dos Guararapes,19174,62389,88.72,563.37,56354140.95,16,22.2,Alta
2020,5,2020-05-01,Nordeste,CE,Fortaleza,124475,76631,50.68,486.87,27933533.98,10,27.4,Alta
2020,5,2020-05-01,Nordeste,CE,Juazeiro do Norte,70003,10753,75.74,600.56,89568452.38,16,26.4,Alta
2020,5,2020-05-01,Nordeste,MA,São Luís,25053,21150,29.94,743.04,93041948.46,5,28.0,Baixa
2020,5,2020-05-01,Nordeste,PB,João Pessoa,437335,54406,85.6,438.16,192840756.35,17,22.9,Média
2020,5,2020-05-01,Centro-Oeste,DF,Brasília,202294,3395,91.87,901.76,154026731.06,9,19.5,Alta
2020,5,2020-05-01,Centro-Oeste,GO,Goiânia,248325,14523,53.5,673.95,197073034.27,14,20.0,Média
2020,5,2020-05-01,Centro-Oeste,GO,Aparecida de Goiânia,114413,5686,93.16,1048.16,7457933.95,10,33.4,Média
2020,5,2020-05-01,Centro-Oeste,MT,Cuiabá,491471,29048,46.21,1044.68,55228317.41,10,21.6,Média
2020,5,2020-05-01,Centro-Oeste,MS,Campo Grande,265713,48947,72.16,590.9,6792409.92,10,31.8,Alta
2020,5,2020-05-01,Sudeste,SP,São Paulo,416221,35223,59.6,639.57,33887823.48,10,17.5,Média
2020,5,2020-05-01,Sudeste,SP,Campinas,124279,44404,84.47,785.32,181821907.74,14,26.5,Média
2020,5,2020-05-01,Sudeste,SP,Ribeirão Preto,406855,36033,61.43,175.94,53271111.12,16,25.0,Baixa
2020,5,2020-05-01,Sudeste,RJ,Rio de Janeiro,467247,77967,30.64,839.82,96922666.02,8,23.3,Alta
2020,5,2020-05-01,Sudeste,RJ,Niterói,411952,26422,85.19,647.26,131570592.19,12,26.0,Baixa
2020,5,2020-05-01,Sudeste,RJ,Nova Iguaçu,336868,30879,34.59,826.25,34397081.11,7,27.5,Média
2020,5,2020-05-01,Sudeste,RJ,Petrópolis,498581,17711,34.82,301.52,151699099.27,7,22.0,Alta
2020,5,2020-05-01,Sudeste,MG,Belo Horizonte,185245,39906,92.61,191.93,45261868.66,8,24.1,Média
2020,5,2020-05-01,Sudeste,MG,Uberlândia,162391,49659,29.0,1055.83,85296538.33,4,21.2,Alta
2020,5,2020-05-01,Sudeste,MG,Juiz de Fora,444328,30619,75.65,462.98,105467567.72,16,22.7,Alta
2020,5,2020-05-01,Sudeste,ES,Vitória,499539,51409,69.05,473.11,114391902.63,6,17.2,Baixa
2020,5,2020-05-01,Sudeste,ES,Vila Velha,74614,76068,73.25,863.84,17145348.77,12,25.4,Média
2020,5,2020-05-01,Sudeste,ES,Serra,110517,47213,71.1,1114.01,122935849.45,16,27.5,Média
2020,5,2020-05-01,Sul,PR,Curitiba,419555,61552,64.46,1076.8,170715395.95,9,30.6,Baixa
2020,5,2020-05-01,Sul,PR,Londrina,63800,76067,32.9,761.99,170008546.34,15,26.7,Baixa
2020,5,2020-05-01,Sul,SC,Florianópolis,399268,23645,78.04,168.57,172923411.89,7,29.6,Alta
2020,5,2020-05-01,Sul,SC,Joinville,313430,48909,68.84,396.59,181391163.36,7,27.2,Alta
2020,5,2020-05-01,Sul,RS,Porto Alegre,230609,68562,39.1,491.23,83999154.31,13,20.2,Alta
2020,5,2020-05-01,Sul,RS,Caxias do Sul,353131,67089,42.22,449.73,96063428.08,12,21.1,Alta
2020,6,2020-06-01,Norte,AM,Manaus,131382,27130,94.67,179.82,154177193.86,14,24.4,Baixa
2020,6,2020-06-01,Norte,PA,Belém,435951,66224,28.15,293.4,78476063.73,15,27.3,Alta
2020,6,2020-06-01,Norte,PA,Santarém,95729,2137,32.96,1051.54,186993430.29,8,19.4,Média
2020,6,2020-06-01,Norte,RO,Porto Velho,487332,51417,37.18,557.23,26153733.51,13,25.8,Alta
2020,6,2020-06-01,Norte,TO,Palmas,298645,4003,56.85,641.73,169616733.01,10,28.3,Média
2020,6,2020-06-01,Nordeste,BA,Salvador,378970,20631,84.05,1036.69,99706285.44,14,22.7,Baixa
2020,6,2020-06-01,Nordeste,BA,Feira de Santana,154081,52303,58.37,817.87,144057315.85,9,25.9,Média
2020,6,2020-06-01,Nordeste,PE,Recife,124344,55535,68.25,918.55,159193617.7,7,27.8,Alta
2020,6,2020-06-01,Nordeste,PE,Jaboatão dos Guararapes,264190,42613,81.11,163.73,39665712.01,10,22.5,Baixa
2020,6,2020-06-01,Nordeste,CE,Fortaleza,16842,49149,68.76,741.77,188803496.03,12,23.7,Baixa
2020,6,2020-06-01,Nordeste,CE,Juazeiro do Norte,191289,59335,47.81,1188.91,156147767.9,11,27.1,Baixa
2020,6,2020-06-01,Nordeste,MA,São Luís,115435,25246,89.05,1092.08,82995786.52,14,26.1,Média
2020,6,2020-06-01,Nordeste,PB,João Pessoa,100661,65524,36.72,394.37,73884812.32,9,25.1,Baixa
2020,6,2020-06-01,Centro-Oeste,DF,Brasília,186045,72679,35.45,954.46,177743610.93,9,27.2,Baixa
2020,6,2020-06-01,Centro-Oeste,GO,Goiânia,213856,62199,47.0,702.62,78834898.05,8,21.3,Baixa
2020,6,2020-06-01,Centro-Oeste,GO,Aparecida de Goiânia,82353,44204,36.24,609.45,178826101.8,9,25.7,Alta
2020,6,2020-06-01,Centro-Oeste,MT,Cuiabá,344316,22588,37.61,863.37,91585957.97,14,28.5,Baixa
2020,6,2020-06-01,Centro-Oeste,MS,Campo Grande,198041,74834,75.47,794.75,42354492.78,12,24.5,Baixa
2020,6,2020-06-01,Sudeste,SP,São Paulo,406427,61158,74.7,686.86,77968730.13,10,29.7,Alta
2020,6,2020-06-01,Sudeste,SP,Campinas,81910,45021,70.16,357.33,88328106.48,6,35.2,Baixa
2020,6,2020-06-01,Sudeste,SP,Ribeirão Preto,421278,68639,30.43,500.33,12972706.15,8,27.7,Alta
2020,6,2020-06-01,Sudeste,RJ,Rio de Janeiro,46139,50710,90.02,426.54,74724760.53,9,22.5,Baixa
2020,6,2020-06-01,Sudeste,RJ,Niterói,163090,77859,69.04,731.08,132213635.33,9,28.1,Baixa
2020,6,2020-06-01,Sudeste,RJ,Nova Iguaçu,110986,37854,84.85,1015.42,128177929.07,9,21.8,Alta
2020,6,2020-06-01,Sudeste,RJ,Petrópolis,435099,79249,42.58,935.13,163736286.09,10,30.6,Baixa
2020,6,2020-06-01,Sudeste,MG,Belo Horizonte,19006,45052,78.53,1157.83,106070479.13,8,28.7,Alta
2020,6,2020-06-01,Sudeste,MG,Uberlândia,75910,8905,74.95,890.85,23194518.6,12,27.5,Baixa
2020,6,2020-06-01,Sudeste,MG,Juiz de Fora,369436,77898,46.47,700.82,23796504.65,13,18.8,Alta
2020,6,2020-06-01,Sudeste,ES,Vitória,197594,29352,89.62,694.38,49338809.08,12,26.5,Média
2020,6,2020-06-01,Sudeste,ES,Vila Velha,247378,69889,78.9,266.25,93151889.78,13,30.5,Média
2020,6,2020-06-01,Sudeste,ES,Serra,117108,73536,44.08,821.99,11511696.68,9,25.2,Baixa
2020,6,2020-06-01,Sul,PR,Curitiba,379956,21562,43.71,463.41,6961394.17,15,26.3,Média
2020,6,2020-06-01,Sul,PR,Londrina,354302,33284,87.26,962.13,133430618.54,5,26.8,Baixa
2020,6,2020-06-01,Sul,SC,Florianópolis,208113,53012,91.24,722.77,65442872.4,10,22.8,Média
2020,6,2020-06-01,Sul,SC,Joinville,433495,77564,31.49,1087.86,74820714.45,14,32.3,Alta
2020,6,2020-06-01,Sul,RS,Porto Alegre,459316,55516,28.95,890.72,151806982.06,7,21.6,Baixa
2020,6,2020-06-01,Sul,RS,Caxias do Sul,334175,39272,65.77,1090.7,184533788.69,10,25.6,Alta
2020,7,2020-07-01,Norte,AM,Manaus,86077,50581,76.37,805.56,149854246.25,11,27.4,Média
2020,7,2020-07-01,Norte,PA,Belém,370651,34866,51.16,480.21,36758303.95,10,23.2,Alta
2020,7,2020-07-01,Norte,PA,Santarém,445794,9070,72.35,757.58,169772465.05,10,25.3,Baixa
2020,7,2020-07-01,Norte,RO,Porto Velho,139762,24955,30.56,800.57,82466213.61,13,26.7,Baixa
2020,7,2020-07-01,Norte,TO,Palmas,206830,69578,80.43,694.84,157647181.99,4,25.1,Média
2020,7,2020-07-01,Nordeste,BA,Salvador,274557,32052,42.35,519.24,35679406.12,13,20.9,Baixa
2020,7,2020-07-01,Nordeste,BA,Feira de Santana,32339,45984,35.49,742.61,94022019.81,7,25.8,Alta
2020,7,2020-07-01,Nordeste,PE,Recife,405168,26527,79.84,830.04,51038735.52,7,32.2,Baixa
2020,7,2020-07-01,Nordeste,PE,Jaboatão dos Guararapes,211898,6346,52.93,333.18,13417357.62,11,25.8,Baixa
2020,7,2020-07-01,Nordeste,CE,Fortaleza,221276,22684,35.19,336.9,174177342.94,12,25.4,Baixa
2020,7,2020-07-01,Nordeste,CE,Juazeiro do Norte,215866,61177,80.83,1060.7,32087078.29,9,22.0,Média
2020,7,2020-07-01,Nordeste,MA,São Luís,321296,32901,49.22,1139.77,99573332.63,5,25.2,Baixa
2020,7,2020-07-01,Nordeste,PB,João Pessoa,443105,5384,94.91,1032.66,157048590.73,7,27.1,Média
2020,7,2020-07-01,Centro-Oeste,DF,Brasília,52882,25138,50.39,721.28,31445283.93,11,28.8,Baixa
2020,7,2020-07-01,Centro-Oeste,GO,Goiânia,84582,9131,76.99,153.74,160943230.56,14,26.6,Alta
2020,7,2020-07-01,Centro-Oeste,GO,Aparecida de Goiânia,298890,76119,62.02,748.46,45083871.14,5,23.4,Alta
2020,7,2020-07-01,Centro-Oeste,MT,Cuiabá,400605,32755,72.68,406.39,71477513.86,16,29.2,Alta
2020,7,2020-07-01,Centro-Oeste,MS,Campo Grande,56361,33152,82.14,678.4,127789522.56,10,12.1,Média
2020,7,2020-07-01,Sudeste,SP,São Paulo,364970,49540,38.82,1023.27,24833186.55,6,30.2,Média
2020,7,2020-07-01,Sudeste,SP,Campinas,143531,5909,79.28,970.63,142859094.47,14,27.1,Média
2020,7,2020-07-01,Sudeste,SP,Ribeirão Preto,190179,58209,82.53,224.08,90098608.2,8,26.2,Baixa
2020,7,2020-07-01,Sudeste,RJ,Rio de Janeiro,356804,32275,60.88,824.4,192679784.89,15,26.9,Baixa
2020,7,2020-07-01,Sudeste,RJ,Niterói,396111,31585,89.65,1073.7,191816686.96,16,15.8,Alta
2020,7,2020-07-01,Sudeste,RJ,Nova Iguaçu,109840,44645,41.47,955.7,102585283.21,14,22.6,Média
2020,7,2020-07-01,Sudeste,RJ,Petrópolis,479932,61040,81.37,980.05,104568918.34,12,20.2,Média
2020,7,2020-07-01,Sudeste,MG,Belo Horizonte,166948,39082,39.67,399.03,22710111.38,10,22.2,Alta
2020,7,2020-07-01,Sudeste,MG,Uberlândia,62257,44906,55.26,1086.78,125126337.03,10,23.2,Baixa
2020,7,2020-07-01,Sudeste,MG,Juiz de Fora,313533,9931,64.44,715.72,118145645.24,4,25.0,Alta
2020,7,2020-07-01,Sudeste,ES,Vitória,42648,52871,34.9,545.15,104409501.38,12,25.9,Alta
2020,7,2020-07-01,Sudeste,ES,Vila Velha,205879,78140,58.83,345.84,49710736.04,8,15.2,Alta
2020,7,2020-07-01,Sudeste,ES,Serra,248864,46746,40.35,521.16,89025789.66,11,19.1,Baixa
2020,7,2020-07-01,Sul,PR,Curitiba,474812,17309,82.68,688.25,196007747.85,6,18.1,Baixa
2020,7,2020-07-01,Sul,PR,Londrina,78613,42798,35.7,636.46,143007477.96,11,26.1,Alta
2020,7,2020-07-01,Sul,SC,Florianópolis,311814,39738,90.44,354.24,4062917.7,12,31.8,Alta
2020,7,2020-07-01,Sul,SC,Joinville,314837,55685,74.08,167.14,57864614.02,8,32.0,Alta
2020,7,2020-07-01,Sul,RS,Porto Alegre,72924,29731,77.89,944.93,48537852.37,8,23.5,Alta
2020,7,2020-07-01,Sul,RS,Caxias do Sul,95172,2485,29.54,926.27,129112691.93,14,31.1,Média
2020,8,2020-08-01,Norte,AM,Manaus,22743,46708,33.3,791.91,150461762.28,7,20.5,Média
2020,8,2020-08-01,Norte,PA,Belém,422009,17918,34.99,767.61,19752704.44,7,28.4,Baixa
2020,8,2020-08-01,Norte,PA,Santarém,86880,28538,81.69,637.82,24001157.56,9,24.5,Baixa
2020,8,2020-08-01,Norte,RO,Porto Velho,367165,35554,45.74,504.41,75492637.21,13,24.0,Alta
2020,8,2020-08-01,Norte,TO,Palmas,92596,12970,61.01,478.72,124817647.43,7,27.3,Baixa
2020,8,2020-08-01,Nordeste,BA,Salvador,34338,70155,67.32,1060.12,11448747.42,9,25.6,Baixa
2020,8,2020-08-01,Nordeste,BA,Feira de Santana,351344,5765,61.92,598.23,46668060.08,10,29.5,Alta
2020,8,2020-08-01,Nordeste,PE,Recife,32933,3659,86.68,938.17,195431060.85,17,19.4,Alta
2020,8,2020-08-01,Nordeste,PE,Jaboatão dos Guararapes,471089,15875,35.97,446.68,145309079.54,13,26.6,Média
2020,8,2020-08-01,Nordeste,CE,Fortaleza,137612,65226,48.73,384.93,85706567.61,8,22.9,Média
2020,8,2020-08-01,Nordeste,CE,Juazeiro do Norte,175460,65859,63.25,360.89,127976362.82,11,17.8,Alta
2020,8,2020-08-01,Nordeste,MA,São Luís,202299,78656,27.23,858.96,158580245.06,9,24.1,Baixa
2020,8,2020-08-01,Nordeste,PB,João Pessoa,139769,72551,71.48,1079.07,180896552.22,8,19.6,Média
2020,8,2020-08-01,Centro-Oeste,DF,Brasília,438480,47885,71.88,722.61,191724994.46,11,27.1,Alta
2020,8,2020-08-01,Centro-Oeste,GO,Goiânia,48953,70172,89.28,623.87,133885141.86,9,18.7,Alta
2020,8,2020-08-01,Centro-Oeste,GO,Aparecida de Goiânia,249356,26315,88.71,1093.11,124847814.08,10,29.0,Baixa
2020,8,2020-08-01,Centro-Oeste,MT,Cuiabá,329874,43786,60.33,252.85,138194298.31,12,18.7,Baixa
2020,8,2020-08-01,Centro-Oeste,MS,Campo Grande,258544,53365,88.89,970.18,111942449.28,12,23.3,Baixa
2020,8,2020-08-01,Sudeste,SP,São Paulo,362773,61267,37.71,286.86,31946454.48,10,17.6,Baixa
2020,8,2020-08-01,Sudeste,SP,Campinas,96680,1477,28.9,836.09,151993506.72,4,25.2,Baixa
2020,8,2020-08-01,Sudeste,SP,Ribeirão Preto,461085,24855,90.78,814.09,165396116.16,6,26.0,Baixa
2020,8,2020-08-01,Sudeste,RJ,Rio de Janeiro,349752,19595,36.36,975.1,30061519.94,6,21.9,Baixa
2020,8,2020-08-01,Sudeste,RJ,Niterói,326264,2944,51.73,186.8,191865368.63,2,26.2,Alta
2020,8,2020-08-01,Sudeste,RJ,Nova Iguaçu,126414,74242,80.22,796.84,186889899.85,12,25.6,Baixa
2020,8,2020-08-01,Sudeste,RJ,Petrópolis,106882,35640,68.18,857.27,47577627.39,10,24.8,Média
2020,8,2020-08-01,Sudeste,MG,Belo Horizonte,302927,15576,50.32,488.23,73401078.23,13,27.6,Alta
2020,8,2020-08-01,Sudeste,MG,Uberlândia,239219,37442,50.64,681.44,13176883.48,17,19.7,Média
2020,8,2020-08-01,Sudeste,MG,Juiz de Fora,373717,40829,83.07,472.26,139496884.82,9,22.4,Média
2020,8,2020-08-01,Sudeste,ES,Vitória,130513,14464,38.4,1121.41,85089393.43,13,23.7,Média
2020,8,2020-08-01,Sudeste,ES,Vila Velha,134615,10195,32.43,176.5,197417254.44,11,28.1,Baixa
2020,8,2020-08-01,Sudeste,ES,Serra,427265,44661,79.57,394.13,49651895.38,10,24.0,Alta
2020,8,2020-08-01,Sul,PR,Curitiba,88552,10681,50.84,1054.74,63851198.81,7,25.7,Média
2020,8,2020-08-01,Sul,PR,Londrina,90781,22487,44.51,838.26,23715321.3,4,25.6,Média
2020,8,2020-08-01,Sul,SC,Florianópolis,116290,18441,57.06,1087.34,172848918.33,9,29.3,Baixa
2020,8,2020-08-01,Sul,SC,Joinville,441226,52287,48.4,319.26,42095489.8,11,23.7,Alta
2020,8,2020-08-01,Sul,RS,Porto Alegre,128496,11499,89.11,400.64,18862362.59,10,9.2,Média
2020,8,2020-08-01,Sul,RS,Caxias do Sul,73319,27529,86.2,695.83,134033246.98,15,20.1,Baixa
2020,9,2020-09-01,Norte,AM,Manaus,496284,55385,25.15,710.77,176890561.19,15,27.6,Baixa
2020,9,2020-09-01,Norte,PA,Belém,431772,36372,28.0,457.33,133437339.82,14,25.9,Média
2020,9,2020-09-01,Norte,PA,Santarém,22694,51347,79.82,637.82,135973631.28,10,22.3,Alta
2020,9,2020-09-01,Norte,RO,Porto Velho,393234,59450,50.61,519.39,104566095.31,7,17.7,Baixa
2020,9,2020-09-01,Norte,TO,Palmas,496472,35549,57.56,261.01,197971943.71,8,23.1,Alta
2020,9,2020-09-01,Nordeste,BA,Salvador,341254,10141,91.51,1032.27,141283655.72,7,35.1,Alta
2020,9,2020-09-01,Nordeste,BA,Feira de Santana,285077,2928,77.52,1116.83,40169071.85,13,25.5,Média
2020,9,2020-09-01,Nordeste,PE,Recife,461538,79197,78.38,1095.42,51196118.01,9,26.2,Média
2020,9,2020-09-01,Nordeste,PE,Jaboatão dos Guararapes,494468,59537,76.18,690.99,111913804.16,6,18.4,Baixa
2020,9,2020-09-01,Nordeste,CE,Fortaleza,334775,51905,65.5,764.44,138231847.88,4,18.9,Baixa
2020,9,2020-09-01,Nordeste,CE,Juazeiro do Norte,109020,28173,89.97,1183.82,69773258.68,11,30.4,Baixa
2020,9,2020-09-01,Nordeste,MA,São Luís,429084,53706,26.31,581.39,159836437.3,8,24.5,Baixa
2020,9,2020-09-01,Nordeste,PB,João Pessoa,485192,24716,91.59,328.64,182300159.48,6,24.5,Alta
2020,9,2020-09-01,Centro-Oeste,DF,Brasília,53822,24735,78.43,392.71,164081730.9,11,24.9,Média
2020,9,2020-09-01,Centro-Oeste,GO,Goiânia,342046,32857,56.17,383.69,105190968.58,14,23.1,Baixa
2020,9,2020-09-01,Centro-Oeste,GO,Aparecida de Goiânia,308937,28005,53.19,903.42,49881099.47,12,22.5,Baixa
2020,9,2020-09-01,Centro-Oeste,MT,Cuiabá,217548,16987,60.17,518.67,192150923.81,9,29.6,Média
2020,9,2020-09-01,Centro-Oeste,MS,Campo Grande,330859,9555,32.72,787.12,12512247.74,7,31.1,Baixa
2020,9,2020-09-01,Sudeste,SP,São Paulo,353318,12911,27.37,190.16,114556060.97,9,29.9,Alta
2020,9,2020-09-01,Sudeste,SP,Campinas,320626,67115,81.51,490.46,79424886.93,9,27.5,Baixa
2020,9,2020-09-01,Sudeste,SP,Ribeirão Preto,234635,22241,90.02,333.58,82576802.98,7,27.3,Alta
2020,9,2020-09-01,Sudeste,RJ,Rio de Janeiro,437719,78740,66.65,609.93,170802117.4,14,26.9,Média
2020,9,2020-09-01,Sudeste,RJ,Niterói,106577,64910,73.9,715.46,132848425.37,15,30.5,Baixa
2020,9,2020-09-01,Sudeste,RJ,Nova Iguaçu,354540,31704,64.19,523.65,121722303.72,8,28.3,Alta
2020,9,2020-09-01,Sudeste,RJ,Petrópolis,151442,71623,59.53,199.49,184169835.65,6,32.2,Média
2020,9,2020-09-01,Sudeste,MG,Belo Horizonte,270791,46445,69.69,300.69,66957364.01,14,17.0,Média
2020,9,2020-09-01,Sudeste,MG,Uberlândia,476319,79346,38.16,1103.95,121617903.22,5,17.1,Média
2020,9,2020-09-01,Sudeste,MG,Juiz de Fora,272629,19249,78.82,338.71,37345338.41,11,28.9,Alta
2020,9,2020-09-01,Sudeste,ES,Vitória,316297,30948,50.76,1184.22,90508405.16,7,22.2,Alta
2020,9,2020-09-01,Sudeste,ES,Vila Velha,190481,9838,49.7,456.06,161835296.57,10,23.5,Média
2020,9,2020-09-01,Sudeste,ES,Serra,228103,73032,71.84,192.85,1197180.96,12,21.7,Baixa
2020,9,2020-09-01,Sul,PR,Curitiba,208938,36778,88.21,176.08,50518506.24,10,13.5,Média
2020,9,2020-09-01,Sul,PR,Londrina,397720,45803,55.09,240.73,163761173.33,6,26.5,Média
2020,9,2020-09-01,Sul,SC,Florianópolis,121308,16419,48.11,893.51,46709601.92,7,25.1,Baixa
2020,9,2020-09-01,Sul,SC,Joinville,25068,6148,52.15,1195.01,91727392.32,9,34.9,Alta
2020,9,2020-09-01,Sul,RS,Porto Alegre,402961,46992,53.51,173.28,42973734.37,5,27.6,Alta
2020,9,2020-09-01,Sul,RS,Caxias do Sul,364786,69721,83.74,501.87,22589774.25,5,19.9,Média
2020,10,2020-10-01,Norte,AM,Manaus,494494,22126,91.15,271.98,164331438.37,12,22.5,Alta
2020,10,2020-10-01,Norte,PA,Belém,85127,25765,33.81,286.81,112883139.9,10,25.8,Alta
2020,10,2020-10-01,Norte,PA,Santarém,174699,69396,72.19,1131.36,71158200.16,8,19.3,Alta
2020,10,2020-10-01,Norte,RO,Porto Velho,265680,41633,76.66,163.4,64522370.82,5,19.0,Alta
2020,10,2020-10-01,Norte,TO,Palmas,310316,3015,85.31,961.34,52854585.39,10,24.6,Média
2020,10,2020-10-01,Nordeste,BA,Salvador,462375,77308,59.95,544.27,190371728.65,10,25.1,Baixa
2020,10,2020-10-01,Nordeste,BA,Feira de Santana,410455,67220,87.84,469.1,99417637.01,16,27.8,Média
2020,10,2020-10-01,Nordeste,PE,Recife,470423,51892,66.26,1149.94,75660269.71,15,24.9,Baixa
2020,10,2020-10-01,Nordeste,PE,Jaboatão dos Guararapes,158526,20252,57.87,975.08,188614783.98,5,28.6,Média
2020,10,2020-10-01,Nordeste,CE,Fortaleza,369021,66041,27.78,1011.42,73656770.02,12,23.4,Média
2020,10,2020-10-01,Nordeste,CE,Juazeiro do Norte,98414,37556,32.23,638.45,21488226.92,9,26.6,Baixa
2020,10,2020-10-01,Nordeste,MA,São Luís,306393,57408,75.83,1068.19,127720294.49,9,26.9,Média
2020,10,2020-10-01,Nordeste,PB,João Pessoa,413200,59004,93.41,715.98,199299962.42,11,23.1,Alta
2020,10,2020-10-01,Centro-Oeste,DF,Brasília,107928,73016,44.48,989.07,127790223.62,12,25.6,Alta
2020,10,2020-10-01,Centro-Oeste,GO,Goiânia,110736,10360,34.16,303.21,20683926.99,12,21.0,Alta
2020,10,2020-10-01,Centro-Oeste,GO,Aparecida de Goiânia,192946,4538,91.42,796.74,189199386.76,11,25.2,Baixa
2020,10,2020-10-01,Centro-Oeste,MT,Cuiabá,392847,44516,43.27,459.74,129588737.23,9,27.1,Baixa
2020,10,2020-10-01,Centro-Oeste,MS,Campo Grande,381754,65028,61.97,946.74,76173503.13,13,16.8,Média
2020,10,2020-10-01,Sudeste,SP,São Paulo,243288,31806,70.02,1068.6,182399682.08,10,26.0,Média
2020,10,2020-10-01,Sudeste,SP,Campinas,383651,20433,91.42,896.09,120186314.57,10,17.7,Baixa
2020,10,2020-10-01,Sudeste,SP,Ribeirão Preto,84184,27382,52.08,241.62,119016280.0,11,26.2,Alta
2020,10,2020-10-01,Sudeste,RJ,Rio de Janeiro,430554,50974,61.27,1158.07,170027842.17,15,26.5,Alta
2020,10,2020-10-01,Sudeste,RJ,Niterói,441839,55272,80.75,343.42,89384958.59,9,25.6,Média
2020,10,2020-10-01,Sudeste,RJ,Nova Iguaçu,19604,54784,84.27,558.83,169756243.95,9,27.6,Baixa
2020,10,2020-10-01,Sudeste,RJ,Petrópolis,350384,49667,76.44,491.21,39835811.87,12,25.6,Média
2020,10,2020-10-01,Sudeste,MG,Belo Horizonte,203239,58412,49.88,225.47,177973597.76,16,21.7,Média
2020,10,2020-10-01,Sudeste,MG,Uberlândia,337579,40685,88.84,201.94,63525506.01,5,23.4,Média
2020,10,2020-10-01,Sudeste,MG,Juiz de Fora,181209,17865,65.07,1148.68,142648188.61,7,28.3,Média
2020,10,2020-10-01,Sudeste,ES,Vitória,122203,21265,63.19,1056.78,5466584.69,10,19.0,Média
2020,10,2020-10-01,Sudeste,ES,Vila Velha,131165,28417,33.46,1024.45,42194408.77,10,20.3,Alta
2020,10,2020-10-01,Sudeste,ES,Serra,367868,57957,60.34,438.01,155612719.18,12,19.8,Média
2020,10,2020-10-01,Sul,PR,Curitiba,353331,45040,34.58,1064.99,183215493.99,6,26.5,Alta
2020,10,2020-10-01,Sul,PR,Londrina,291304,23013,26.51,818.63,97207388.32,16,22.6,Baixa
2020,10,2020-10-01,Sul,SC,Florianópolis,442569,33510,91.68,1022.96,47705926.17,19,20.3,Baixa
2020,10,2020-10-01,Sul,SC,Joinville,405100,7923,81.94,539.46,115934168.6,10,17.9,Média
2020,10,2020-10-01,Sul,RS,Porto Alegre,291043,16631,77.51,1030.06,95788927.21,8,22.7,Média
2020,10,2020-10-01,Sul,RS,Caxias do Sul,92279,32604,81.73,932.55,197842024.88,10,28.2,Média
2020,11,2020-11-01,Norte,AM,Manaus,480927,76950,29.42,977.26,181499186.11,9,21.9,Alta
2020,11,2020-11-01,Norte,PA,Belém,284925,42289,71.43,927.96,104514333.64,9,24.5,Alta
2020,11,2020-11-01,Norte,PA,Santarém,264912,48478,78.12,901.65,121575679.48,9,25.0,Baixa
2020,11,2020-11-01,Norte,RO,Porto Velho,242998,30281,42.5,914.63,63028512.57,11,19.1,Média
2020,11,2020-11-01,Norte,TO,Palmas,130020,15571,55.71,704.19,37006623.12,11,19.1,Alta
2020,11,2020-11-01,Nordeste,BA,Salvador,181433,63390,63.91,845.55,155295723.61,11,23.5,Baixa
2020,11,2020-11-01,Nordeste,BA,Feira de Santana,203995,16361,40.89,1169.35,40093627.87,9,27.7,Alta
2020,11,2020-11-01,Nordeste,PE,Recife,366182,23748,90.31,361.79,150283027.43,14,30.7,Baixa
2020,11,2020-11-01,Nordeste,PE,Jaboatão dos Guararapes,104032,60729,83.15,852.36,139598974.25,12,29.7,Baixa
2020,11,2020-11-01,Nordeste,CE,Fortaleza,369756,7171,92.52,1141.2,33245893.98,6,20.6,Alta
2020,11,2020-11-01,Nordeste,CE,Juazeiro do Norte,14824,64329,46.02,584.97,82680709.41,9,28.9,Média
2020,11,2020-11-01,Nordeste,MA,São Luís,290604,77656,79.58,520.31,15426972.71,9,23.7,Alta
2020,11,2020-11-01,Nordeste,PB,João Pessoa,368149,45714,56.45,1183.02,185462729.84,9,26.6,Média
2020,11,2020-11-01,Centro-Oeste,DF,Brasília,195895,29687,39.15,834.38,130191944.96,5,29.2,Média
2020,11,2020-11-01,Centro-Oeste,GO,Goiânia,230639,59539,28.95,922.7,104449151.94,11,27.6,Baixa
2020,11,2020-11-01,Centro-Oeste,GO,Aparecida de Goiânia,419494,77188,39.27,1153.39,11023078.48,9,27.4,Baixa
2020,11,2020-11-01,Centro-Oeste,MT,Cuiabá,84574,35007,89.26,512.39,107886314.07,9,27.5,Alta
2020,11,2020-11-01,Centro-Oeste,MS,Campo Grande,423981,67729,56.14,477.83,42831677.5,9,29.0,Alta
2020,11,2020-11-01,Sudeste,SP,São Paulo,192770,71173,92.52,879.9,187391292.15,11,22.8,Média
2020,11,2020-11-01,Sudeste,SP,Campinas,164565,31895,48.55,609.45,65506130.07,9,28.2,Baixa
2020,11,2020-11-01,Sudeste,SP,Ribeirão Preto,141906,20094,63.98,693.67,106512844.4,14,21.8,Média
2020,11,2020-11-01,Sudeste,RJ,Rio de Janeiro,171991,15480,77.51,667.4,105746715.03,9,30.8,Média
2020,11,2020-11-01,Sudeste,RJ,Niterói,52325,76217,65.69,1149.05,184088666.62,11,23.9,Média
2020,11,2020-11-01,Sudeste,RJ,Nova Iguaçu,410615,37784,34.45,516.97,96499942.05,7,25.4,Baixa
2020,11,2020-11-01,Sudeste,RJ,Petrópolis,421587,24278,65.53,1145.87,26321738.77,4,26.6,Alta
2020,11,2020-11-01,Sudeste,MG,Belo Horizonte,91298,55772,67.13,406.56,25568688.19,6,26.6,Alta
2020,11,2020-11-01,Sudeste,MG,Uberlândia,442787,49848,63.74,604.54,188907469.64,8,25.2,Baixa
2020,11,2020-11-01,Sudeste,MG,Juiz de Fora,87368,49773,28.94,465.11,170395130.1,14,22.0,Alta
2020,11,2020-11-01,Sudeste,ES,Vitória,444402,20973,29.5,969.13,40029290.73,10,28.5,Média
2020,11,2020-11-01,Sudeste,ES,Vila Velha,463593,24916,25.42,955.23,88363011.49,11,22.2,Baixa
2020,11,2020-11-01,Sudeste,ES,Serra,282324,35277,33.71,1138.41,124305444.11,14,30.2,Baixa
2020,11,2020-11-01,Sul,PR,Curitiba,345993,17739,64.53,1003.8,19545157.69,12,27.3,Alta
2020,11,2020-11-01,Sul,PR,Londrina,256509,33808,49.87,314.69,73673677.94,15,29.4,Baixa
2020,11,2020-11-01,Sul,SC,Florianópolis,305101,11563,37.28,988.51,197485619.88,9,27.0,Alta
2020,11,2020-11-01,Sul,SC,Joinville,318982,63054,89.51,549.14,150484393.99,12,24.5,Alta
2020,11,2020-11-01,Sul,RS,Porto Alegre,381777,27771,63.77,899.23,83370610.14,11,25.7,Alta
2020,11,2020-11-01,Sul,RS,Caxias do Sul,269936,8255,80.78,857.49,22042102.54,13,22.2,Média
2020,12,2020-12-01,Norte,AM,Manaus,349743,19913,78.53,559.2,128795332.81,9,29.3,Média
2020,12,2020-12-01,Norte,PA,Belém,139304,5068,47.17,931.59,114760218.65,10,24.2,Baixa
2020,12,2020-12-01,Norte,PA,Santarém,379446,66636,72.0,1051.02,165501555.17,9,31.5,Média
2020,12,2020-12-01,Norte,RO,Porto Velho,230445,9010,63.53,396.35,105043228.76,14,18.2,Média
2020,12,2020-12-01,Norte,TO,Palmas,266669,38088,94.44,1081.59,112037888.69,10,23.8,Alta
2020,12,2020-12-01,Nordeste,BA,Salvador,340147,47174,61.58,674.48,85949225.08,6,20.4,Baixa
2020,12,2020-12-01,Nordeste,BA,Feira de Santana,385715,79809,30.55,320.49,86459377.68,8,20.7,Baixa
2020,12,2020-12-01,Nordeste,PE,Recife,69418,13041,58.14,215.14,2815973.11,7,28.6,Média
2020,12,2020-12-01,Nordeste,PE,Jaboatão dos Guararapes,99985,27723,81.03,956.84,186362473.38,7,19.3,Média
2020,12,2020-12-01,Nordeste,CE,Fortaleza,251678,73980,89.67,672.27,181005824.51,9,26.9,Baixa
2020,12,2020-12-01,Nordeste,CE,Juazeiro do Norte,257292,37922,69.0,812.95,88912665.66,12,18.2,Média
2020,12,2020-12-01,Nordeste,MA,São Luís,335455,16236,59.6,179.75,123398532.14,10,24.9,Baixa
2020,12,2020-12-01,Nordeste,PB,João Pessoa,437538,71195,42.34,229.1,113234522.7,16,20.1,Baixa
2020,12,2020-12-01,Centro-Oeste,DF,Brasília,20258,33263,48.27,368.31,170740337.48,12,15.2,Baixa
2020,12,2020-12-01,Centro-Oeste,GO,Goiânia,61099,5387,77.27,1074.61,154769823.46,11,30.8,Baixa
2020,12,2020-12-01,Centro-Oeste,GO,Aparecida de Goiânia,258251,49979,69.79,884.93,49564035.65,10,27.5,Alta
2020,12,2020-12-01,Centro-Oeste,MT,Cuiabá,153804,20586,67.96,875.59,82027150.67,10,40.3,Média
2020,12,2020-12-01,Centro-Oeste,MS,Campo Grande,287470,23523,48.15,553.01,135130687.58,3,22.2,Alta
2020,12,2020-12-01,Sudeste,SP,São Paulo,183147,25048,53.58,911.81,102950203.11,12,29.7,Média
2020,12,2020-12-01,Sudeste,SP,Campinas,426713,70369,55.44,1081.88,77349991.83,11,24.2,Alta
2020,12,2020-12-01,Sudeste,SP,Ribeirão Preto,60247,63826,71.68,1091.54,122318322.19,11,22.7,Média
2020,12,2020-12-01,Sudeste,RJ,Rio de Janeiro,173943,45954,27.61,708.33,1046147.65,12,27.3,Média
2020,12,2020-12-01,Sudeste,RJ,Niterói,466424,44396,74.36,296.68,105448086.38,9,23.9,Baixa
2020,12,2020-12-01,Sudeste,RJ,Nova Iguaçu,434458,73415,29.82,474.23,41772810.73,12,23.4,Baixa
2020,12,2020-12-01,Sudeste,RJ,Petrópolis,92292,13064,84.9,985.41,195145165.18,10,30.2,Baixa
2020,12,2020-12-01,Sudeste,MG,Belo Horizonte,451059,7985,70.9,389.5,105041484.19,8,24.5,Baixa
2020,12,2020-12-01,Sudeste,MG,Uberlândia,434266,20160,94.92,526.33,189222454.88,10,27.1,Média
2020,12,2020-12-01,Sudeste,MG,Juiz de Fora,366453,75728,93.75,716.12,164985082.83,8,21.7,Baixa
2020,12,2020-12-01,Sudeste,ES,Vitória,224874,55160,52.88,1185.22,66708910.04,8,27.2,Baixa
2020,12,2020-12-01,Sudeste,ES,Vila Velha,198204,73094,48.69,158.15,71114153.29,16,27.1,Baixa
2020,12,2020-12-01,Sudeste,ES,Serra,391932,12143,51.91,441.6,175856957.34,3,24.9,Alta
2020,12,2020-12-01,Sul,PR,Curitiba,320795,63835,52.02,650.3,54802288.08,6,26.6,Alta
2020,12,2020-12-01,Sul,PR,Londrina,393874,69254,73.63,238.47,25085683.22,13,18.9,Baixa
2020,12,2020-12-01,Sul,SC,Florianópolis,280380,37673,79.6,457.53,117692805.37,11,29.2,Baixa
2020,12,2020-12-01,Sul,SC,Joinville,98964,37973,93.11,1168.81,181650364.32,6,27.3,Baixa
2020,12,2020-12-01,Sul,RS,Porto Alegre,348080,13264,42.49,1107.7,15675980.31,11,21.5,Média
2020,12,2020-12-01,Sul,RS,Caxias do Sul,301991,78551,73.29,437.13,103527648.61,6,27.1,Alta
2021,1,2021-01-01,Norte,AM,Manaus,21275,72702,54.73,507.76,167379781.04,12,22.3,Baixa
2021,1,2021-01-01,Norte,PA,Belém,232228,40927,47.57,663.44,142209402.83,11,19.4,Baixa
2021,1,2021-01-01,Norte,PA,Santarém,307506,23334,78.09,1128.39,63940798.12,12,24.0,Baixa
2021,1,2021-01-01,Norte,RO,Porto Velho,214104,62673,67.88,878.2,180333497.93,11,21.5,Média
2021,1,2021-01-01,Norte,TO,Palmas,26241,9184,53.77,772.33,24499947.87,7,28.6,Alta
2021,1,2021-01-01,Nordeste,BA,Salvador,249211,17775,77.91,1055.85,24235996.39,9,24.5,Média
2021,1,2021-01-01,Nordeste,BA,Feira de Santana,381272,25986,36.35,996.48,104085580.65,6,29.6,Alta
2021,1,2021-01-01,Nordeste,PE,Recife,149740,68766,25.76,410.07,83549075.15,8,26.2,Baixa
2021,1,2021-01-01,Nordeste,PE,Jaboatão dos Guararapes,18545,5754,37.4,159.6,62213244.2,9,25.3,Alta
2021,1,2021-01-01,Nordeste,CE,Fortaleza,159594,28617,79.01,266.92,75626601.46,10,18.5,Baixa
2021,1,2021-01-01,Nordeste,CE,Juazeiro do Norte,178634,57113,36.09,685.92,49741217.93,14,29.8,Baixa
2021,1,2021-01-01,Nordeste,MA,São Luís,348720,38600,57.48,1019.16,122290959.93,11,23.4,Baixa
2021,1,2021-01-01,Nordeste,PB,João Pessoa,468229,50119,43.12,374.09,87044536.99,10,28.4,Média
2021,1,2021-01-01,Centro-Oeste,DF,Brasília,165112,32110,80.22,612.99,67578784.63,12,29.1,Alta
2021,1,2021-01-01,Centro-Oeste,GO,Goiânia,323238,59669,31.05,200.93,111036003.53,6,25.7,Média
2021,1,2021-01-01,Centro-Oeste,GO,Aparecida de Goiânia,95419,32241,38.53,781.29,96718337.37,4,29.5,Alta
2021,1,2021-01-01,Centro-Oeste,MT,Cuiabá,304183,63754,46.23,529.77,63484292.81,13,19.8,Média
2021,1,2021-01-01,Centro-Oeste,MS,Campo Grande,17962,72530,87.96,620.07,143398459.06,13,26.6,Baixa
2021,1,2021-01-01,Sudeste,SP,São Paulo,286283,4609,25.94,821.78,69000301.69,10,27.8,Média
2021,1,2021-01-01,Sudeste,SP,Campinas,421458,35966,33.7,208.98,183275747.42,9,20.7,Média
2021,1,2021-01-01,Sudeste,SP,Ribeirão Preto,272443,51711,29.29,790.76,102322989.78,11,20.5,Baixa
2021,1,2021-01-01,Sudeste,RJ,Rio de Janeiro,71370,35921,56.18,487.17,21334601.88,9,28.6,Média
2021,1,2021-01-01,Sudeste,RJ,Niterói,316769,41100,50.24,1154.38,172873166.12,10,25.8,Média
2021,1,2021-01-01,Sudeste,RJ,Nova Iguaçu,196730,15066,91.05,1135.01,153803010.58,12,20.3,Alta
2021,1,2021-01-01,Sudeste,RJ,Petrópolis,270466,74068,66.39,919.9,32644903.79,13,22.3,Alta
2021,1,2021-01-01,Sudeste,MG,Belo Horizonte,345273,78629,31.57,936.57,27895709.22,15,23.4,Média
2021,1,2021-01-01,Sudeste,MG,Uberlândia,353379,21915,48.98,455.34,185890380.47,6,24.5,Média
2021,1,2021-01-01,Sudeste,MG,Juiz de Fora,450955,10650,94.85,883.47,114614481.72,11,22.9,Média
2021,1,2021-01-01,Sudeste,ES,Vitória,235391,32592,39.76,1036.91,33985830.85,7,26.7,Alta
2021,1,2021-01-01,Sudeste,ES,Vila Velha,61347,66509,40.45,549.73,179740094.38,11,23.4,Baixa
2021,1,2021-01-01,Sudeste,ES,Serra,267854,40346,49.05,842.12,83155934.94,11,26.6,Média
2021,1,2021-01-01,Sul,PR,Curitiba,28366,8748,71.77,1117.01,33089928.64,6,32.5,Baixa
2021,1,2021-01-01,Sul,PR,Londrina,368466,33573,67.72,709.3,4403859.16,8,25.0,Baixa
2021,1,2021-01-01,Sul,SC,Florianópolis,466640,7699,44.35,621.6,169890606.49,10,25.1,Média
2021,1,2021-01-01,Sul,SC,Joinville,306266,22700,44.33,716.73,51004711.95,6,27.4,Média
2021,1,2021-01-01,Sul,RS,Porto Alegre,69698,26268,35.39,303.49,56229323.59,9,19.8,Média
2021,1,2021-01-01,Sul,RS,Caxias do Sul,162268,61756,64.92,828.72,20073764.81,10,25.9,Alta
2021,2,2021-02-01,Norte,AM,Manaus,235551,28647,54.79,1123.03,148473607.17,13,23.8,Média
2021,2,2021-02-01,Norte,PA,Belém,83866,37568,81.27,306.71,109444553.08,12,27.9,Média
2021,2,2021-02-01,Norte,PA,Santarém,214521,58514,63.77,903.27,198303938.63,7,26.0,Alta
2021,2,2021-02-01,Norte,RO,Porto Velho,182471,63548,27.84,686.2,109662798.73,7,24.3,Alta
2021,2,2021-02-01,Norte,TO,Palmas,356685,44475,84.7,828.27,114447886.39,5,22.2,Alta
2021,2,2021-02-01,Nordeste,BA,Salvador,127647,43762,35.82,406.27,89898234.85,12,21.5,Baixa
2021,2,2021-02-01,Nordeste,BA,Feira de Santana,64415,78823,46.25,278.85,39407349.75,8,23.5,Baixa
2021,2,2021-02-01,Nordeste,PE,Recife,94115,14446,49.59,847.33,164289937.18,7,23.8,Alta
2021,2,2021-02-01,Nordeste,PE,Jaboatão dos Guararapes,52435,14960,78.14,711.95,102729167.85,4,25.5,Alta
2021,2,2021-02-01,Nordeste,CE,Fortaleza,169540,20061,77.35,349.97,44473511.53,5,17.0,Alta
2021,2,2021-02-01,Nordeste,CE,Juazeiro do Norte,475244,31231,71.1,904.79,118426225.06,7,20.6,Baixa
2021,2,2021-02-01,Nordeste,MA,São Luís,10331,20512,80.07,446.25,58059926.86,18,23.3,Média
2021,2,2021-02-01,Nordeste,PB,João Pessoa,193720,7481,33.01,166.83,133692064.71,15,27.9,Alta
2021,2,2021-02-01,Centro-Oeste,DF,Brasília,295353,72349,59.04,194.97,69257143.42,8,23.8,Média
2021,2,2021-02-01,Centro-Oeste,GO,Goiânia,142415,36561,54.63,545.8,74596745.42,11,26.1,Média
2021,2,2021-02-01,Centro-Oeste,GO,Aparecida de Goiânia,102116,67117,36.35,228.01,3005346.35,12,26.9,Média
2021,2,2021-02-01,Centro-Oeste,MT,Cuiabá,337462,65375,52.93,435.57,1648405.76,7,24.2,Média
2021,2,2021-02-01,Centro-Oeste,MS,Campo Grande,40355,30176,78.63,797.72,118027269.93,9,25.0,Baixa
2021,2,2021-02-01,Sudeste,SP,São Paulo,461409,61424,66.72,994.83,131575164.23,8,21.9,Média
2021,2,2021-02-01,Sudeste,SP,Campinas,425449,28139,93.94,990.32,83270883.22,8,32.9,Média
2021,2,2021-02-01,Sudeste,SP,Ribeirão Preto,139572,45110,33.14,500.86,44011734.7,8,23.8,Alta
2021,2,2021-02-01,Sudeste,RJ,Rio de Janeiro,456164,28850,52.56,243.55,33506890.29,4,25.4,Média
2021,2,2021-02-01,Sudeste,RJ,Niterói,154128,50155,50.28,765.71,5227881.59,16,17.3,Baixa
2021,2,2021-02-01,Sudeste,RJ,Nova Iguaçu,105927,78536,88.15,203.26,40405568.07,10,20.4,Alta
2021,2,2021-02-01,Sudeste,RJ,Petrópolis,447891,20387,39.3,179.07,17855692.94,7,29.8,Alta
2021,2,2021-02-01,Sudeste,MG,Belo Horizonte,100651,15535,64.52,846.75,41807342.93,11,22.0,Baixa
2021,2,2021-02-01,Sudeste,MG,Uberlândia,125759,24008,38.75,959.5,181794557.38,10,28.2,Alta
2021,2,2021-02-01,Sudeste,MG,Juiz de Fora,86396,48513,40.91,270.65,147688692.28,11,29.6,Baixa
2021,2,2021-02-01,Sudeste,ES,Vitória,67067,1053,59.48,152.54,173043600.68,9,32.9,Baixa
2021,2,2021-02-01,Sudeste,ES,Vila Velha,186376,20736,70.15,459.24,169979019.92,12,22.5,Média
2021,2,2021-02-01,Sudeste,ES,Serra,351306,39140,29.84,1028.63,10712570.76,12,27.6,Alta
2021,2,2021-02-01,Sul,PR,Curitiba,32353,3781,61.75,752.5,10995647.5,8,26.2,Alta
2021,2,2021-02-01,Sul,PR,Londrina,92421,57805,56.42,155.32,13328688.46,11,26.4,Média
2021,2,2021-02-01,Sul,SC,Florianópolis,64992,44589,54.9,847.1,146318449.51,14,29.1,Baixa
2021,2,2021-02-01,Sul,SC,Joinville,405375,46520,33.91,1114.25,174467799.25,2,20.9,Média
2021,2,2021-02-01,Sul,RS,Porto Alegre,327508,33265,79.32,787.63,131253917.58,9,28.5,Baixa
2021,2,2021-02-01,Sul,RS,Caxias do Sul,190100,21871,64.47,184.67,153623927.26,16,22.3,Baixa
2021,3,2021-03-01,Norte,AM,Manaus,176244,9129,77.37,604.27,12722240.12,10,19.7,Baixa
2021,3,2021-03-01,Norte,PA,Belém,137582,57209,79.38,833.74,172396961.85,11,32.5,Baixa
2021,3,2021-03-01,Norte,PA,Santarém,236961,13267,92.71,969.92,83293645.73,12,23.3,Baixa
2021,3,2021-03-01,Norte,RO,Porto Velho,386257,76791,40.68,925.58,99004511.0,18,28.5,Média
2021,3,2021-03-01,Norte,TO,Palmas,194921,6641,75.96,256.59,155555882.63,9,26.9,Alta
2021,3,2021-03-01,Nordeste,BA,Salvador,342888,9530,30.33,917.82,196752627.6,9,14.5,Baixa
2021,3,2021-03-01,Nordeste,BA,Feira de Santana,242741,78449,36.08,233.07,55750237.52,12,26.6,Média
2021,3,2021-03-01,Nordeste,PE,Recife,423306,55097,72.4,1129.68,139278083.78,17,26.4,Média
2021,3,2021-03-01,Nordeste,PE,Jaboatão dos Guararapes,402969,41922,77.17,882.89,57710365.27,15,25.4,Alta
2021,3,2021-03-01,Nordeste,CE,Fortaleza,28893,41530,70.01,985.87,58455373.42,10,30.2,Média
2021,3,2021-03-01,Nordeste,CE,Juazeiro do Norte,311382,27653,37.65,369.47,90623975.7,9,24.1,Alta
2021,3,2021-03-01,Nordeste,MA,São Luís,161983,50649,37.39,227.28,125843036.97,12,24.7,Alta
2021,3,2021-03-01,Nordeste,PB,João Pessoa,258674,46887,47.39,208.95,11971808.34,14,19.4,Alta
2021,3,2021-03-01,Centro-Oeste,DF,Brasília,208638,22897,40.91,191.2,195592056.09,8,23.3,Alta
2021,3,2021-03-01,Centro-Oeste,GO,Goiânia,287200,26529,72.65,589.14,158456873.38,12,23.7,Alta
2021,3,2021-03-01,Centro-Oeste,GO,Aparecida de Goiânia,491087,31717,46.21,325.03,103805937.53,12,22.8,Média
2021,3,2021-03-01,Centro-Oeste,MT,Cuiabá,215816,5333,52.04,1185.52,9588815.01,9,30.7,Alta
2021,3,2021-03-01,Centro-Oeste,MS,Campo Grande,486917,39599,67.6,810.09,144566552.23,11,27.2,Média
2021,3,2021-03-01,Sudeste,SP,São Paulo,322930,46578,86.66,714.79,33682830.38,13,22.7,Baixa
2021,3,2021-03-01,Sudeste,SP,Campinas,382028,4713,61.77,263.06,187105863.44,14,24.6,Média
2021,3,2021-03-01,Sudeste,SP,Ribeirão Preto,95263,1935,61.66,997.54,190556743.86,7,22.7,Média
2021,3,2021-03-01,Sudeste,RJ,Rio de Janeiro,92397,13273,94.45,1018.58,110712705.97,12,27.5,Média
2021,3,2021-03-01,Sudeste,RJ,Niterói,422545,12467,86.5,346.77,49115141.94,12,27.4,Baixa
2021,3,2021-03-01,Sudeste,RJ,Nova Iguaçu,138182,40896,43.97,422.6,82526712.02,12,23.5,Baixa
2021,3,2021-03-01,Sudeste,RJ,Petrópolis,349323,30003,80.87,947.62,167569234.52,9,31.1,Baixa
2021,3,2021-03-01,Sudeste,MG,Belo Horizonte,54105,16993,85.77,1176.2,146208165.5,7,27.3,Média
2021,3,2021-03-01,Sudeste,MG,Uberlândia,342526,21951,81.4,556.02,146981256.22,9,28.5,Alta
2021,3,2021-03-01,Sudeste,MG,Juiz de Fora,227376,56488,38.68,399.71,138864479.9,7,26.7,Baixa
2021,3,2021-03-01,Sudeste,ES,Vitória,70856,24923,93.04,572.06,32147314.47,14,29.8,Baixa
2021,3,2021-03-01,Sudeste,ES,Vila Velha,264635,35065,30.01,310.41,116821926.01,9,20.7,Baixa
2021,3,2021-03-01,Sudeste,ES,Serra,377259,25352,51.25,859.74,8474694.18,10,23.8,Média
2021,3,2021-03-01,Sul,PR,Curitiba,121673,19462,46.01,386.93,103420503.21,11,20.4,Média
2021,3,2021-03-01,Sul,PR,Londrina,331263,35570,51.42,385.33,68017478.32,16,22.0,Baixa
2021,3,2021-03-01,Sul,SC,Florianópolis,471657,34301,71.36,912.59,45975274.68,4,23.6,Alta
2021,3,2021-03-01,Sul,SC,Joinville,218686,72703,51.27,485.75,163246851.1,6,24.1,Média
2021,3,2021-03-01,Sul,RS,Porto Alegre,428641,7359,26.9,722.59,7007496.2,5,24.8,Baixa
2021,3,2021-03-01,Sul,RS,Caxias do Sul,144737,72770,59.4,632.62,160394957.56,6,24.4,Média
2021,4,2021-04-01,Norte,AM,Manaus,111977,2130,45.46,1033.89,80145485.7,9,19.4,Baixa
2021,4,2021-04-01,Norte,PA,Belém,418781,78460,71.05,1176.0,194437680.95,6,27.4,Baixa
2021,4,2021-04-01,Norte,PA,Santarém,10416,30941,91.15,725.72,171682095.85,11,19.2,Baixa
2021,4,2021-04-01,Norte,RO,Porto Velho,190448,29437,32.95,912.9,131718441.61,9,25.7,Alta
2021,4,2021-04-01,Norte,TO,Palmas,42061,45901,65.34,1191.29,9005361.02,7,30.9,Alta
2021,4,2021-04-01,Nordeste,BA,Salvador,466304,29875,64.87,394.49,187414980.9,12,31.6,Média
2021,4,2021-04-01,Nordeste,BA,Feira de Santana,277505,67772,66.38,645.75,114787617.28,15,21.3,Média
2021,4,2021-04-01,Nordeste,PE,Recife,308829,4403,57.05,277.71,132179051.99,11,20.3,Média
2021,4,2021-04-01,Nordeste,PE,Jaboatão dos Guararapes,248658,24208,27.47,1077.49,138356181.77,5,20.7,Média
2021,4,2021-04-01,Nordeste,CE,Fortaleza,19580,55427,88.94,223.81,149852806.11,8,31.9,Alta
2021,4,2021-04-01,Nordeste,CE,Juazeiro do Norte,74861,18632,87.55,721.07,101871349.41,9,28.6,Baixa
2021,4,2021-04-01,Nordeste,MA,São Luís,496048,20949,75.46,789.39,146696437.84,11,25.1,Baixa
2021,4,2021-04-01,Nordeste,PB,João Pessoa,142070,55382,54.33,864.31,19264971.21,13,30.4,Alta
2021,4,2021-04-01,Centro-Oeste,DF,Brasília,430152,68932,73.15,407.92,69336855.43,13,24.9,Média
2021,4,2021-04-01,Centro-Oeste,GO,Goiânia,286175,37370,56.4,232.23,19021377.98,6,21.5,Média
2021,4,2021-04-01,Centro-Oeste,GO,Aparecida de Goiânia,169155,25470,39.94,1141.41,108120311.02,7,21.6,Baixa
2021,4,2021-04-01,Centro-Oeste,MT,Cuiabá,104609,27575,60.12,718.18,172478624.59,8,24.5,Média
2021,4,2021-04-01,Centro-Oeste,MS,Campo Grande,254911,71100,62.84,629.64,76239022.36,8,26.7,Alta
2021,4,2021-04-01,Sudeste,SP,São Paulo,203201,8915,57.79,483.96,180296563.23,12,21.5,Baixa
2021,4,2021-04-01,Sudeste,SP,Campinas,290780,42781,36.22,175.82,139471426.37,9,30.0,Média
2021,4,2021-04-01,Sudeste,SP,Ribeirão Preto,265941,28241,50.92,1127.09,126783389.28,7,28.0,Baixa
2021,4,2021-04-01,Sudeste,RJ,Rio de Janeiro,129181,13556,69.89,339.34,83789033.04,7,25.7,Baixa
2021,4,2021-04-01,Sudeste,RJ,Niterói,380013,37177,71.05,1179.76,112904108.23,13,18.9,Média
2021,4,2021-04-01,Sudeste,RJ,Nova Iguaçu,445062,64358,42.61,817.83,154642545.72,13,20.0,Baixa
2021,4,2021-04-01,Sudeste,RJ,Petrópolis,322123,25173,76.12,260.54,155748662.78,11,26.5,Alta
2021,4,2021-04-01,Sudeste,MG,Belo Horizonte,113872,27627,83.1,432.23,10060878.93,8,28.8,Média
2021,4,2021-04-01,Sudeste,MG,Uberlândia,49568,10815,82.84,849.73,181592766.75,6,16.7,Média
2021,4,2021-04-01,Sudeste,MG,Juiz de Fora,323602,74920,88.01,437.21,53903190.29,9,25.3,Baixa
2021,4,2021-04-01,Sudeste,ES,Vitória,433307,52541,94.18,566.13,175645257.15,2,29.7,Baixa
2021,4,2021-04-01,Sudeste,ES,Vila Velha,223877,65178,69.03,923.55,137890819.56,8,26.3,Alta
2021,4,2021-04-01,Sudeste,ES,Serra,491578,26789,60.81,1103.61,189156923.93,11,21.6,Baixa
2021,4,2021-04-01,Sul,PR,Curitiba,218769,76170,40.91,1112.47,142010582.57,12,26.1,Alta
2021,4,2021-04-01,Sul,PR,Londrina,188772,78443,65.13,899.49,186697607.01,9,22.6,Média
2021,4,2021-04-01,Sul,SC,Florianópolis,324848,30056,94.06,407.54,31267161.58,11,29.6,Média
2021,4,2021-04-01,Sul,SC,Joinville,252338,17996,60.1,889.91,164561530.38,12,28.7,Baixa
2021,4,2021-04-01,Sul,RS,Porto Alegre,87017,30423,38.37,740.92,48468983.15,7,21.3,Baixa
2021,4,2021-04-01,Sul,RS,Caxias do Sul,403020,3521,93.96,729.8,93224703.86,7,29.2,Média
2021,5,2021-05-01,Norte,AM,Manaus,414779,49899,62.53,635.48,184635554.64,9,22.5,Média
2021,5,2021-05-01,Norte,PA,Belém,168268,44019,89.3,490.61,102646084.56,5,21.1,Média
2021,5,2021-05-01,Norte,PA,Santarém,71314,8043,45.55,1089.55,123705853.29,10,24.8,Alta
2021,5,2021-05-01,Norte,RO,Porto Velho,23235,4482,44.73,400.34,189294832.6,13,25.4,Alta
2021,5,2021-05-01,Norte,TO,Palmas,394502,66364,26.15,321.06,117112132.53,4,22.9,Baixa
2021,5,2021-05-01,Nordeste,BA,Salvador,380234,40259,51.18,766.72,183156142.47,8,25.7,Baixa
2021,5,2021-05-01,Nordeste,BA,Feira de Santana,183511,63305,52.77,546.87,197672259.16,7,23.3,Média
2021,5,2021-05-01,Nordeste,PE,Recife,28980,71506,61.11,1125.72,32866363.38,17,30.7,Baixa
2021,5,2021-05-01,Nordeste,PE,Jaboatão dos Guararapes,136931,53515,35.43,1018.2,64567872.69,9,27.4,Alta
2021,5,2021-05-01,Nordeste,CE,Fortaleza,221227,47551,88.7,623.33,81411074.49,11,32.0,Alta
2021,5,2021-05-01,Nordeste,CE,Juazeiro do Norte,229756,68624,25.04,492.53,88894695.11,8,31.1,Alta
2021,5,2021-05-01,Nordeste,MA,São Luís,129543,75111,54.86,1063.88,104194072.78,14,20.4,Alta
2021,5,2021-05-01,Nordeste,PB,João Pessoa,453734,3438,72.28,1160.46,158806744.95,8,19.8,Média
2021,5,2021-05-01,Centro-Oeste,DF,Brasília,163462,47396,67.46,860.17,60474071.04,13,24.2,Alta
2021,5,2021-05-01,Centro-Oeste,GO,Goiânia,41690,24068,39.88,283.28,43766938.53,11,18.7,Média
2021,5,2021-05-01,Centro-Oeste,GO,Aparecida de Goiânia,365361,9925,71.1,1036.38,160010792.27,10,24.7,Baixa
2021,5,2021-05-01,Centro-Oeste,MT,Cuiabá,239816,50546,41.17,1030.02,166520957.34,12,20.7,Média
2021,5,2021-05-01,Centro-Oeste,MS,Campo Grande,149344,16088,34.63,1196.91,16282230.59,18,26.5,Média
2021,5,2021-05-01,Sudeste,SP,São Paulo,124192,51347,84.78,1079.86,181476619.95,8,23.7,Baixa
2021,5,2021-05-01,Sudeste,SP,Campinas,327815,59759,82.6,545.24,29726400.28,10,31.6,Média
2021,5,2021-05-01,Sudeste,SP,Ribeirão Preto,161812,41898,43.22,487.53,164073631.37,15,20.2,Média
2021,5,2021-05-01,Sudeste,RJ,Rio de Janeiro,98940,70001,87.02,386.25,47082511.3,6,19.8,Média
2021,5,2021-05-01,Sudeste,RJ,Niterói,476290,46671,83.32,189.71,140575707.53,8,25.2,Alta
2021,5,2021-05-01,Sudeste,RJ,Nova Iguaçu,212517,50975,39.79,613.83,59286795.21,10,24.6,Média
2021,5,2021-05-01,Sudeste,RJ,Petrópolis,443467,61400,51.36,936.57,138824638.62,12,27.1,Alta
2021,5,2021-05-01,Sudeste,MG,Belo Horizonte,173658,10183,94.13,845.41,64494811.83,7,24.3,Média
2021,5,2021-05-01,Sudeste,MG,Uberlândia,44727,54651,90.65,169.41,167864818.15,11,27.2,Alta
2021,5,2021-05-01,Sudeste,MG,Juiz de Fora,114855,67893,80.0,1138.8,118046337.37,8,27.9,Média
2021,5,2021-05-01,Sudeste,ES,Vitória,277818,26296,42.12,709.23,20309540.35,8,20.2,Média
2021,5,2021-05-01,Sudeste,ES,Vila Velha,374757,28014,47.46,631.34,198111560.85,12,13.9,Alta
2021,5,2021-05-01,Sudeste,ES,Serra,155360,45517,83.4,502.4,134666406.39,3,24.7,Média
2021,5,2021-05-01,Sul,PR,Curitiba,194126,73879,81.57,859.03,84777469.68,12,29.0,Baixa
2021,5,2021-05-01,Sul,PR,Londrina,230879,42086,34.25,1164.99,51615768.5,12,27.5,Média
2021,5,2021-05-01,Sul,SC,Florianópolis,168099,66280,83.47,707.47,190158794.27,8,24.6,Média
2021,5,2021-05-01,Sul,SC,Joinville,409206,57722,62.34,707.09,146530941.48,9,25.9,Baixa
2021,5,2021-05-01,Sul,RS,Porto Alegre,206603,40436,53.89,801.88,181079308.44,7,28.0,Baixa
2021,5,2021-05-01,Sul,RS,Caxias do Sul,231062,51681,72.34,866.17,29696639.02,15,28.3,Alta
2021,6,2021-06-01,Norte,AM,Manaus,468598,77956,83.22,384.74,60713694.45,10,21.9,Alta
2021,6,2021-06-01,Norte,PA,Belém,120300,10544,89.07,596.93,112450742.67,8,31.0,Alta
2021,6,2021-06-01,Norte,PA,Santarém,452719,38907,38.32,175.06,192246074.19,13,29.8,Baixa
2021,6,2021-06-01,Norte,RO,Porto Velho,114399,29183,94.82,1037.32,15956397.86,10,23.6,Média
2021,6,2021-06-01,Norte,TO,Palmas,491001,38127,50.0,1157.75,128019157.35,5,27.8,Alta
2021,6,2021-06-01,Nordeste,BA,Salvador,478330,69360,80.1,650.45,105618441.04,10,27.2,Baixa
2021,6,2021-06-01,Nordeste,BA,Feira de Santana,473409,14715,41.35,968.78,171884033.55,17,25.1,Baixa
2021,6,2021-06-01,Nordeste,PE,Recife,231839,44807,28.97,642.27,189618336.71,9,30.1,Baixa
2021,6,2021-06-01,Nordeste,PE,Jaboatão dos Guararapes,64778,72099,65.41,256.64,87907349.4,8,30.7,Média
2021,6,2021-06-01,Nordeste,CE,Fortaleza,164149,43877,91.43,240.53,106689197.61,10,30.0,Alta
2021,6,2021-06-01,Nordeste,CE,Juazeiro do Norte,70172,12013,36.61,320.39,47459559.77,11,16.2,Média
2021,6,2021-06-01,Nordeste,MA,São Luís,97624,11376,66.07,774.54,16799867.39,12,20.3,Média
2021,6,2021-06-01,Nordeste,PB,João Pessoa,264710,68678,30.45,269.82,141631842.7,12,22.3,Média
2021,6,2021-06-01,Centro-Oeste,DF,Brasília,368953,30443,86.24,316.49,48721098.96,8,18.1,Baixa
2021,6,2021-06-01,Centro-Oeste,GO,Goiânia,400035,62251,34.93,998.73,104313147.72,6,22.5,Baixa
2021,6,2021-06-01,Centro-Oeste,GO,Aparecida de Goiânia,412839,22149,33.8,904.28,152838589.25,13,22.4,Baixa
2021,6,2021-06-01,Centro-Oeste,MT,Cuiabá,52062,13757,69.84,202.62,42297726.8,9,28.0,Baixa
2021,6,2021-06-01,Centro-Oeste,MS,Campo Grande,13036,75022,28.46,717.24,29756429.33,10,28.5,Média
2021,6,2021-06-01,Sudeste,SP,São Paulo,279606,11920,49.1,840.85,120334431.52,6,29.4,Média
2021,6,2021-06-01,Sudeste,SP,Campinas,457366,29773,53.76,293.26,179719487.95,9,22.1,Baixa
2021,6,2021-06-01,Sudeste,SP,Ribeirão Preto,386046,27580,36.18,874.54,52547552.79,9,21.2,Alta
2021,6,2021-06-01,Sudeste,RJ,Rio de Janeiro,478680,44871,72.39,272.78,60473586.02,11,29.4,Média
2021,6,2021-06-01,Sudeste,RJ,Niterói,240788,78927,39.87,891.85,97155778.91,17,28.7,Média
2021,6,2021-06-01,Sudeste,RJ,Nova Iguaçu,499308,72779,77.94,697.87,152619364.03,12,19.0,Alta
2021,6,2021-06-01,Sudeste,RJ,Petrópolis,414738,66602,29.2,927.78,192351467.11,12,29.3,Baixa
2021,6,2021-06-01,Sudeste,MG,Belo Horizonte,454264,57981,73.87,293.01,179813091.24,17,24.8,Média
2021,6,2021-06-01,Sudeste,MG,Uberlândia,308887,32627,76.52,926.48,13279256.99,9,26.0,Alta
2021,6,2021-06-01,Sudeste,MG,Juiz de Fora,497575,70361,94.37,487.04,68104124.18,12,29.6,Alta
2021,6,2021-06-01,Sudeste,ES,Vitória,113639,13594,45.18,770.71,90961848.47,11,22.0,Baixa
2021,6,2021-06-01,Sudeste,ES,Vila Velha,169055,46520,69.14,1100.87,59949189.58,8,27.5,Alta
2021,6,2021-06-01,Sudeste,ES,Serra,294048,39136,93.41,1002.11,174280970.24,13,30.4,Alta
2021,6,2021-06-01,Sul,PR,Curitiba,308096,22677,86.18,476.12,123439240.45,11,20.6,Alta
2021,6,2021-06-01,Sul,PR,Londrina,35915,63864,76.17,212.01,27362247.45,12,31.7,Alta
2021,6,2021-06-01,Sul,SC,Florianópolis,281804,30275,85.37,677.02,132137714.49,13,28.4,Média
2021,6,2021-06-01,Sul,SC,Joinville,50133,62671,68.27,774.55,56730406.99,13,25.1,Alta
2021,6,2021-06-01,Sul,RS,Porto Alegre,221381,69660,70.13,863.48,97102055.62,14,25.3,Baixa
2021,6,2021-06-01,Sul,RS,Caxias do Sul,408091,64606,47.47,939.03,192858245.76,9,24.1,Alta
2021,7,2021-07-01,Norte,AM,Manaus,476628,10612,94.85,532.75,104124066.13,7,21.7,Alta
2021,7,2021-07-01,Norte,PA,Belém,32591,58699,57.28,906.26,173695488.84,9,26.3,Baixa
2021,7,2021-07-01,Norte,PA,Santarém,181364,5376,76.71,583.26,146128250.62,11,23.6,Alta
2021,7,2021-07-01,Norte,RO,Porto Velho,420913,17804,50.86,997.69,91458442.96,11,23.8,Alta
2021,7,2021-07-01,Norte,TO,Palmas,375457,67637,45.37,652.59,123037034.58,9,27.4,Baixa
2021,7,2021-07-01,Nordeste,BA,Salvador,52240,79041,26.83,676.85,180828614.1,7,17.4,Alta
2021,7,2021-07-01,Nordeste,BA,Feira de Santana,333373,34794,89.79,458.51,10647872.5,11,21.7,Alta
2021,7,2021-07-01,Nordeste,PE,Recife,291783,36171,65.26,880.86,95753106.21,9,30.1,Baixa
2021,7,2021-07-01,Nordeste,PE,Jaboatão dos Guararapes,231397,75893,83.98,306.95,156092124.29,9,29.7,Média
2021,7,2021-07-01,Nordeste,CE,Fortaleza,72152,43483,63.92,490.01,2975013.88,14,28.5,Baixa
2021,7,2021-07-01,Nordeste,CE,Juazeiro do Norte,203785,45411,67.18,840.74,172058573.31,14,18.8,Média
2021,7,2021-07-01,Nordeste,MA,São Luís,202800,11370,28.07,387.91,154049107.41,12,18.5,Baixa
2021,7,2021-07-01,Nordeste,PB,João Pessoa,404322,53222,81.7,1128.19,126539742.69,15,17.6,Baixa
2021,7,2021-07-01,Centro-Oeste,DF,Brasília,249241,32467,50.37,889.91,174105187.97,8,27.6,Média
2021,7,2021-07-01,Centro-Oeste,GO,Goiânia,221766,29933,44.27,1136.35,161076864.24,8,29.3,Média
2021,7,2021-07-01,Centro-Oeste,GO,Aparecida de Goiânia,229117,75481,37.64,655.76,15030251.8,10,27.4,Média
2021,7,2021-07-01,Centro-Oeste,MT,Cuiabá,267244,27392,77.15,245.42,80186255.88,8,19.4,Alta
2021,7,2021-07-01,Centro-Oeste,MS,Campo Grande,161171,27998,83.24,794.13,131249317.22,8,26.4,Alta
2021,7,2021-07-01,Sudeste,SP,São Paulo,446756,45343,59.85,585.83,171155557.71,7,20.3,Alta
2021,7,2021-07-01,Sudeste,SP,Campinas,15358,61255,78.99,241.82,74713348.66,12,27.1,Baixa
2021,7,2021-07-01,Sudeste,SP,Ribeirão Preto,417386,57764,56.5,1169.41,183166314.99,13,24.4,Baixa
2021,7,2021-07-01,Sudeste,RJ,Rio de Janeiro,478218,11011,33.52,592.73,65593429.78,8,24.1,Média
2021,7,2021-07-01,Sudeste,RJ,Niterói,37630,78541,94.25,616.94,17905391.94,9,25.3,Baixa
2021,7,2021-07-01,Sudeste,RJ,Nova Iguaçu,257649,42961,76.02,980.16,167792385.96,10,27.1,Baixa
2021,7,2021-07-01,Sudeste,RJ,Petrópolis,49186,9480,91.95,689.49,132413106.06,9,23.9,Média
2021,7,2021-07-01,Sudeste,MG,Belo Horizonte,250659,17978,61.5,1117.82,72771546.74,7,24.5,Baixa
2021,7,2021-07-01,Sudeste,MG,Uberlândia,142578,54886,43.37,573.36,73876204.3,9,23.0,Alta
2021,7,2021-07-01,Sudeste,MG,Juiz de Fora,399025,56852,78.71,189.5,30245811.1,15,19.0,Média
2021,7,2021-07-01,Sudeste,ES,Vitória,240414,11472,38.23,526.48,23374226.52,13,26.2,Alta
2021,7,2021-07-01,Sudeste,ES,Vila Velha,438695,37522,30.14,362.42,153882164.1,14,26.3,Média
2021,7,2021-07-01,Sudeste,ES,Serra,377889,2986,61.79,320.48,25573030.44,10,23.6,Média
2021,7,2021-07-01,Sul,PR,Curitiba,426317,76928,29.82,218.71,85648215.64,8,22.7,Baixa
2021,7,2021-07-01,Sul,PR,Londrina,371587,54749,94.02,1057.02,10269503.89,13,27.3,Alta
2021,7,2021-07-01,Sul,SC,Florianópolis,451386,48441,77.94,1105.14,12057553.45,7,31.8,Baixa
2021,7,2021-07-01,Sul,SC,Joinville,409803,58583,32.05,464.67,166068439.93,4,25.8,Baixa
2021,7,2021-07-01,Sul,RS,Porto Alegre,459342,20896,59.53,1168.23,60694631.63,7,26.2,Alta
2021,7,2021-07-01,Sul,RS,Caxias do Sul,251251,56861,76.84,933.93,176195712.27,13,25.1,Baixa
2021,8,2021-08-01,Norte,AM,Manaus,78924,65235,55.7,828.17,193131632.64,11,20.8,Alta
2021,8,2021-08-01,Norte,PA,Belém,191572,60522,62.64,1181.19,164895084.82,8,27.5,Alta
2021,8,2021-08-01,Norte,PA,Santarém,454228,47978,84.53,828.9,110431402.64,14,23.9,Alta
2021,8,2021-08-01,Norte,RO,Porto Velho,345894,6857,44.65,995.61,117345096.8,4,18.4,Baixa
2021,8,2021-08-01,Norte,TO,Palmas,342245,2562,49.51,342.86,5087060.95,10,23.2,Baixa
2021,8,2021-08-01,Nordeste,BA,Salvador,332814,15709,63.0,204.84,74233544.25,11,30.3,Alta
2021,8,2021-08-01,Nordeste,BA,Feira de Santana,192550,33710,36.93,778.26,147478967.37,8,25.2,Baixa
2021,8,2021-08-01,Nordeste,PE,Recife,227592,52296,46.46,391.8,197597580.3,13,30.0,Alta
2021,8,2021-08-01,Nordeste,PE,Jaboatão dos Guararapes,304251,35330,35.79,1066.05,140400911.16,8,32.3,Média
2021,8,2021-08-01,Nordeste,CE,Fortaleza,326878,60402,62.15,319.6,5979040.78,8,18.7,Média
2021,8,2021-08-01,Nordeste,CE,Juazeiro do Norte,250800,27622,42.3,238.95,55243464.57,13,25.7,Média
2021,8,2021-08-01,Nordeste,MA,São Luís,131024,29560,25.55,796.28,95134049.61,14,24.3,Média
2021,8,2021-08-01,Nordeste,PB,João Pessoa,435678,21267,65.21,983.17,197938189.03,6,18.9,Alta
2021,8,2021-08-01,Centro-Oeste,DF,Brasília,67277,57436,59.02,619.59,152357935.75,16,21.5,Alta
2021,8,2021-08-01,Centro-Oeste,GO,Goiânia,401387,11262,73.61,661.76,109393781.44,8,20.7,Média
2021,8,2021-08-01,Centro-Oeste,GO,Aparecida de Goiânia,396898,28446,71.54,455.95,57432029.78,11,25.5,Média
2021,8,2021-08-01,Centro-Oeste,MT,Cuiabá,48007,62149,89.45,649.43,192428201.3,6,28.8,Baixa
2021,8,2021-08-01,Centro-Oeste,MS,Campo Grande,464918,64830,30.85,643.77,119248899.67,6,30.7,Baixa
2021,8,2021-08-01,Sudeste,SP,São Paulo,418821,27138,72.1,640.35,48978216.79,10,24.0,Baixa
2021,8,2021-08-01,Sudeste,SP,Campinas,369351,62423,30.14,233.1,79085897.95,14,16.6,Alta
2021,8,2021-08-01,Sudeste,SP,Ribeirão Preto,147399,34702,64.36,752.09,17161238.26,8,21.7,Alta
2021,8,2021-08-01,Sudeste,RJ,Rio de Janeiro,214977,62037,69.12,336.74,91539818.0,16,24.0,Média
2021,8,2021-08-01,Sudeste,RJ,Niterói,317034,29051,42.55,857.56,139124162.86,2,26.2,Média
2021,8,2021-08-01,Sudeste,RJ,Nova Iguaçu,418414,76318,25.48,1169.64,144707606.02,13,23.2,Alta
2021,8,2021-08-01,Sudeste,RJ,Petrópolis,243311,72202,73.63,335.07,167208401.07,15,21.5,Média
2021,8,2021-08-01,Sudeste,MG,Belo Horizonte,67139,38653,82.35,422.68,82634589.28,11,24.7,Média
2021,8,2021-08-01,Sudeste,MG,Uberlândia,344225,3114,35.76,443.93,171681395.65,7,24.6,Baixa
2021,8,2021-08-01,Sudeste,MG,Juiz de Fora,448789,44515,75.88,586.53,93378122.64,9,25.9,Alta
2021,8,2021-08-01,Sudeste,ES,Vitória,424078,69777,81.21,1026.94,8068869.68,10,28.3,Baixa
2021,8,2021-08-01,Sudeste,ES,Vila Velha,488300,48037,92.97,921.74,62994998.14,11,27.5,Alta
2021,8,2021-08-01,Sudeste,ES,Serra,126223,16144,69.91,763.05,16516126.26,7,30.0,Baixa
2021,8,2021-08-01,Sul,PR,Curitiba,435875,4593,41.53,654.12,99152116.36,7,24.7,Alta
2021,8,2021-08-01,Sul,PR,Londrina,303972,77689,63.89,1075.82,42537347.77,11,28.3,Alta
2021,8,2021-08-01,Sul,SC,Florianópolis,428705,16496,53.17,547.89,171912960.49,10,23.4,Média
2021,8,2021-08-01,Sul,SC,Joinville,449076,3306,79.37,1135.15,187114738.58,12,23.5,Alta
2021,8,2021-08-01,Sul,RS,Porto Alegre,18913,12988,80.53,275.33,81876141.26,12,22.0,Baixa
2021,8,2021-08-01,Sul,RS,Caxias do Sul,276458,14854,44.08,282.78,157404086.15,15,26.0,Alta
2021,9,2021-09-01,Norte,AM,Manaus,49577,44070,85.02,1053.38,152303038.21,16,20.3,Média
2021,9,2021-09-01,Norte,PA,Belém,52191,64391,38.39,482.19,196856871.94,7,29.9,Média
2021,9,2021-09-01,Norte,PA,Santarém,432769,3260,72.13,384.44,66714551.66,11,23.9,Baixa
2021,9,2021-09-01,Norte,RO,Porto Velho,214395,9537,38.03,1083.07,18762513.9,8,23.5,Alta
2021,9,2021-09-01,Norte,TO,Palmas,86145,3490,93.47,475.06,71345883.19,10,27.7,Média
2021,9,2021-09-01,Nordeste,BA,Salvador,293129,23754,68.18,561.77,136415898.93,10,30.1,Baixa
2021,9,2021-09-01,Nordeste,BA,Feira de Santana,241413,10304,36.48,840.97,48085991.51,10,27.1,Alta
2021,9,2021-09-01,Nordeste,PE,Recife,473127,68036,87.96,428.38,36832896.51,9,25.7,Alta
2021,9,2021-09-01,Nordeste,PE,Jaboatão dos Guararapes,367930,77234,41.52,1147.02,52820386.09,7,20.0,Média
2021,9,2021-09-01,Nordeste,CE,Fortaleza,243873,55372,71.71,817.75,88620664.62,13,20.0,Alta
2021,9,2021-09-01,Nordeste,CE,Juazeiro do Norte,29285,18683,49.59,1093.33,13164889.25,6,25.5,Média
2021,9,2021-09-01,Nordeste,MA,São Luís,36587,21896,59.8,369.76,162266153.75,9,22.4,Alta
2021,9,2021-09-01,Nordeste,PB,João Pessoa,477491,20199,36.85,687.85,151305434.61,16,21.2,Média
2021,9,2021-09-01,Centro-Oeste,DF,Brasília,127867,72068,69.16,526.38,27934900.44,8,27.0,Alta
2021,9,2021-09-01,Centro-Oeste,GO,Goiânia,306326,44308,83.02,839.62,105772225.43,7,28.7,Baixa
2021,9,2021-09-01,Centro-Oeste,GO,Aparecida de Goiânia,345894,19872,67.5,1114.28,176901563.41,10,26.1,Alta
2021,9,2021-09-01,Centro-Oeste,MT,Cuiabá,411828,14516,46.87,583.96,88033894.76,9,17.2,Alta
2021,9,2021-09-01,Centro-Oeste,MS,Campo Grande,404993,6103,48.25,481.31,108527193.25,7,29.7,Alta
2021,9,2021-09-01,Sudeste,SP,São Paulo,32024,14293,54.72,522.02,108134435.55,7,23.6,Alta
2021,9,2021-09-01,Sudeste,SP,Campinas,336470,58449,68.83,530.25,100641226.91,3,25.3,Média
2021,9,2021-09-01,Sudeste,SP,Ribeirão Preto,288613,28449,85.6,188.38,196211718.6,17,24.2,Baixa
2021,9,2021-09-01,Sudeste,RJ,Rio de Janeiro,389338,50701,94.7,642.02,50758120.06,12,26.5,Alta
2021,9,2021-09-01,Sudeste,RJ,Niterói,141184,10835,54.96,314.7,23701874.03,7,24.3,Baixa
2021,9,2021-09-01,Sudeste,RJ,Nova Iguaçu,381207,7659,30.21,353.52,191226952.88,9,19.0,Baixa
2021,9,2021-09-01,Sudeste,RJ,Petrópolis,155043,29828,79.65,352.6,37262927.73,10,23.7,Baixa
2021,9,2021-09-01,Sudeste,MG,Belo Horizonte,140889,42740,80.99,528.63,87407247.18,6,28.3,Alta
2021,9,2021-09-01,Sudeste,MG,Uberlândia,327462,69563,61.21,760.27,29828294.46,9,22.2,Baixa
2021,9,2021-09-01,Sudeste,MG,Juiz de Fora,431231,66836,53.29,685.1,89517445.55,8,26.3,Média
2021,9,2021-09-01,Sudeste,ES,Vitória,300077,49641,56.86,660.07,4961508.31,7,24.5,Alta
2021,9,2021-09-01,Sudeste,ES,Vila Velha,113207,26599,33.51,252.48,49778837.54,7,24.8,Média
2021,9,2021-09-01,Sudeste,ES,Serra,191898,54862,59.9,150.01,39521593.2,14,19.4,Alta
2021,9,2021-09-01,Sul,PR,Curitiba,94887,25585,84.59,887.77,168860389.66,9,27.9,Alta
2021,9,2021-09-01,Sul,PR,Londrina,319184,28359,89.08,693.87,11872181.84,9,25.3,Baixa
2021,9,2021-09-01,Sul,SC,Florianópolis,190424,26493,51.49,1077.02,130092241.02,12,26.3,Média
2021,9,2021-09-01,Sul,SC,Joinville,82743,30398,44.6,626.42,65546313.07,9,25.6,Alta
2021,9,2021-09-01,Sul,RS,Porto Alegre,397692,69217,84.75,388.4,98662661.02,13,24.7,Média
2021,9,2021-09-01,Sul,RS,Caxias do Sul,394096,17218,41.05,1055.08,90572485.54,8,22.5,Média
2021,10,2021-10-01,Norte,AM,Manaus,420085,2143,45.69,870.28,27354567.48,7,20.5,Baixa
2021,10,2021-10-01,Norte,PA,Belém,251914,44165,64.04,169.92,169273269.78,13,25.3,Média
2021,10,2021-10-01,Norte,PA,Santarém,316197,36669,68.78,911.33,153129915.15,16,33.9,Média
2021,10,2021-10-01,Norte,RO,Porto Velho,249450,36526,42.77,181.41,27333372.87,7,23.7,Baixa
2021,10,2021-10-01,Norte,TO,Palmas,284886,61177,36.42,758.77,60355670.79,6,27.4,Alta
2021,10,2021-10-01,Nordeste,BA,Salvador,340994,19933,41.17,472.23,17804722.79,6,23.7,Alta
2021,10,2021-10-01,Nordeste,BA,Feira de Santana,189299,16494,73.16,1139.41,126896260.68,11,29.0,Baixa
2021,10,2021-10-01,Nordeste,PE,Recife,145381,48052,78.95,869.45,12410780.65,14,22.5,Média
2021,10,2021-10-01,Nordeste,PE,Jaboatão dos Guararapes,146378,62357,31.53,153.78,116643776.51,6,20.0,Baixa
2021,10,2021-10-01,Nordeste,CE,Fortaleza,125533,42220,50.75,1078.68,33312293.09,11,15.6,Baixa
2021,10,2021-10-01,Nordeste,CE,Juazeiro do Norte,418252,17503,27.04,403.42,19537330.89,9,28.0,Alta
2021,10,2021-10-01,Nordeste,MA,São Luís,287303,4873,76.52,167.77,61617324.0,9,31.3,Alta
2021,10,2021-10-01,Nordeste,PB,João Pessoa,246500,28080,70.65,740.64,82228406.36,6,26.0,Alta
2021,10,2021-10-01,Centro-Oeste,DF,Brasília,490061,52451,85.08,778.76,9741185.16,9,27.1,Baixa
2021,10,2021-10-01,Centro-Oeste,GO,Goiânia,163055,59345,42.2,405.91,34919332.27,9,22.8,Alta
2021,10,2021-10-01,Centro-Oeste,GO,Aparecida de Goiânia,487770,57436,64.59,196.28,123404996.34,12,22.2,Alta
2021,10,2021-10-01,Centro-Oeste,MT,Cuiabá,295034,54097,60.64,197.04,113979847.63,12,30.0,Baixa
2021,10,2021-10-01,Centro-Oeste,MS,Campo Grande,238895,4032,39.01,345.59,79082856.2,6,18.7,Alta
2021,10,2021-10-01,Sudeste,SP,São Paulo,161917,45431,28.47,773.12,31679073.56,12,30.5,Alta
2021,10,2021-10-01,Sudeste,SP,Campinas,315366,65109,38.25,1054.9,17593001.07,11,26.7,Alta
2021,10,2021-10-01,Sudeste,SP,Ribeirão Preto,357542,31282,32.44,303.53,164735853.77,6,22.9,Baixa
2021,10,2021-10-01,Sudeste,RJ,Rio de Janeiro,49026,76777,76.57,311.47,40094881.79,9,27.6,Alta
2021,10,2021-10-01,Sudeste,RJ,Niterói,442416,55085,45.33,306.11,3990264.11,13,21.7,Média
2021,10,2021-10-01,Sudeste,RJ,Nova Iguaçu,196347,63298,60.42,967.17,107319648.77,6,22.6,Alta
2021,10,2021-10-01,Sudeste,RJ,Petrópolis,183827,46599,62.93,991.57,34675872.63,9,24.0,Média
2021,10,2021-10-01,Sudeste,MG,Belo Horizonte,283938,70271,68.44,666.64,95797962.52,5,19.5,Alta
2021,10,2021-10-01,Sudeste,MG,Uberlândia,145596,53411,91.41,368.63,119702250.75,11,20.7,Média
2021,10,2021-10-01,Sudeste,MG,Juiz de Fora,184931,9219,79.07,906.65,91001092.85,10,24.6,Alta
2021,10,2021-10-01,Sudeste,ES,Vitória,156939,12287,56.43,323.35,69421586.28,9,25.4,Baixa
2021,10,2021-10-01,Sudeste,ES,Vila Velha,150075,13102,53.38,981.13,33890407.41,5,25.6,Média
2021,10,2021-10-01,Sudeste,ES,Serra,233561,54870,43.36,1199.8,30642549.08,12,27.1,Média
2021,10,2021-10-01,Sul,PR,Curitiba,213472,15146,77.17,855.33,103834659.72,13,32.6,Média
2021,10,2021-10-01,Sul,PR,Londrina,185166,59335,42.09,405.61,49905753.96,15,27.3,Média
2021,10,2021-10-01,Sul,SC,Florianópolis,448153,22167,39.42,858.39,107593998.87,13,18.1,Baixa
2021,10,2021-10-01,Sul,SC,Joinville,118280,49358,69.54,333.43,91327496.83,9,26.1,Alta
2021,10,2021-10-01,Sul,RS,Porto Alegre,438469,13021,37.29,1113.25,197661194.63,4,32.6,Baixa
2021,10,2021-10-01,Sul,RS,Caxias do Sul,97500,58653,62.3,219.03,114032733.91,7,28.5,Média
2021,11,2021-11-01,Norte,AM,Manaus,385476,3740,65.09,840.83,31369741.35,13,20.5,Alta
2021,11,2021-11-01,Norte,PA,Belém,287531,36947,42.84,708.19,63068079.48,13,22.7,Média
2021,11,2021-11-01,Norte,PA,Santarém,109688,27019,63.6,198.35,36260372.45,12,26.7,Baixa
2021,11,2021-11-01,Norte,RO,Porto Velho,149017,43990,29.83,620.57,19786446.78,16,25.8,Alta
2021,11,2021-11-01,Norte,TO,Palmas,168888,9329,64.11,1114.58,151566297.81,10,22.0,Baixa
2021,11,2021-11-01,Nordeste,BA,Salvador,446025,31740,70.1,1113.51,152412922.2,6,30.3,Baixa
2021,11,2021-11-01,Nordeste,BA,Feira de Santana,401415,2394,55.92,330.76,33319232.75,8,25.6,Alta
2021,11,2021-11-01,Nordeste,PE,Recife,277728,70497,82.79,178.27,34294320.66,6,22.4,Alta
2021,11,2021-11-01,Nordeste,PE,Jaboatão dos Guararapes,429723,5442,53.08,176.85,157563156.09,9,24.7,Média
2021,11,2021-11-01,Nordeste,CE,Fortaleza,93020,19775,33.49,834.26,57080746.56,11,31.5,Alta
2021,11,2021-11-01,Nordeste,CE,Juazeiro do Norte,488187,34967,62.04,930.92,39214321.64,10,31.3,Alta
2021,11,2021-11-01,Nordeste,MA,São Luís,237795,10544,80.31,494.74,123832976.9,8,14.1,Baixa
2021,11,2021-11-01,Nordeste,PB,João Pessoa,484391,62131,94.69,739.07,75611383.54,6,28.5,Média
2021,11,2021-11-01,Centro-Oeste,DF,Brasília,353018,12947,84.55,474.51,89415240.29,12,21.6,Média
2021,11,2021-11-01,Centro-Oeste,GO,Goiânia,81884,19025,51.21,678.0,182464455.39,12,32.0,Média
2021,11,2021-11-01,Centro-Oeste,GO,Aparecida de Goiânia,103806,63492,94.02,368.18,48354119.93,11,21.6,Baixa
2021,11,2021-11-01,Centro-Oeste,MT,Cuiabá,176275,65747,53.79,1027.71,153908878.95,8,28.8,Média
2021,11,2021-11-01,Centro-Oeste,MS,Campo Grande,369474,59903,25.44,696.93,108629390.73,17,30.1,Alta
2021,11,2021-11-01,Sudeste,SP,São Paulo,102749,46788,51.89,991.18,35395615.59,9,22.3,Alta
2021,11,2021-11-01,Sudeste,SP,Campinas,240646,78348,83.68,803.83,54608841.29,12,26.2,Baixa
2021,11,2021-11-01,Sudeste,SP,Ribeirão Preto,100388,5701,52.64,350.18,125625962.8,7,28.0,Média
2021,11,2021-11-01,Sudeste,RJ,Rio de Janeiro,385232,1675,69.14,726.89,134955893.17,6,21.8,Baixa
2021,11,2021-11-01,Sudeste,RJ,Niterói,397797,2215,42.51,1105.37,112415606.04,6,17.0,Alta
2021,11,2021-11-01,Sudeste,RJ,Nova Iguaçu,180412,29116,77.64,156.97,128435299.59,12,21.6,Baixa
2021,11,2021-11-01,Sudeste,RJ,Petrópolis,230552,14017,67.13,786.02,127042860.05,10,21.8,Baixa
2021,11,2021-11-01,Sudeste,MG,Belo Horizonte,391823,43676,38.76,196.27,62134814.73,8,27.0,Média
2021,11,2021-11-01,Sudeste,MG,Uberlândia,458826,7713,52.63,285.81,166925143.75,11,22.3,Média
2021,11,2021-11-01,Sudeste,MG,Juiz de Fora,316873,78412,65.36,557.04,176992830.56,13,33.2,Média
2021,11,2021-11-01,Sudeste,ES,Vitória,111907,72635,91.02,707.51,124530078.17,14,29.7,Baixa
2021,11,2021-11-01,Sudeste,ES,Vila Velha,111016,29393,31.28,880.9,113191815.58,9,26.4,Baixa
2021,11,2021-11-01,Sudeste,ES,Serra,326926,28642,31.99,402.23,88329237.55,6,23.3,Média
2021,11,2021-11-01,Sul,PR,Curitiba,494485,60658,81.65,196.09,24187858.0,10,20.5,Alta
2021,11,2021-11-01,Sul,PR,Londrina,175252,12502,41.46,230.21,9606311.39,11,28.4,Média
2021,11,2021-11-01,Sul,SC,Florianópolis,31916,34501,94.74,323.97,100860369.45,10,23.6,Alta
2021,11,2021-11-01,Sul,SC,Joinville,23318,11575,78.85,288.18,136067325.74,3,28.9,Baixa
2021,11,2021-11-01,Sul,RS,Porto Alegre,40038,56130,41.45,455.9,186087921.33,8,25.5,Alta
2021,11,2021-11-01,Sul,RS,Caxias do Sul,84765,39697,90.62,494.75,100311211.5,8,26.4,Alta
2021,12,2021-12-01,Norte,AM,Manaus,223905,57637,50.35,900.08,179510666.39,13,23.8,Média
2021,12,2021-12-01,Norte,PA,Belém,321989,15805,52.29,1015.66,19701337.96,18,24.5,Alta
2021,12,2021-12-01,Norte,PA,Santarém,268527,48704,36.98,154.09,47721457.04,9,24.0,Média
2021,12,2021-12-01,Norte,RO,Porto Velho,402382,6018,87.34,289.91,10865330.87,9,27.6,Média
2021,12,2021-12-01,Norte,TO,Palmas,471834,3465,52.61,617.69,3608328.95,9,27.9,Alta
2021,12,2021-12-01,Nordeste,BA,Salvador,71823,37629,53.58,1114.58,180343824.23,5,24.0,Média
2021,12,2021-12-01,Nordeste,BA,Feira de Santana,478974,63066,90.97,255.01,52436185.14,13,24.4,Alta
2021,12,2021-12-01,Nordeste,PE,Recife,83739,12564,89.72,388.45,30402082.36,16,24.0,Baixa
2021,12,2021-12-01,Nordeste,PE,Jaboatão dos Guararapes,97463,50190,34.88,1051.9,52672469.29,11,31.6,Baixa
2021,12,2021-12-01,Nordeste,CE,Fortaleza,116675,13371,63.42,564.68,3613956.83,12,25.7,Alta
2021,12,2021-12-01,Nordeste,CE,Juazeiro do Norte,161992,72079,57.06,173.0,179403163.04,5,20.4,Baixa
2021,12,2021-12-01,Nordeste,MA,São Luís,174418,69131,62.27,799.01,101747922.05,6,27.4,Baixa
2021,12,2021-12-01,Nordeste,PB,João Pessoa,405706,29439,63.53,1066.43,72793767.21,10,21.0,Alta
2021,12,2021-12-01,Centro-Oeste,DF,Brasília,79452,65722,40.52,982.11,19067732.29,17,26.0,Média
2021,12,2021-12-01,Centro-Oeste,GO,Goiânia,155822,66506,72.93,394.36,100107850.76,12,20.6,Baixa
2021,12,2021-12-01,Centro-Oeste,GO,Aparecida de Goiânia,426064,75444,69.43,208.69,153146230.29,6,28.0,Alta
2021,12,2021-12-01,Centro-Oeste,MT,Cuiabá,474225,54176,34.14,353.38,107497271.5,7,28.9,Média
2021,12,2021-12-01,Centro-Oeste,MS,Campo Grande,148254,30910,31.74,571.75,121187949.51,12,30.0,Média
2021,12,2021-12-01,Sudeste,SP,São Paulo,91048,8069,37.41,682.42,129351798.98,10,22.2,Média
2021,12,2021-12-01,Sudeste,SP,Campinas,426741,21594,38.67,922.88,6211764.03,11,24.4,Média
2021,12,2021-12-01,Sudeste,SP,Ribeirão Preto,230921,24246,32.12,854.23,79426797.63,10,24.3,Média
2021,12,2021-12-01,Sudeste,RJ,Rio de Janeiro,478619,1257,57.23,707.16,86590708.77,8,18.2,Baixa
2021,12,2021-12-01,Sudeste,RJ,Niterói,39844,38096,43.84,1137.27,18890879.26,9,26.2,Alta
2021,12,2021-12-01,Sudeste,RJ,Nova Iguaçu,40738,31628,64.95,353.73,120464022.64,8,24.4,Média
2021,12,2021-12-01,Sudeste,RJ,Petrópolis,488252,12541,67.56,921.27,186104976.32,9,17.7,Alta
2021,12,2021-12-01,Sudeste,MG,Belo Horizonte,83116,53702,50.75,320.9,198747130.52,8,16.1,Média
2021,12,2021-12-01,Sudeste,MG,Uberlândia,419411,21433,64.91,558.87,192683100.38,4,37.6,Baixa
2021,12,2021-12-01,Sudeste,MG,Juiz de Fora,298226,27145,63.79,169.65,67926942.66,7,28.0,Média
2021,12,2021-12-01,Sudeste,ES,Vitória,18849,49984,42.33,1081.38,166835768.35,7,20.9,Média
2021,12,2021-12-01,Sudeste,ES,Vila Velha,476550,55504,94.92,860.03,127237507.05,9,25.3,Média
2021,12,2021-12-01,Sudeste,ES,Serra,54214,64421,63.02,963.95,120316451.78,12,27.3,Média
2021,12,2021-12-01,Sul,PR,Curitiba,285511,41185,36.23,958.37,170152117.19,14,33.8,Média
2021,12,2021-12-01,Sul,PR,Londrina,273831,24073,56.51,832.72,109656907.64,13,19.3,Baixa
2021,12,2021-12-01,Sul,SC,Florianópolis,318935,15485,34.2,682.11,37456352.63,16,24.5,Média
2021,12,2021-12-01,Sul,SC,Joinville,54321,47260,82.82,431.62,87789002.24,8,20.5,Média
2021,12,2021-12-01,Sul,RS,Porto Alegre,210905,69519,91.0,749.26,4036859.45,12,20.7,Média
2021,12,2021-12-01,Sul,RS,Caxias do Sul,85939,6330,70.26,383.4,26587651.94,12,35.6,Média
2022,1,2022-01-01,Norte,AM,Manaus,232767,19311,46.46,202.13,97413115.79,8,23.8,Baixa
2022,1,2022-01-01,Norte,PA,Belém,466906,61311,43.89,1092.89,173780758.75,11,24.7,Média
2022,1,2022-01-01,Norte,PA,Santarém,122658,6944,94.81,717.64,125690201.24,18,28.2,Baixa
2022,1,2022-01-01,Norte,RO,Porto Velho,273590,29137,80.77,232.07,99734758.73,19,24.0,Baixa
2022,1,2022-01-01,Norte,TO,Palmas,322086,59361,69.55,204.37,103492175.71,11,17.8,Média
2022,1,2022-01-01,Nordeste,BA,Salvador,480737,10425,58.9,592.23,61557266.11,5,20.6,Média
2022,1,2022-01-01,Nordeste,BA,Feira de Santana,34352,39733,83.14,1033.62,86617275.55,11,26.9,Baixa
2022,1,2022-01-01,Nordeste,PE,Recife,45062,52585,50.98,463.85,141708450.82,8,22.9,Alta
2022,1,2022-01-01,Nordeste,PE,Jaboatão dos Guararapes,295880,66593,68.66,857.36,71603085.67,15,21.5,Baixa
2022,1,2022-01-01,Nordeste,CE,Fortaleza,384485,55602,93.94,1119.16,151851627.68,10,26.7,Alta
2022,1,2022-01-01,Nordeste,CE,Juazeiro do Norte,429657,22231,81.69,646.45,26548386.2,11,22.7,Baixa
2022,1,2022-01-01,Nordeste,MA,São Luís,171576,55320,46.12,166.82,83834794.19,9,25.7,Baixa
2022,1,2022-01-01,Nordeste,PB,João Pessoa,245777,73116,32.53,750.71,98148403.03,9,23.6,Alta
2022,1,2022-01-01,Centro-Oeste,DF,Brasília,498389,49600,80.05,625.15,41135261.81,13,21.8,Baixa
2022,1,2022-01-01,Centro-Oeste,GO,Goiânia,191066,68727,72.97,154.89,175143513.93,7,21.2,Alta
2022,1,2022-01-01,Centro-Oeste,GO,Aparecida de Goiânia,96578,52850,61.15,530.52,92854416.98,8,17.7,Média
2022,1,2022-01-01,Centro-Oeste,MT,Cuiabá,151150,11041,71.76,881.09,184555765.71,11,25.7,Baixa
2022,1,2022-01-01,Centro-Oeste,MS,Campo Grande,496355,69629,73.91,1175.56,190882663.89,8,22.9,Baixa
2022,1,2022-01-01,Sudeste,SP,São Paulo,241448,26616,43.11,399.11,80824365.76,11,25.9,Média
2022,1,2022-01-01,Sudeste,SP,Campinas,203254,38807,61.36,243.65,126287551.13,9,23.3,Baixa
2022,1,2022-01-01,Sudeste,SP,Ribeirão Preto,183362,47117,39.15,505.21,151240419.13,5,25.7,Alta
2022,1,2022-01-01,Sudeste,RJ,Rio de Janeiro,18474,28606,42.45,818.39,174533224.82,8,32.4,Média
2022,1,2022-01-01,Sudeste,RJ,Niterói,192490,25124,33.86,404.1,100689688.58,10,18.3,Média
2022,1,2022-01-01,Sudeste,RJ,Nova Iguaçu,145752,46442,70.4,1125.4,82820103.18,15,20.6,Alta
2022,1,2022-01-01,Sudeste,RJ,Petrópolis,361679,18728,35.12,750.41,101375788.12,8,32.6,Baixa
2022,1,2022-01-01,Sudeste,MG,Belo Horizonte,466094,35781,68.73,811.04,182065487.77,11,27.3,Baixa
2022,1,2022-01-01,Sudeste,MG,Uberlândia,124942,4981,60.31,393.02,191914202.43,11,24.8,Alta
2022,1,2022-01-01,Sudeste,MG,Juiz de Fora,311416,2130,66.71,1104.54,36092418.14,12,27.0,Baixa
2022,1,2022-01-01,Sudeste,ES,Vitória,493225,11947,90.85,1070.15,175793064.94,8,26.4,Alta
2022,1,2022-01-01,Sudeste,ES,Vila Velha,371057,11639,61.62,1003.86,1202824.59,10,25.9,Média
2022,1,2022-01-01,Sudeste,ES,Serra,316065,43409,58.65,914.58,61358316.7,5,23.7,Média
2022,1,2022-01-01,Sul,PR,Curitiba,469778,1030,87.15,1082.42,197286658.23,9,24.0,Alta
2022,1,2022-01-01,Sul,PR,Londrina,30749,64434,62.55,644.24,103707823.8,11,19.3,Média
2022,1,2022-01-01,Sul,SC,Florianópolis,259162,61334,87.91,957.83,101951194.16,6,32.2,Baixa
2022,1,2022-01-01,Sul,SC,Joinville,190279,71733,50.63,549.62,1874438.11,17,24.8,Baixa
2022,1,2022-01-01,Sul,RS,Porto Alegre,156149,7397,55.25,1056.13,195668993.04,8,23.8,Baixa
2022,1,2022-01-01,Sul,RS,Caxias do Sul,112910,30094,34.31,757.93,31466176.0,6,26.6,Baixa
2022,2,2022-02-01,Norte,AM,Manaus,412659,23217,56.99,216.86,80700720.95,8,29.1,Baixa
2022,2,2022-02-01,Norte,PA,Belém,386904,35600,87.67,981.45,74868950.73,11,27.4,Alta
2022,2,2022-02-01,Norte,PA,Santarém,327377,4701,78.2,824.84,96336543.48,10,26.8,Média
2022,2,2022-02-01,Norte,RO,Porto Velho,463517,49097,72.73,609.1,139131581.67,14,28.9,Baixa
2022,2,2022-02-01,Norte,TO,Palmas,50235,6882,85.22,441.8,181358767.42,6,33.0,Média
2022,2,2022-02-01,Nordeste,BA,Salvador,340788,26666,40.3,548.84,36731614.4,12,27.0,Alta
2022,2,2022-02-01,Nordeste,BA,Feira de Santana,449305,43739,35.72,1019.94,102865284.51,6,26.3,Baixa
2022,2,2022-02-01,Nordeste,PE,Recife,236664,33991,61.48,265.87,41534811.29,7,22.6,Média
2022,2,2022-02-01,Nordeste,PE,Jaboatão dos Guararapes,219456,27798,64.81,436.79,181404853.63,10,22.1,Média
2022,2,2022-02-01,Nordeste,CE,Fortaleza,163221,14195,77.15,597.18,156430255.8,4,23.5,Baixa
2022,2,2022-02-01,Nordeste,CE,Juazeiro do Norte,322596,40881,45.86,962.64,85388567.9,10,24.6,Alta
2022,2,2022-02-01,Nordeste,MA,São Luís,351578,22871,80.07,704.84,191461720.37,14,19.5,Média
2022,2,2022-02-01,Nordeste,PB,João Pessoa,61694,24600,36.06,1048.08,50580740.27,2,18.8,Média
2022,2,2022-02-01,Centro-Oeste,DF,Brasília,224438,1112,91.1,178.33,86657702.21,11,28.1,Baixa
2022,2,2022-02-01,Centro-Oeste,GO,Goiânia,26175,39014,61.75,496.42,59483285.73,10,35.0,Baixa
2022,2,2022-02-01,Centro-Oeste,GO,Aparecida de Goiânia,379147,29208,44.54,268.1,187014861.14,14,33.1,Baixa
2022,2,2022-02-01,Centro-Oeste,MT,Cuiabá,268634,22262,42.4,606.22,34290677.16,2,27.5,Baixa
2022,2,2022-02-01,Centro-Oeste,MS,Campo Grande,444422,2555,85.33,914.6,109639836.55,15,23.8,Baixa
2022,2,2022-02-01,Sudeste,SP,São Paulo,234620,59539,35.8,1017.91,70533479.78,9,22.4,Média
2022,2,2022-02-01,Sudeste,SP,Campinas,22050,23032,71.79,1197.95,72453889.49,5,24.3,Baixa
2022,2,2022-02-01,Sudeste,SP,Ribeirão Preto,492758,61114,55.09,854.16,194145825.47,14,30.0,Alta
2022,2,2022-02-01,Sudeste,RJ,Rio de Janeiro,411390,29951,90.06,781.12,44600952.59,10,26.1,Média
2022,2,2022-02-01,Sudeste,RJ,Niterói,78271,26072,75.97,1091.29,29083974.38,16,28.6,Alta
2022,2,2022-02-01,Sudeste,RJ,Nova Iguaçu,395778,8758,84.93,1105.13,176429935.28,5,25.1,Baixa
2022,2,2022-02-01,Sudeste,RJ,Petrópolis,499700,33346,27.34,1135.19,105304888.03,14,26.9,Alta
2022,2,2022-02-01,Sudeste,MG,Belo Horizonte,188340,7517,77.81,210.13,31258248.64,8,22.3,Média
2022,2,2022-02-01,Sudeste,MG,Uberlândia,103738,63400,35.09,940.17,192126193.13,16,20.1,Média
2022,2,2022-02-01,Sudeste,MG,Juiz de Fora,182976,73070,29.19,720.7,5395958.53,13,22.1,Alta
2022,2,2022-02-01,Sudeste,ES,Vitória,364454,45099,89.05,1088.44,74454355.22,9,23.7,Média
2022,2,2022-02-01,Sudeste,ES,Vila Velha,307595,40962,31.96,444.94,171766366.5,4,25.2,Alta
2022,2,2022-02-01,Sudeste,ES,Serra,472843,78457,49.49,564.92,61199458.12,8,23.9,Baixa
2022,2,2022-02-01,Sul,PR,Curitiba,179806,57099,36.02,894.58,88892578.71,6,29.5,Alta
2022,2,2022-02-01,Sul,PR,Londrina,284689,25549,81.91,1038.83,122653956.61,12,29.5,Média
2022,2,2022-02-01,Sul,SC,Florianópolis,371042,77309,38.64,765.48,148458964.87,9,21.4,Média
2022,2,2022-02-01,Sul,SC,Joinville,363386,12316,60.84,853.02,6063332.01,12,23.7,Média
2022,2,2022-02-01,Sul,RS,Porto Alegre,259010,31672,80.85,316.14,26081003.32,8,16.6,Média
2022,2,2022-02-01,Sul,RS,Caxias do Sul,451811,39709,46.08,377.32,42877916.47,9,23.5,Média
2022,3,2022-03-01,Norte,AM,Manaus,463874,2703,53.6,630.31,90336503.7,6,29.5,Alta
2022,3,2022-03-01,Norte,PA,Belém,30984,37622,44.37,421.75,108414556.11,12,26.4,Alta
2022,3,2022-03-01,Norte,PA,Santarém,165007,48874,90.22,1115.96,168734042.5,9,29.9,Alta
2022,3,2022-03-01,Norte,RO,Porto Velho,37383,79306,90.55,322.62,172667994.19,9,25.1,Alta
2022,3,2022-03-01,Norte,TO,Palmas,302004,3485,38.62,1194.75,42549722.2,9,16.5,Média
2022,3,2022-03-01,Nordeste,BA,Salvador,279627,43710,58.98,423.55,103101435.44,9,18.9,Alta
2022,3,2022-03-01,Nordeste,BA,Feira de Santana,189380,24604,46.08,368.18,52035060.27,11,27.0,Alta
2022,3,2022-03-01,Nordeste,PE,Recife,438588,72134,89.09,597.8,99225860.17,12,22.3,Alta
2022,3,2022-03-01,Nordeste,PE,Jaboatão dos Guararapes,141613,12527,40.32,282.73,46322979.36,9,25.2,Média
2022,3,2022-03-01,Nordeste,CE,Fortaleza,281319,3218,49.53,832.41,164852870.43,6,27.4,Média
2022,3,2022-03-01,Nordeste,CE,Juazeiro do Norte,140685,48196,54.47,383.88,29291706.98,9,35.1,Média
2022,3,2022-03-01,Nordeste,MA,São Luís,475731,39802,77.98,698.99,110909676.41,9,26.4,Média
2022,3,2022-03-01,Nordeste,PB,João Pessoa,179325,64165,47.88,600.93,153898560.83,11,26.3,Alta
2022,3,2022-03-01,Centro-Oeste,DF,Brasília,134529,67216,51.07,486.49,82406955.25,13,26.1,Alta
2022,3,2022-03-01,Centro-Oeste,GO,Goiânia,398150,38387,66.87,1162.15,30000650.41,23,24.8,Alta
2022,3,2022-03-01,Centro-Oeste,GO,Aparecida de Goiânia,293507,59921,46.9,284.62,30766644.72,11,23.8,Média
2022,3,2022-03-01,Centro-Oeste,MT,Cuiabá,46824,5778,94.07,425.83,153297074.63,14,22.7,Alta
2022,3,2022-03-01,Centro-Oeste,MS,Campo Grande,186600,77193,80.12,845.34,171533717.08,7,19.4,Alta
2022,3,2022-03-01,Sudeste,SP,São Paulo,369710,14564,65.47,635.44,75114719.04,8,24.8,Alta
2022,3,2022-03-01,Sudeste,SP,Campinas,31976,4862,34.99,1120.5,73826707.5,8,22.2,Alta
2022,3,2022-03-01,Sudeste,SP,Ribeirão Preto,233764,56999,82.48,297.03,135905482.02,7,31.0,Média
2022,3,2022-03-01,Sudeste,RJ,Rio de Janeiro,347681,4449,33.72,859.01,173920459.77,7,27.5,Alta
2022,3,2022-03-01,Sudeste,RJ,Niterói,385479,65334,62.11,718.65,26391194.56,12,28.2,Baixa
2022,3,2022-03-01,Sudeste,RJ,Nova Iguaçu,183473,24422,77.38,1065.43,5906049.54,10,22.6,Alta
2022,3,2022-03-01,Sudeste,RJ,Petrópolis,482165,29455,47.91,317.89,99233611.46,5,16.8,Média
2022,3,2022-03-01,Sudeste,MG,Belo Horizonte,277140,30440,80.41,966.73,122713459.87,9,20.3,Baixa
2022,3,2022-03-01,Sudeste,MG,Uberlândia,478231,49616,41.98,571.39,82613265.63,5,26.7,Média
2022,3,2022-03-01,Sudeste,MG,Juiz de Fora,244843,15958,74.97,719.04,130945514.43,9,23.7,Alta
2022,3,2022-03-01,Sudeste,ES,Vitória,62728,79244,85.15,251.62,97994339.89,11,21.2,Alta
2022,3,2022-03-01,Sudeste,ES,Vila Velha,258812,67215,37.58,503.99,160156724.91,11,28.0,Baixa
2022,3,2022-03-01,Sudeste,ES,Serra,430134,62495,51.5,826.67,159064803.84,9,23.9,Alta
2022,3,2022-03-01,Sul,PR,Curitiba,168751,23777,63.19,294.8,147152869.46,10,27.0,Alta
2022,3,2022-03-01,Sul,PR,Londrina,333303,37194,68.51,677.04,124188560.88,13,24.4,Baixa
2022,3,2022-03-01,Sul,SC,Florianópolis,330036,13416,55.78,589.86,43599173.65,17,29.5,Baixa
2022,3,2022-03-01,Sul,SC,Joinville,264952,35006,44.84,974.21,45861802.77,13,28.3,Média
2022,3,2022-03-01,Sul,RS,Porto Alegre,74631,26522,25.93,1006.21,149138318.92,5,29.1,Baixa
2022,3,2022-03-01,Sul,RS,Caxias do Sul,233536,4791,66.68,1145.48,107470650.98,12,17.7,Média
2022,4,2022-04-01,Norte,AM,Manaus,380672,32686,61.8,1014.33,60939172.68,8,32.3,Alta
2022,4,2022-04-01,Norte,PA,Belém,119578,62522,76.72,802.51,181613778.75,6,26.2,Alta
2022,4,2022-04-01,Norte,PA,Santarém,314416,74217,89.94,975.72,103754941.01,7,23.1,Alta
2022,4,2022-04-01,Norte,RO,Porto Velho,351348,66606,63.15,1127.68,18122862.23,12,33.6,Baixa
2022,4,2022-04-01,Norte,TO,Palmas,151214,22451,45.0,356.77,108861572.03,3,29.6,Baixa
2022,4,2022-04-01,Nordeste,BA,Salvador,35014,2878,64.63,1001.63,85049448.78,11,31.5,Baixa
2022,4,2022-04-01,Nordeste,BA,Feira de Santana,340272,58831,78.03,207.57,165677589.54,12,23.5,Alta
2022,4,2022-04-01,Nordeste,PE,Recife,243404,37050,71.78,667.62,180237710.98,9,28.9,Alta
2022,4,2022-04-01,Nordeste,PE,Jaboatão dos Guararapes,122449,32116,94.49,519.64,5640505.93,8,23.7,Baixa
2022,4,2022-04-01,Nordeste,CE,Fortaleza,23095,34466,59.02,984.7,156093889.84,13,23.3,Alta
2022,4,2022-04-01,Nordeste,CE,Juazeiro do Norte,492116,48464,52.19,1033.29,163722191.83,8,25.7,Média
2022,4,2022-04-01,Nordeste,MA,São Luís,360601,7803,61.65,1062.94,74536918.93,10,24.5,Média
2022,4,2022-04-01,Nordeste,PB,João Pessoa,237020,10946,92.57,873.73,112584785.7,8,21.0,Baixa
2022,4,2022-04-01,Centro-Oeste,DF,Brasília,139669,14557,53.62,414.57,197106346.96,8,33.2,Média
2022,4,2022-04-01,Centro-Oeste,GO,Goiânia,422235,17242,91.16,1086.82,197350375.59,8,24.7,Média
2022,4,2022-04-01,Centro-Oeste,GO,Aparecida de Goiânia,206683,21057,68.51,422.73,68303756.44,7,19.3,Média
2022,4,2022-04-01,Centro-Oeste,MT,Cuiabá,65165,7299,50.53,952.81,197942352.17,9,30.4,Média
2022,4,2022-04-01,Centro-Oeste,MS,Campo Grande,44192,78554,66.4,505.44,169130373.96,8,24.9,Alta
2022,4,2022-04-01,Sudeste,SP,São Paulo,393916,58281,38.54,910.09,29414035.25,14,24.2,Alta
2022,4,2022-04-01,Sudeste,SP,Campinas,446445,73913,51.61,353.52,190768516.87,13,19.5,Alta
2022,4,2022-04-01,Sudeste,SP,Ribeirão Preto,67902,28784,46.76,557.79,88961851.0,6,27.0,Baixa
2022,4,2022-04-01,Sudeste,RJ,Rio de Janeiro,392031,72761,49.18,1196.21,164210540.99,10,25.8,Baixa
2022,4,2022-04-01,Sudeste,RJ,Niterói,351181,67930,48.51,218.16,155360235.21,15,21.4,Média
2022,4,2022-04-01,Sudeste,RJ,Nova Iguaçu,34562,61377,84.64,1076.74,145688657.51,14,29.2,Baixa
2022,4,2022-04-01,Sudeste,RJ,Petrópolis,141369,79895,94.94,680.22,1026092.86,11,23.0,Alta
2022,4,2022-04-01,Sudeste,MG,Belo Horizonte,151561,45976,45.97,803.16,138474907.43,16,28.6,Média
2022,4,2022-04-01,Sudeste,MG,Uberlândia,210635,71888,32.57,877.69,46331897.38,16,24.4,Média
2022,4,2022-04-01,Sudeste,MG,Juiz de Fora,144845,37095,33.64,888.35,189856367.66,9,22.0,Média
2022,4,2022-04-01,Sudeste,ES,Vitória,178459,5927,27.35,853.67,172985955.57,18,21.7,Alta
2022,4,2022-04-01,Sudeste,ES,Vila Velha,311385,50576,50.41,559.43,53365440.82,7,26.0,Baixa
2022,4,2022-04-01,Sudeste,ES,Serra,78081,20850,51.39,751.98,2628689.55,8,32.7,Baixa
2022,4,2022-04-01,Sul,PR,Curitiba,229249,66096,38.04,393.18,73912940.7,7,28.1,Baixa
2022,4,2022-04-01,Sul,PR,Londrina,229284,74513,67.2,939.21,120458321.77,12,22.5,Média
2022,4,2022-04-01,Sul,SC,Florianópolis,142839,9507,48.79,415.03,132500484.21,10,25.8,Alta
2022,4,2022-04-01,Sul,SC,Joinville,353511,73430,46.89,979.27,55391311.68,5,28.0,Média
2022,4,2022-04-01,Sul,RS,Porto Alegre,266600,40076,90.21,751.63,152734528.21,14,33.1,Baixa
2022,4,2022-04-01,Sul,RS,Caxias do Sul,362983,66800,32.41,1108.81,12441310.25,10,24.9,Baixa
2022,5,2022-05-01,Norte,AM,Manaus,126158,53114,27.94,497.19,141336534.81,10,32.1,Média
2022,5,2022-05-01,Norte,PA,Belém,216225,3726,86.67,396.5,12228764.27,12,28.9,Média
2022,5,2022-05-01,Norte,PA,Santarém,94428,4533,54.11,826.91,103916153.29,12,22.7,Média
2022,5,2022-05-01,Norte,RO,Porto Velho,82462,46366,91.01,779.67,170424144.89,14,28.2,Média
2022,5,2022-05-01,Norte,TO,Palmas,278502,78729,31.42,654.99,177245540.25,14,15.6,Média
2022,5,2022-05-01,Nordeste,BA,Salvador,389140,11662,77.24,863.18,84494871.54,10,23.0,Baixa
2022,5,2022-05-01,Nordeste,BA,Feira de Santana,429518,45810,80.3,1052.29,104902114.11,13,19.3,Baixa
2022,5,2022-05-01,Nordeste,PE,Recife,374347,25060,27.01,821.13,19648870.43,10,24.0,Média
2022,5,2022-05-01,Nordeste,PE,Jaboatão dos Guararapes,26331,8213,32.31,553.36,26958709.27,7,22.4,Média
2022,5,2022-05-01,Nordeste,CE,Fortaleza,196031,49460,55.34,412.27,45618962.99,11,22.8,Baixa
2022,5,2022-05-01,Nordeste,CE,Juazeiro do Norte,190510,39163,71.24,893.99,101768224.21,12,22.8,Baixa
2022,5,2022-05-01,Nordeste,MA,São Luís,15689,76389,57.79,232.57,62834098.64,9,29.2,Média
2022,5,2022-05-01,Nordeste,PB,João Pessoa,367025,28535,26.75,194.65,181802217.98,13,23.7,Baixa
2022,5,2022-05-01,Centro-Oeste,DF,Brasília,228698,48251,67.15,279.71,99441879.15,14,29.1,Baixa
2022,5,2022-05-01,Centro-Oeste,GO,Goiânia,382765,6393,76.88,221.05,80181194.03,9,32.6,Alta
2022,5,2022-05-01,Centro-Oeste,GO,Aparecida de Goiânia,471718,26981,67.1,691.58,132283218.89,9,23.4,Alta
2022,5,2022-05-01,Centro-Oeste,MT,Cuiabá,496959,39808,90.95,481.86,20465667.81,10,26.4,Baixa
2022,5,2022-05-01,Centro-Oeste,MS,Campo Grande,228897,78936,25.39,491.93,169590803.17,10,25.3,Média
2022,5,2022-05-01,Sudeste,SP,São Paulo,447176,23086,77.3,372.88,2392824.71,8,29.9,Média
2022,5,2022-05-01,Sudeste,SP,Campinas,116724,12046,54.12,902.49,95152334.98,10,18.1,Baixa
2022,5,2022-05-01,Sudeste,SP,Ribeirão Preto,155453,2524,30.35,168.8,104583513.79,13,25.8,Alta
2022,5,2022-05-01,Sudeste,RJ,Rio de Janeiro,158460,57780,83.09,392.34,12417573.14,8,30.2,Alta
2022,5,2022-05-01,Sudeste,RJ,Niterói,79734,8198,30.11,516.26,184960347.22,11,18.1,Baixa
2022,5,2022-05-01,Sudeste,RJ,Nova Iguaçu,323269,30716,50.03,1056.56,99038517.85,9,26.6,Baixa
2022,5,2022-05-01,Sudeste,RJ,Petrópolis,60685,38438,92.29,257.36,78953241.09,13,27.9,Alta
2022,5,2022-05-01,Sudeste,MG,Belo Horizonte,71849,12952,74.65,986.69,131706711.63,9,22.9,Média
2022,5,2022-05-01,Sudeste,MG,Uberlândia,329921,50657,85.57,921.43,129664817.81,14,22.8,Média
2022,5,2022-05-01,Sudeste,MG,Juiz de Fora,31568,37899,43.77,690.03,13813872.15,8,23.2,Média
2022,5,2022-05-01,Sudeste,ES,Vitória,122256,53759,91.89,984.01,70764079.62,11,31.0,Alta
2022,5,2022-05-01,Sudeste,ES,Vila Velha,185349,35178,69.41,1143.28,77130669.11,9,27.9,Baixa
2022,5,2022-05-01,Sudeste,ES,Serra,498242,52834,92.78,1191.67,177759412.51,9,21.4,Média
2022,5,2022-05-01,Sul,PR,Curitiba,61824,12358,78.9,630.65,89493087.4,12,22.4,Baixa
2022,5,2022-05-01,Sul,PR,Londrina,124559,15324,51.5,916.97,73541287.07,14,22.4,Alta
2022,5,2022-05-01,Sul,SC,Florianópolis,206397,37590,40.88,892.58,157163136.4,9,24.4,Baixa
2022,5,2022-05-01,Sul,SC,Joinville,126647,64701,86.55,1044.79,143585452.87,16,23.6,Baixa
2022,5,2022-05-01,Sul,RS,Porto Alegre,402927,33639,31.48,320.79,125576040.14,11,18.9,Baixa
2022,5,2022-05-01,Sul,RS,Caxias do Sul,28019,50083,89.05,961.21,14243896.71,11,28.4,Média
2022,6,2022-06-01,Norte,AM,Manaus,391152,44743,64.52,170.65,177660535.15,9,18.0,Alta
2022,6,2022-06-01,Norte,PA,Belém,242389,64697,43.65,640.54,192307922.99,10,30.0,Alta
2022,6,2022-06-01,Norte,PA,Santarém,88203,59981,46.67,580.76,197355066.92,6,23.3,Média
2022,6,2022-06-01,Norte,RO,Porto Velho,287664,17921,68.98,438.45,153581886.43,8,27.0,Alta
2022,6,2022-06-01,Norte,TO,Palmas,38962,24190,89.13,516.44,129788150.58,11,20.9,Média
2022,6,2022-06-01,Nordeste,BA,Salvador,38500,53243,60.11,520.04,97827684.69,11,20.7,Média
2022,6,2022-06-01,Nordeste,BA,Feira de Santana,56574,19722,26.91,969.97,140223137.4,6,22.4,Média
2022,6,2022-06-01,Nordeste,PE,Recife,207995,49968,39.67,719.05,149671000.19,8,20.4,Alta
2022,6,2022-06-01,Nordeste,PE,Jaboatão dos Guararapes,246388,18129,30.42,470.83,136779900.54,11,20.3,Média
2022,6,2022-06-01,Nordeste,CE,Fortaleza,416470,2633,27.34,201.07,89879937.55,10,26.8,Baixa
2022,6,2022-06-01,Nordeste,CE,Juazeiro do Norte,420340,64146,57.23,1067.6,95725224.81,11,19.5,Média
2022,6,2022-06-01,Nordeste,MA,São Luís,226332,9438,38.61,517.29,41423726.41,9,23.4,Baixa
2022,6,2022-06-01,Nordeste,PB,João Pessoa,381524,31989,31.62,291.35,34385881.37,6,25.4,Alta
2022,6,2022-06-01,Centro-Oeste,DF,Brasília,316333,73008,92.49,450.7,138235508.55,9,29.2,Média
2022,6,2022-06-01,Centro-Oeste,GO,Goiânia,461319,30253,26.68,751.75,42720531.91,12,29.2,Média
2022,6,2022-06-01,Centro-Oeste,GO,Aparecida de Goiânia,448094,52997,26.91,1153.48,38764871.22,10,24.6,Baixa
2022,6,2022-06-01,Centro-Oeste,MT,Cuiabá,191728,24311,86.67,1130.06,72451080.98,12,25.2,Média
2022,6,2022-06-01,Centro-Oeste,MS,Campo Grande,168505,74811,50.13,905.74,136177141.98,11,24.1,Baixa
2022,6,2022-06-01,Sudeste,SP,São Paulo,363179,18795,58.57,453.67,57431022.92,9,27.9,Alta
2022,6,2022-06-01,Sudeste,SP,Campinas,312943,34742,69.82,1020.1,50224512.37,8,27.1,Média
2022,6,2022-06-01,Sudeste,SP,Ribeirão Preto,477827,71092,34.45,705.75,111609954.39,12,24.5,Média
2022,6,2022-06-01,Sudeste,RJ,Rio de Janeiro,489868,74793,29.8,885.69,33332630.75,13,26.9,Alta
2022,6,2022-06-01,Sudeste,RJ,Niterói,315249,37165,67.44,690.86,74210892.05,8,20.4,Alta
2022,6,2022-06-01,Sudeste,RJ,Nova Iguaçu,466638,44186,51.98,1045.89,116276309.34,11,26.8,Baixa
2022,6,2022-06-01,Sudeste,RJ,Petrópolis,79648,53967,94.22,822.39,150589415.8,8,22.8,Média
2022,6,2022-06-01,Sudeste,MG,Belo Horizonte,277360,11977,66.06,327.47,162564587.85,13,26.6,Alta
2022,6,2022-06-01,Sudeste,MG,Uberlândia,401223,22390,72.78,594.82,141839150.93,10,18.3,Baixa
2022,6,2022-06-01,Sudeste,MG,Juiz de Fora,242054,7974,87.93,194.72,175353622.13,11,24.5,Baixa
2022,6,2022-06-01,Sudeste,ES,Vitória,379762,55729,71.66,350.45,110087615.17,11,26.9,Baixa
2022,6,2022-06-01,Sudeste,ES,Vila Velha,334777,53928,76.15,769.29,22401480.77,12,19.7,Média
2022,6,2022-06-01,Sudeste,ES,Serra,123677,49386,71.02,405.23,61237865.47,7,22.5,Baixa
2022,6,2022-06-01,Sul,PR,Curitiba,476648,12124,26.52,379.91,15478696.41,7,25.8,Baixa
2022,6,2022-06-01,Sul,PR,Londrina,223085,38239,61.84,852.46,161944135.54,12,21.1,Média
2022,6,2022-06-01,Sul,SC,Florianópolis,94027,7622,29.98,1132.71,130089512.64,10,27.6,Alta
2022,6,2022-06-01,Sul,SC,Joinville,125119,77520,91.97,510.58,148228488.34,15,22.5,Média
2022,6,2022-06-01,Sul,RS,Porto Alegre,152639,20521,63.75,859.76,106421289.17,9,20.9,Baixa
2022,6,2022-06-01,Sul,RS,Caxias do Sul,315348,43226,61.0,411.75,79677239.04,7,24.6,Baixa
2022,7,2022-07-01,Norte,AM,Manaus,105890,75010,42.15,440.98,64903570.58,10,29.9,Alta
2022,7,2022-07-01,Norte,PA,Belém,495256,31980,85.33,814.86,114863926.53,12,22.7,Alta
2022,7,2022-07-01,Norte,PA,Santarém,390616,55552,61.65,814.49,51365602.95,13,24.1,Média
2022,7,2022-07-01,Norte,RO,Porto Velho,264850,52471,85.75,266.79,67357554.52,5,16.5,Baixa
2022,7,2022-07-01,Norte,TO,Palmas,79705,18375,47.85,190.7,71417716.54,9,22.2,Média
2022,7,2022-07-01,Nordeste,BA,Salvador,167370,41294,36.45,596.27,51946038.0,12,30.7,Alta
2022,7,2022-07-01,Nordeste,BA,Feira de Santana,85251,23488,89.44,979.57,147479749.25,8,20.5,Alta
2022,7,2022-07-01,Nordeste,PE,Recife,386118,48203,88.5,431.29,30533140.93,9,27.2,Média
2022,7,2022-07-01,Nordeste,PE,Jaboatão dos Guararapes,367154,35921,86.95,851.26,70002411.89,9,24.4,Baixa
2022,7,2022-07-01,Nordeste,CE,Fortaleza,455848,69216,91.62,531.59,74276189.83,9,33.7,Média
2022,7,2022-07-01,Nordeste,CE,Juazeiro do Norte,17597,28039,40.92,461.77,68562909.95,17,23.5,Média
2022,7,2022-07-01,Nordeste,MA,São Luís,261874,5085,82.02,411.48,128173928.63,8,22.9,Média
2022,7,2022-07-01,Nordeste,PB,João Pessoa,219813,62922,87.5,754.97,81217051.07,13,18.3,Média
2022,7,2022-07-01,Centro-Oeste,DF,Brasília,126651,3756,92.5,745.98,66559839.64,4,26.4,Alta
2022,7,2022-07-01,Centro-Oeste,GO,Goiânia,193000,33027,67.52,550.63,90848830.62,6,26.7,Média
2022,7,2022-07-01,Centro-Oeste,GO,Aparecida de Goiânia,376771,2380,61.42,1022.61,17307339.24,15,28.0,Alta
2022,7,2022-07-01,Centro-Oeste,MT,Cuiabá,248636,63975,45.78,1139.65,3731349.7,9,21.5,Média
2022,7,2022-07-01,Centro-Oeste,MS,Campo Grande,440650,5078,70.53,653.52,183281803.48,13,22.7,Média
2022,7,2022-07-01,Sudeste,SP,São Paulo,352000,48863,41.97,1152.36,98373502.89,12,24.2,Baixa
2022,7,2022-07-01,Sudeste,SP,Campinas,162417,54483,65.72,319.04,136078660.58,11,25.9,Alta
2022,7,2022-07-01,Sudeste,SP,Ribeirão Preto,106586,49730,78.05,566.77,54892367.17,11,22.4,Média
2022,7,2022-07-01,Sudeste,RJ,Rio de Janeiro,388433,21278,27.23,705.46,46403948.73,11,24.9,Baixa
2022,7,2022-07-01,Sudeste,RJ,Niterói,21991,7173,86.82,924.84,93966582.03,9,27.1,Média
2022,7,2022-07-01,Sudeste,RJ,Nova Iguaçu,490827,24367,88.27,597.62,117917224.3,8,26.3,Alta
2022,7,2022-07-01,Sudeste,RJ,Petrópolis,74263,53009,81.05,1084.27,115435132.1,5,25.5,Alta
2022,7,2022-07-01,Sudeste,MG,Belo Horizonte,401763,20337,79.89,759.81,58315891.83,6,22.7,Média
2022,7,2022-07-01,Sudeste,MG,Uberlândia,48306,46319,62.12,1146.36,72162615.35,14,18.7,Baixa
2022,7,2022-07-01,Sudeste,MG,Juiz de Fora,303721,21902,69.58,806.39,99739420.16,17,25.7,Baixa
2022,7,2022-07-01,Sudeste,ES,Vitória,64647,39004,80.58,975.92,131077487.02,8,20.5,Média
2022,7,2022-07-01,Sudeste,ES,Vila Velha,41326,25345,94.64,837.66,86810765.5,8,28.4,Média
2022,7,2022-07-01,Sudeste,ES,Serra,27225,30990,77.82,465.11,186546803.55,6,19.1,Alta
2022,7,2022-07-01,Sul,PR,Curitiba,443711,14379,50.67,634.2,61503653.87,9,29.5,Alta
2022,7,2022-07-01,Sul,PR,Londrina,12747,20197,68.59,806.99,28274934.34,5,25.0,Média
2022,7,2022-07-01,Sul,SC,Florianópolis,411987,68798,38.48,741.63,12368365.19,10,22.4,Baixa
2022,7,2022-07-01,Sul,SC,Joinville,68674,57729,43.13,981.23,84281254.82,17,25.3,Média
2022,7,2022-07-01,Sul,RS,Porto Alegre,301958,26916,62.96,1187.01,186125920.87,9,22.5,Baixa
2022,7,2022-07-01,Sul,RS,Caxias do Sul,221482,51171,86.16,333.87,47525935.99,12,25.1,Alta
2022,8,2022-08-01,Norte,AM,Manaus,333741,18290,81.92,265.83,107527148.6,6,21.9,Baixa
2022,8,2022-08-01,Norte,PA,Belém,439951,9526,64.14,1112.18,79981456.6,12,24.4,Alta
2022,8,2022-08-01,Norte,PA,Santarém,492461,15657,86.29,570.61,107858157.68,8,17.2,Baixa
2022,8,2022-08-01,Norte,RO,Porto Velho,187264,51271,40.23,981.13,17516817.41,13,16.6,Baixa
2022,8,2022-08-01,Norte,TO,Palmas,496926,31872,64.84,1064.78,30641063.73,11,24.5,Alta
2022,8,2022-08-01,Nordeste,BA,Salvador,255637,67457,61.4,447.44,125657695.57,12,24.2,Média
2022,8,2022-08-01,Nordeste,BA,Feira de Santana,84788,16130,81.34,722.14,3073053.48,10,19.9,Média
2022,8,2022-08-01,Nordeste,PE,Recife,265904,53966,28.1,815.89,38207032.64,7,33.1,Alta
2022,8,2022-08-01,Nordeste,PE,Jaboatão dos Guararapes,76377,12382,45.47,908.64,27761444.94,11,28.3,Média
2022,8,2022-08-01,Nordeste,CE,Fortaleza,296755,15117,43.39,1099.73,125622021.34,12,32.4,Média
2022,8,2022-08-01,Nordeste,CE,Juazeiro do Norte,245175,47898,31.28,869.21,151644601.01,8,27.2,Média
2022,8,2022-08-01,Nordeste,MA,São Luís,227051,47142,85.16,305.64,42218048.64,15,26.1,Alta
2022,8,2022-08-01,Nordeste,PB,João Pessoa,216178,24958,61.91,516.89,120310159.6,14,21.5,Alta
2022,8,2022-08-01,Centro-Oeste,DF,Brasília,346113,22201,69.41,696.48,72233472.35,11,26.7,Média
2022,8,2022-08-01,Centro-Oeste,GO,Goiânia,452356,47376,76.78,1098.38,13843478.23,16,22.1,Média
2022,8,2022-08-01,Centro-Oeste,GO,Aparecida de Goiânia,146520,26231,86.27,478.54,143716145.66,12,21.6,Média
2022,8,2022-08-01,Centro-Oeste,MT,Cuiabá,132708,59284,36.24,706.49,165723774.71,13,22.1,Alta
2022,8,2022-08-01,Centro-Oeste,MS,Campo Grande,69064,1816,62.02,479.76,96973395.26,14,26.6,Baixa
2022,8,2022-08-01,Sudeste,SP,São Paulo,413428,37222,87.36,1138.59,133888967.81,8,23.7,Alta
2022,8,2022-08-01,Sudeste,SP,Campinas,130686,28403,78.66,887.38,18466848.44,8,25.0,Baixa
2022,8,2022-08-01,Sudeste,SP,Ribeirão Preto,139895,57188,37.64,320.25,99752007.2,11,27.0,Baixa
2022,8,2022-08-01,Sudeste,RJ,Rio de Janeiro,351813,15693,82.92,687.58,82140380.88,8,28.8,Média
2022,8,2022-08-01,Sudeste,RJ,Niterói,60913,42631,90.49,778.47,152948579.86,13,18.4,Alta
2022,8,2022-08-01,Sudeste,RJ,Nova Iguaçu,113455,8781,85.71,658.61,180420491.13,13,31.6,Média
2022,8,2022-08-01,Sudeste,RJ,Petrópolis,341994,2889,29.63,782.13,197114281.61,11,19.0,Baixa
2022,8,2022-08-01,Sudeste,MG,Belo Horizonte,266298,24439,39.72,945.01,14078366.8,11,31.9,Baixa
2022,8,2022-08-01,Sudeste,MG,Uberlândia,451344,45486,79.76,696.96,51549068.23,13,20.9,Média
2022,8,2022-08-01,Sudeste,MG,Juiz de Fora,202207,48764,82.56,181.29,30259352.17,6,28.2,Média
2022,8,2022-08-01,Sudeste,ES,Vitória,372108,42368,71.55,1008.34,90733783.56,8,18.2,Alta
2022,8,2022-08-01,Sudeste,ES,Vila Velha,442506,60316,66.08,534.63,110108584.77,9,28.0,Alta
2022,8,2022-08-01,Sudeste,ES,Serra,93594,10513,46.36,253.2,140695566.22,7,27.1,Média
2022,8,2022-08-01,Sul,PR,Curitiba,482794,13423,41.97,878.83,195427634.99,8,23.2,Alta
2022,8,2022-08-01,Sul,PR,Londrina,84401,46552,50.83,204.74,100794929.62,15,24.1,Baixa
2022,8,2022-08-01,Sul,SC,Florianópolis,390868,1790,59.67,250.07,27412453.74,8,32.8,Baixa
2022,8,2022-08-01,Sul,SC,Joinville,488963,3994,69.85,760.75,184237981.63,9,29.6,Média
2022,8,2022-08-01,Sul,RS,Porto Alegre,465853,73490,79.48,509.57,55544128.79,11,19.7,Média
2022,8,2022-08-01,Sul,RS,Caxias do Sul,394973,22775,52.65,1021.74,66227323.88,12,27.8,Baixa
2022,9,2022-09-01,Norte,AM,Manaus,424540,61735,75.5,532.3,152306334.48,9,25.8,Média
2022,9,2022-09-01,Norte,PA,Belém,415379,62620,85.61,528.85,186659695.77,14,23.2,Alta
2022,9,2022-09-01,Norte,PA,Santarém,485267,47037,37.16,168.42,69853623.41,11,27.1,Média
2022,9,2022-09-01,Norte,RO,Porto Velho,254918,78654,94.41,606.57,144235540.03,13,30.3,Alta
2022,9,2022-09-01,Norte,TO,Palmas,460329,8726,53.37,486.71,168801871.45,6,25.9,Média
2022,9,2022-09-01,Nordeste,BA,Salvador,376140,39247,34.47,447.73,151801095.89,10,28.1,Média
2022,9,2022-09-01,Nordeste,BA,Feira de Santana,163241,49933,86.92,1125.95,71764174.75,11,25.0,Baixa
2022,9,2022-09-01,Nordeste,PE,Recife,251162,62604,67.17,337.81,93503910.12,9,31.2,Média
2022,9,2022-09-01,Nordeste,PE,Jaboatão dos Guararapes,211748,7534,79.19,450.42,47268665.62,6,22.0,Baixa
2022,9,2022-09-01,Nordeste,CE,Fortaleza,133113,35243,26.89,1017.77,163298013.33,8,32.3,Alta
2022,9,2022-09-01,Nordeste,CE,Juazeiro do Norte,447708,34590,39.25,370.27,109273184.11,10,28.9,Alta
2022,9,2022-09-01,Nordeste,MA,São Luís,192429,64114,54.61,384.37,93482946.71,12,25.9,Média
2022,9,2022-09-01,Nordeste,PB,João Pessoa,131118,33984,52.54,232.83,93220817.08,7,23.8,Alta
2022,9,2022-09-01,Centro-Oeste,DF,Brasília,270995,64743,48.53,461.17,149681565.99,11,28.3,Baixa
2022,9,2022-09-01,Centro-Oeste,GO,Goiânia,414557,70501,93.66,1057.72,66234684.14,9,33.3,Baixa
2022,9,2022-09-01,Centro-Oeste,GO,Aparecida de Goiânia,489740,12982,89.51,298.88,147779971.31,8,31.0,Baixa
2022,9,2022-09-01,Centro-Oeste,MT,Cuiabá,224435,75553,37.98,533.54,186957907.79,8,32.2,Média
2022,9,2022-09-01,Centro-Oeste,MS,Campo Grande,82584,59387,86.37,407.56,184937806.13,15,31.2,Baixa
2022,9,2022-09-01,Sudeste,SP,São Paulo,222787,30237,50.76,989.21,195328998.66,10,24.8,Baixa
2022,9,2022-09-01,Sudeste,SP,Campinas,100866,8847,47.22,805.34,48986098.91,19,17.2,Baixa
2022,9,2022-09-01,Sudeste,SP,Ribeirão Preto,237547,10893,86.4,984.01,65801177.83,15,18.5,Média
2022,9,2022-09-01,Sudeste,RJ,Rio de Janeiro,84463,55397,88.78,402.71,27373555.88,10,28.3,Baixa
2022,9,2022-09-01,Sudeste,RJ,Niterói,469957,28189,69.19,636.28,67741354.4,8,31.2,Média
2022,9,2022-09-01,Sudeste,RJ,Nova Iguaçu,347425,58838,29.04,280.37,169376582.97,6,23.6,Baixa
2022,9,2022-09-01,Sudeste,RJ,Petrópolis,31752,6789,43.56,885.87,142109593.06,3,15.7,Baixa
2022,9,2022-09-01,Sudeste,MG,Belo Horizonte,295413,78742,74.78,608.11,34516632.44,12,27.1,Média
2022,9,2022-09-01,Sudeste,MG,Uberlândia,451090,48964,70.38,230.54,102804198.61,13,24.2,Alta
2022,9,2022-09-01,Sudeste,MG,Juiz de Fora,208318,47375,28.18,333.78,33796576.86,8,22.4,Baixa
2022,9,2022-09-01,Sudeste,ES,Vitória,384811,34981,77.76,481.37,125348503.01,11,28.9,Alta
2022,9,2022-09-01,Sudeste,ES,Vila Velha,61598,18887,45.61,1027.6,73248645.83,10,27.4,Média
2022,9,2022-09-01,Sudeste,ES,Serra,194347,74412,83.25,502.44,147607618.92,14,26.7,Baixa
2022,9,2022-09-01,Sul,PR,Curitiba,197210,22534,64.99,1087.44,121258264.39,7,17.5,Baixa
2022,9,2022-09-01,Sul,PR,Londrina,46447,69310,30.46,757.16,94657873.16,4,22.8,Média
2022,9,2022-09-01,Sul,SC,Florianópolis,367233,77561,47.47,799.52,191399572.64,16,26.0,Média
2022,9,2022-09-01,Sul,SC,Joinville,187308,62287,83.4,498.09,50032746.75,15,22.5,Alta
2022,9,2022-09-01,Sul,RS,Porto Alegre,101286,2323,61.54,531.85,181572905.42,13,23.3,Baixa
2022,9,2022-09-01,Sul,RS,Caxias do Sul,284079,49472,25.71,938.63,81761834.74,6,27.8,Baixa
2022,10,2022-10-01,Norte,AM,Manaus,429500,11567,91.11,489.35,156936456.79,12,24.5,Baixa
2022,10,2022-10-01,Norte,PA,Belém,235520,73922,38.57,255.39,185068908.09,11,33.5,Média
2022,10,2022-10-01,Norte,PA,Santarém,96126,9802,54.69,314.2,136146013.85,14,28.0,Média
2022,10,2022-10-01,Norte,RO,Porto Velho,222452,52806,70.56,893.68,196262564.27,15,27.2,Alta
2022,10,2022-10-01,Norte,TO,Palmas,75029,40212,70.44,367.3,20723803.41,9,25.9,Média
2022,10,2022-10-01,Nordeste,BA,Salvador,498790,76820,62.39,193.94,54677350.01,10,26.4,Alta
2022,10,2022-10-01,Nordeste,BA,Feira de Santana,56664,74090,81.51,835.33,50266289.23,8,25.2,Alta
2022,10,2022-10-01,Nordeste,PE,Recife,398789,30467,82.95,788.69,157139450.47,10,22.2,Média
2022,10,2022-10-01,Nordeste,PE,Jaboatão dos Guararapes,126388,27920,72.78,917.81,141344919.13,8,28.7,Baixa
2022,10,2022-10-01,Nordeste,CE,Fortaleza,210309,52736,45.41,754.45,122374464.44,7,24.9,Média
2022,10,2022-10-01,Nordeste,CE,Juazeiro do Norte,128428,32429,86.85,484.26,116642155.49,15,23.9,Média
2022,10,2022-10-01,Nordeste,MA,São Luís,265258,40314,79.49,998.38,143421919.61,11,20.6,Alta
2022,10,2022-10-01,Nordeste,PB,João Pessoa,28078,21628,61.09,796.87,136792033.45,10,21.0,Baixa
2022,10,2022-10-01,Centro-Oeste,DF,Brasília,415169,19880,57.97,331.3,3964148.22,9,25.3,Média
2022,10,2022-10-01,Centro-Oeste,GO,Goiânia,13683,13026,91.98,790.48,27504282.75,9,30.0,Média
2022,10,2022-10-01,Centro-Oeste,GO,Aparecida de Goiânia,15033,77840,39.14,994.05,43260757.98,10,26.9,Alta
2022,10,2022-10-01,Centro-Oeste,MT,Cuiabá,63249,43090,72.58,269.32,76072112.13,13,18.1,Média
2022,10,2022-10-01,Centro-Oeste,MS,Campo Grande,25645,75869,75.58,871.38,137212244.54,11,17.7,Alta
2022,10,2022-10-01,Sudeste,SP,São Paulo,292582,26384,66.59,267.4,31829581.92,8,18.6,Média
2022,10,2022-10-01,Sudeste,SP,Campinas,369369,51576,73.37,953.39,68389825.96,8,28.5,Baixa
2022,10,2022-10-01,Sudeste,SP,Ribeirão Preto,197197,17468,42.86,350.73,60215542.89,9,32.2,Alta
2022,10,2022-10-01,Sudeste,RJ,Rio de Janeiro,60946,48487,25.39,670.55,92631699.1,11,27.4,Alta
2022,10,2022-10-01,Sudeste,RJ,Niterói,211677,10812,47.22,1058.84,33021942.77,11,20.8,Baixa
2022,10,2022-10-01,Sudeste,RJ,Nova Iguaçu,60200,21123,39.78,1013.81,6953435.41,10,18.4,Baixa
2022,10,2022-10-01,Sudeste,RJ,Petrópolis,360379,2890,39.31,380.39,5848939.62,13,30.9,Média
2022,10,2022-10-01,Sudeste,MG,Belo Horizonte,214666,15663,55.75,913.9,31705834.44,9,29.4,Baixa
2022,10,2022-10-01,Sudeste,MG,Uberlândia,150908,2578,36.21,274.4,21540563.16,8,24.3,Baixa
2022,10,2022-10-01,Sudeste,MG,Juiz de Fora,26829,15842,72.4,1118.37,179335994.68,12,21.6,Média
2022,10,2022-10-01,Sudeste,ES,Vitória,362162,52102,60.59,427.73,36560796.44,9,25.5,Média
2022,10,2022-10-01,Sudeste,ES,Vila Velha,327269,76131,47.56,270.92,165147198.82,10,33.2,Baixa
2022,10,2022-10-01,Sudeste,ES,Serra,142673,58106,85.14,377.12,112276867.52,9,28.5,Alta
2022,10,2022-10-01,Sul,PR,Curitiba,353280,26098,61.7,312.9,36548532.12,6,31.6,Média
2022,10,2022-10-01,Sul,PR,Londrina,281493,78085,71.1,282.17,46773706.7,4,18.9,Baixa
2022,10,2022-10-01,Sul,SC,Florianópolis,405682,46967,37.14,517.01,131516261.59,8,26.6,Média
2022,10,2022-10-01,Sul,SC,Joinville,150648,76198,69.13,604.16,84966778.62,12,20.6,Alta
2022,10,2022-10-01,Sul,RS,Porto Alegre,486342,72239,88.67,183.94,7141979.07,11,21.3,Baixa
2022,10,2022-10-01,Sul,RS,Caxias do Sul,120715,12076,62.78,554.11,51591630.92,15,29.4,Média
2022,11,2022-11-01,Norte,AM,Manaus,408618,56524,47.88,410.98,64595973.32,15,13.9,Alta
2022,11,2022-11-01,Norte,PA,Belém,255109,40484,28.21,727.55,191158639.71,8,29.6,Alta
2022,11,2022-11-01,Norte,PA,Santarém,78325,72072,91.09,164.33,14386442.86,8,22.4,Baixa
2022,11,2022-11-01,Norte,RO,Porto Velho,55829,8444,58.55,1119.49,183108021.87,7,22.5,Média
2022,11,2022-11-01,Norte,TO,Palmas,241064,2730,73.58,462.12,195865693.7,8,27.3,Alta
2022,11,2022-11-01,Nordeste,BA,Salvador,84113,16730,34.64,635.59,184579119.95,11,33.2,Média
2022,11,2022-11-01,Nordeste,BA,Feira de Santana,424510,56531,57.89,658.58,190610236.67,9,21.4,Baixa
2022,11,2022-11-01,Nordeste,PE,Recife,301929,45325,33.9,1039.19,75067218.92,6,17.6,Alta
2022,11,2022-11-01,Nordeste,PE,Jaboatão dos Guararapes,67041,6012,66.86,530.36,149452555.32,8,21.1,Média
2022,11,2022-11-01,Nordeste,CE,Fortaleza,11946,4898,37.15,465.1,81358406.75,12,25.1,Baixa
2022,11,2022-11-01,Nordeste,CE,Juazeiro do Norte,480411,34198,68.6,824.63,153297786.29,14,24.3,Alta
2022,11,2022-11-01,Nordeste,MA,São Luís,166495,60657,57.03,303.14,193887329.17,12,17.3,Alta
2022,11,2022-11-01,Nordeste,PB,João Pessoa,405936,46415,91.93,712.6,141484520.72,13,20.4,Média
2022,11,2022-11-01,Centro-Oeste,DF,Brasília,489710,35534,73.11,284.1,12505483.7,3,21.5,Média
2022,11,2022-11-01,Centro-Oeste,GO,Goiânia,426044,12362,78.98,938.67,64614419.73,10,28.9,Média
2022,11,2022-11-01,Centro-Oeste,GO,Aparecida de Goiânia,177078,19532,88.17,611.08,33982949.65,7,24.9,Alta
2022,11,2022-11-01,Centro-Oeste,MT,Cuiabá,142976,52185,87.78,560.87,174792400.88,7,30.0,Média
2022,11,2022-11-01,Centro-Oeste,MS,Campo Grande,493046,27283,74.46,969.69,44491007.09,12,29.8,Média
2022,11,2022-11-01,Sudeste,SP,São Paulo,281818,71671,92.55,936.14,136707043.89,7,30.7,Baixa
2022,11,2022-11-01,Sudeste,SP,Campinas,59758,25520,47.56,402.85,169498614.12,10,22.1,Baixa
2022,11,2022-11-01,Sudeste,SP,Ribeirão Preto,171794,18682,30.5,627.2,30687027.53,11,26.9,Baixa
2022,11,2022-11-01,Sudeste,RJ,Rio de Janeiro,420520,4773,93.29,1112.99,3967798.29,12,20.2,Alta
2022,11,2022-11-01,Sudeste,RJ,Niterói,69809,7480,65.79,603.31,137850743.0,10,27.9,Baixa
2022,11,2022-11-01,Sudeste,RJ,Nova Iguaçu,386399,32063,51.42,906.41,150698578.92,13,23.9,Média
2022,11,2022-11-01,Sudeste,RJ,Petrópolis,171602,23023,84.74,774.32,53422855.88,11,28.2,Média
2022,11,2022-11-01,Sudeste,MG,Belo Horizonte,366999,21069,82.66,435.96,123207106.88,13,26.4,Alta
2022,11,2022-11-01,Sudeste,MG,Uberlândia,362536,36075,45.0,216.0,174556658.9,11,30.3,Baixa
2022,11,2022-11-01,Sudeste,MG,Juiz de Fora,284313,22316,63.55,613.6,127476507.1,14,25.8,Alta
2022,11,2022-11-01,Sudeste,ES,Vitória,409836,78882,58.19,1015.52,73021168.63,7,22.4,Média
2022,11,2022-11-01,Sudeste,ES,Vila Velha,318073,35473,86.19,918.37,32029930.9,7,24.2,Média
2022,11,2022-11-01,Sudeste,ES,Serra,368291,18634,86.07,655.65,164026543.49,7,20.4,Baixa
2022,11,2022-11-01,Sul,PR,Curitiba,357748,37975,32.6,778.73,51034152.79,12,24.0,Alta
2022,11,2022-11-01,Sul,PR,Londrina,471744,1701,30.42,968.51,48157728.83,7,24.5,Média
2022,11,2022-11-01,Sul,SC,Florianópolis,115043,65942,81.96,720.88,166434454.74,5,25.5,Baixa
2022,11,2022-11-01,Sul,SC,Joinville,475736,33218,53.78,361.22,183274557.52,15,29.3,Média
2022,11,2022-11-01,Sul,RS,Porto Alegre,306846,7476,37.97,779.06,196050386.55,3,23.6,Baixa
2022,11,2022-11-01,Sul,RS,Caxias do Sul,143596,41578,74.25,597.45,123100548.61,3,29.4,Alta
2022,12,2022-12-01,Norte,AM,Manaus,461109,17656,34.49,340.86,175732927.91,9,24.0,Baixa
2022,12,2022-12-01,Norte,PA,Belém,39057,65243,28.26,1089.44,182286827.67,8,24.4,Média
2022,12,2022-12-01,Norte,PA,Santarém,402408,19885,92.77,768.86,22049115.6,9,26.4,Alta
2022,12,2022-12-01,Norte,RO,Porto Velho,323270,16828,56.82,896.69,74071075.16,4,27.3,Média
2022,12,2022-12-01,Norte,TO,Palmas,431369,20706,52.83,1039.18,91314607.23,11,24.6,Alta
2022,12,2022-12-01,Nordeste,BA,Salvador,314612,28682,66.59,1189.86,69079721.6,12,26.1,Baixa
2022,12,2022-12-01,Nordeste,BA,Feira de Santana,171110,26582,86.47,697.68,106901963.58,12,31.5,Baixa
2022,12,2022-12-01,Nordeste,PE,Recife,474198,71562,88.45,378.12,156056653.39,3,22.2,Média
2022,12,2022-12-01,Nordeste,PE,Jaboatão dos Guararapes,316236,14315,25.01,1160.54,76124105.76,11,23.7,Média
2022,12,2022-12-01,Nordeste,CE,Fortaleza,394637,14027,93.01,1056.65,95120456.41,12,21.5,Média
2022,12,2022-12-01,Nordeste,CE,Juazeiro do Norte,131787,42824,40.64,982.34,115522678.62,7,24.2,Média
2022,12,2022-12-01,Nordeste,MA,São Luís,72577,32852,47.36,912.96,69689694.35,12,24.8,Média
2022,12,2022-12-01,Nordeste,PB,João Pessoa,279267,23421,87.61,238.11,67882942.5,13,28.8,Média
2022,12,2022-12-01,Centro-Oeste,DF,Brasília,39951,28511,36.95,1157.66,97122811.03,9,26.6,Alta
2022,12,2022-12-01,Centro-Oeste,GO,Goiânia,159770,33817,51.28,924.39,83771643.6,16,17.7,Alta
2022,12,2022-12-01,Centro-Oeste,GO,Aparecida de Goiânia,125661,53949,85.78,1139.37,118984984.48,6,18.1,Média
2022,12,2022-12-01,Centro-Oeste,MT,Cuiabá,398555,12083,65.55,856.85,147073775.79,10,21.9,Alta
2022,12,2022-12-01,Centro-Oeste,MS,Campo Grande,73690,28348,86.49,288.76,93712282.49,12,31.1,Média
2022,12,2022-12-01,Sudeste,SP,São Paulo,69561,4665,48.8,174.03,191088325.67,15,19.5,Baixa
2022,12,2022-12-01,Sudeste,SP,Campinas,38078,44173,94.49,1152.94,190938851.8,6,26.1,Média
2022,12,2022-12-01,Sudeste,SP,Ribeirão Preto,449603,51420,32.43,826.63,116011169.71,11,25.1,Alta
2022,12,2022-12-01,Sudeste,RJ,Rio de Janeiro,286865,51027,78.2,267.22,158735805.01,9,21.7,Alta
2022,12,2022-12-01,Sudeste,RJ,Niterói,56392,36432,44.8,589.68,23511426.63,12,19.9,Média
2022,12,2022-12-01,Sudeste,RJ,Nova Iguaçu,495869,14817,45.74,1096.99,53350041.98,12,22.6,Alta
2022,12,2022-12-01,Sudeste,RJ,Petrópolis,46358,49775,81.84,764.58,29625968.82,12,26.6,Alta
2022,12,2022-12-01,Sudeste,MG,Belo Horizonte,306238,43971,64.57,1014.88,111742641.74,5,26.1,Média
2022,12,2022-12-01,Sudeste,MG,Uberlândia,266882,73703,63.48,590.08,169748088.85,9,26.2,Alta
2022,12,2022-12-01,Sudeste,MG,Juiz de Fora,262387,21559,46.23,1034.39,127546894.63,10,24.3,Média
2022,12,2022-12-01,Sudeste,ES,Vitória,295666,12122,36.54,1160.17,58768873.59,17,26.7,Média
2022,12,2022-12-01,Sudeste,ES,Vila Velha,137663,77358,37.59,638.34,78364711.69,12,34.8,Média
2022,12,2022-12-01,Sudeste,ES,Serra,53337,66858,42.17,619.89,38325458.32,10,28.8,Média
2022,12,2022-12-01,Sul,PR,Curitiba,215396,50837,33.24,668.49,118820142.97,20,25.7,Média
2022,12,2022-12-01,Sul,PR,Londrina,157134,20661,86.97,770.43,41179453.76,9,28.7,Alta
2022,12,2022-12-01,Sul,SC,Florianópolis,95686,65150,81.57,623.59,39578315.13,11,24.9,Média
2022,12,2022-12-01,Sul,SC,Joinville,75491,41561,88.23,616.53,90490513.56,9,28.0,Baixa
2022,12,2022-12-01,Sul,RS,Porto Alegre,295692,32204,38.74,1100.78,57754447.21,12,26.5,Baixa
2022,12,2022-12-01,Sul,RS,Caxias do Sul,268666,39050,87.6,590.31,29591678.03,10,22.5,Média
2023,1,2023-01-01,Norte,AM,Manaus,121107,8291,81.77,457.39,6682192.51,6,33.5,Baixa
2023,1,2023-01-01,Norte,PA,Belém,495398,29711,33.33,757.91,55767401.92,6,27.2,Alta
2023,1,2023-01-01,Norte,PA,Santarém,65427,17934,37.07,217.43,132983159.62,10,24.0,Média
2023,1,2023-01-01,Norte,RO,Porto Velho,75130,29116,29.09,454.44,104589184.01,10,26.6,Baixa
2023,1,2023-01-01,Norte,TO,Palmas,420611,35531,93.12,1131.73,62753155.05,10,21.6,Baixa
2023,1,2023-01-01,Nordeste,BA,Salvador,452333,65236,87.03,535.99,97173795.9,10,20.8,Baixa
2023,1,2023-01-01,Nordeste,BA,Feira de Santana,265302,19163,76.82,531.49,150244231.49,8,21.0,Alta
2023,1,2023-01-01,Nordeste,PE,Recife,91650,54079,45.33,1184.25,123899276.95,9,21.6,Média
2023,1,2023-01-01,Nordeste,PE,Jaboatão dos Guararapes,399187,32897,40.73,677.95,70556816.55,7,21.1,Média
2023,1,2023-01-01,Nordeste,CE,Fortaleza,144272,79735,72.43,211.27,136381514.39,12,29.3,Alta
2023,1,2023-01-01,Nordeste,CE,Juazeiro do Norte,427644,40108,53.54,929.56,23858474.54,7,23.5,Alta
2023,1,2023-01-01,Nordeste,MA,São Luís,404644,13181,91.32,313.92,69227410.22,10,27.8,Média
2023,1,2023-01-01,Nordeste,PB,João Pessoa,332694,60649,59.75,664.18,153974315.96,12,33.5,Baixa
2023,1,2023-01-01,Centro-Oeste,DF,Brasília,312554,4315,46.99,464.53,132083189.37,12,17.0,Baixa
2023,1,2023-01-01,Centro-Oeste,GO,Goiânia,445981,32444,59.01,325.51,60727794.49,7,24.7,Média
2023,1,2023-01-01,Centro-Oeste,GO,Aparecida de Goiânia,481423,62931,79.32,569.63,138874000.5,4,28.5,Média
2023,1,2023-01-01,Centro-Oeste,MT,Cuiabá,140608,15289,80.45,590.49,34577120.3,11,25.0,Alta
2023,1,2023-01-01,Centro-Oeste,MS,Campo Grande,83040,16232,81.9,1126.06,168944127.15,7,29.6,Média
2023,1,2023-01-01,Sudeste,SP,São Paulo,189699,42081,58.72,844.27,68109197.62,8,24.0,Média
2023,1,2023-01-01,Sudeste,SP,Campinas,150911,70871,34.12,953.05,17055226.62,14,19.0,Alta
2023,1,2023-01-01,Sudeste,SP,Ribeirão Preto,284777,76866,30.66,788.65,51484287.11,6,26.2,Média
2023,1,2023-01-01,Sudeste,RJ,Rio de Janeiro,465472,70508,29.01,891.85,104729915.46,12,31.8,Média
2023,1,2023-01-01,Sudeste,RJ,Niterói,94057,22107,70.09,416.69,44304576.31,13,26.1,Baixa
2023,1,2023-01-01,Sudeste,RJ,Nova Iguaçu,76049,65858,60.29,558.13,179500427.88,13,21.2,Alta
2023,1,2023-01-01,Sudeste,RJ,Petrópolis,108476,40257,89.52,831.07,115617219.69,15,29.4,Alta
2023,1,2023-01-01,Sudeste,MG,Belo Horizonte,284047,49317,70.28,430.15,60046439.87,5,24.9,Alta
2023,1,2023-01-01,Sudeste,MG,Uberlândia,290227,36551,67.39,1187.43,17366360.8,13,29.1,Média
2023,1,2023-01-01,Sudeste,MG,Juiz de Fora,65294,73750,33.62,631.14,14728950.18,13,26.2,Alta
2023,1,2023-01-01,Sudeste,ES,Vitória,346411,25508,26.86,1006.91,61415278.64,13,23.8,Alta
2023,1,2023-01-01,Sudeste,ES,Vila Velha,485758,28635,79.76,1166.71,6265256.72,10,26.1,Média
2023,1,2023-01-01,Sudeste,ES,Serra,215536,73617,88.81,181.62,104190345.53,11,24.4,Média
2023,1,2023-01-01,Sul,PR,Curitiba,356411,79553,70.35,866.12,18326992.39,9,26.8,Alta
2023,1,2023-01-01,Sul,PR,Londrina,106010,61271,71.17,1135.45,84867718.82,8,16.4,Baixa
2023,1,2023-01-01,Sul,SC,Florianópolis,205031,63045,48.67,592.16,115457950.12,8,27.0,Alta
2023,1,2023-01-01,Sul,SC,Joinville,162252,45991,28.41,275.1,107548139.49,10,27.0,Alta
2023,1,2023-01-01,Sul,RS,Porto Alegre,334488,34345,84.51,927.29,109952343.17,8,27.3,Média
2023,1,2023-01-01,Sul,RS,Caxias do Sul,348817,38829,87.4,660.56,30997591.55,6,24.2,Baixa
2023,2,2023-02-01,Norte,AM,Manaus,55589,15525,54.94,486.97,49590370.93,9,25.7,Baixa
2023,2,2023-02-01,Norte,PA,Belém,91902,11406,93.92,629.0,74327176.61,10,22.7,Alta
2023,2,2023-02-01,Norte,PA,Santarém,434218,9919,26.8,1158.8,6411246.89,5,32.1,Alta
2023,2,2023-02-01,Norte,RO,Porto Velho,290746,33223,57.34,711.81,57494169.91,8,25.1,Média
2023,2,2023-02-01,Norte,TO,Palmas,495569,77040,73.02,1121.85,60480201.18,10,20.0,Alta
2023,2,2023-02-01,Nordeste,BA,Salvador,310946,78958,35.98,574.56,6389126.52,10,19.7,Média
2023,2,2023-02-01,Nordeste,BA,Feira de Santana,430484,2437,65.0,752.09,110091937.82,12,20.3,Baixa
2023,2,2023-02-01,Nordeste,PE,Recife,444776,22815,47.22,770.71,78748331.11,10,28.3,Média
2023,2,2023-02-01,Nordeste,PE,Jaboatão dos Guararapes,322231,19505,47.46,472.91,36072796.48,8,27.2,Alta
2023,2,2023-02-01,Nordeste,CE,Fortaleza,327788,41476,74.37,1077.72,147483189.61,9,23.3,Alta
2023,2,2023-02-01,Nordeste,CE,Juazeiro do Norte,277641,18359,40.69,824.47,120766421.12,10,26.6,Alta
2023,2,2023-02-01,Nordeste,MA,São Luís,188904,5421,44.44,908.41,156366175.21,11,27.4,Baixa
2023,2,2023-02-01,Nordeste,PB,João Pessoa,53589,32831,90.62,891.29,75869418.12,7,25.4,Alta
2023,2,2023-02-01,Centro-Oeste,DF,Brasília,115706,36879,65.49,1196.11,145380178.58,6,20.6,Média
2023,2,2023-02-01,Centro-Oeste,GO,Goiânia,134672,74474,48.61,433.35,156789808.33,12,24.1,Alta
2023,2,2023-02-01,Centro-Oeste,GO,Aparecida de Goiânia,223482,76050,39.23,943.26,37960100.79,6,26.5,Alta
2023,2,2023-02-01,Centro-Oeste,MT,Cuiabá,418268,62005,27.88,920.37,30753579.01,10,26.2,Média
2023,2,2023-02-01,Centro-Oeste,MS,Campo Grande,93166,16955,66.69,640.14,42503169.86,10,29.4,Média
2023,2,2023-02-01,Sudeste,SP,São Paulo,401071,14022,91.68,874.56,46808323.07,5,18.9,Alta
2023,2,2023-02-01,Sudeste,SP,Campinas,178698,74870,87.45,791.94,81994246.59,15,22.9,Baixa
2023,2,2023-02-01,Sudeste,SP,Ribeirão Preto,49047,8666,43.33,335.62,31106660.82,4,28.3,Baixa
2023,2,2023-02-01,Sudeste,RJ,Rio de Janeiro,66233,42070,35.61,433.23,47568306.16,18,22.2,Baixa
2023,2,2023-02-01,Sudeste,RJ,Niterói,459710,8962,50.7,255.05,24858484.27,14,24.0,Média
2023,2,2023-02-01,Sudeste,RJ,Nova Iguaçu,41043,52674,60.86,974.2,105950780.5,12,23.8,Média
2023,2,2023-02-01,Sudeste,RJ,Petrópolis,121776,28841,57.28,1119.43,194261304.55,15,24.1,Média
2023,2,2023-02-01,Sudeste,MG,Belo Horizonte,354421,22860,60.43,1124.19,122451630.42,8,21.3,Baixa
2023,2,2023-02-01,Sudeste,MG,Uberlândia,61702,26525,79.02,984.52,11127761.17,11,26.4,Média
2023,2,2023-02-01,Sudeste,MG,Juiz de Fora,306222,23675,70.04,653.81,54617174.6,12,24.1,Alta
2023,2,2023-02-01,Sudeste,ES,Vitória,429491,37190,67.56,196.09,176543602.01,15,22.6,Baixa
2023,2,2023-02-01,Sudeste,ES,Vila Velha,12706,66493,74.26,192.89,93153824.4,14,19.0,Alta
2023,2,2023-02-01,Sudeste,ES,Serra,383111,44417,53.79,1057.83,121793776.8,14,22.0,Baixa
2023,2,2023-02-01,Sul,PR,Curitiba,99613,77122,83.03,539.0,173279997.77,11,23.2,Baixa
2023,2,2023-02-01,Sul,PR,Londrina,176193,43497,49.06,682.06,82888255.92,4,27.3,Média
2023,2,2023-02-01,Sul,SC,Florianópolis,42921,7869,48.7,470.38,29850257.34,9,18.0,Alta
2023,2,2023-02-01,Sul,SC,Joinville,29536,75307,32.92,682.74,133078263.35,12,24.6,Baixa
2023,2,2023-02-01,Sul,RS,Porto Alegre,300262,41620,34.81,151.99,100994682.1,5,24.6,Baixa
2023,2,2023-02-01,Sul,RS,Caxias do Sul,310964,1202,32.69,267.8,156643581.75,10,20.0,Alta
2023,3,2023-03-01,Norte,AM,Manaus,451170,69787,30.3,820.23,46704335.1,12,24.4,Média
2023,3,2023-03-01,Norte,PA,Belém,457167,21542,43.06,959.14,16328104.04,8,22.3,Baixa
2023,3,2023-03-01,Norte,PA,Santarém,429272,25102,25.69,832.33,196228132.13,7,26.6,Alta
2023,3,2023-03-01,Norte,RO,Porto Velho,450251,78153,57.3,197.22,42472262.51,10,34.3,Média
2023,3,2023-03-01,Norte,TO,Palmas,354336,14074,31.51,1158.53,199593677.37,11,23.8,Média
2023,3,2023-03-01,Nordeste,BA,Salvador,194897,69994,28.42,1068.02,130584950.58,6,23.7,Média
2023,3,2023-03-01,Nordeste,BA,Feira de Santana,187151,15944,79.73,981.27,136840344.22,10,24.8,Média
2023,3,2023-03-01,Nordeste,PE,Recife,351537,1579,74.52,421.72,70701507.52,8,36.4,Média
2023,3,2023-03-01,Nordeste,PE,Jaboatão dos Guararapes,35380,17321,43.65,610.66,199746954.26,10,33.3,Média
2023,3,2023-03-01,Nordeste,CE,Fortaleza,426931,23398,68.17,930.73,58881165.22,8,25.8,Baixa
2023,3,2023-03-01,Nordeste,CE,Juazeiro do Norte,307229,79520,40.19,833.2,198465704.87,9,20.8,Média
2023,3,2023-03-01,Nordeste,MA,São Luís,278896,15171,43.31,832.15,88227125.42,14,27.0,Baixa
2023,3,2023-03-01,Nordeste,PB,João Pessoa,194446,64582,46.18,956.19,59714188.93,7,27.0,Alta
2023,3,2023-03-01,Centro-Oeste,DF,Brasília,17532,23885,65.19,449.11,57422752.37,4,26.0,Média
2023,3,2023-03-01,Centro-Oeste,GO,Goiânia,126306,65252,42.59,991.02,25588398.2,6,22.3,Alta
2023,3,2023-03-01,Centro-Oeste,GO,Aparecida de Goiânia,184389,66261,58.85,226.84,165139951.36,12,29.5,Média
2023,3,2023-03-01,Centro-Oeste,MT,Cuiabá,148195,54245,72.19,1058.68,133726113.21,4,29.8,Média
2023,3,2023-03-01,Centro-Oeste,MS,Campo Grande,87794,4206,81.72,1009.76,178869567.74,11,26.6,Média
2023,3,2023-03-01,Sudeste,SP,São Paulo,183015,1022,33.59,1105.13,190613674.68,8,28.4,Média
2023,3,2023-03-01,Sudeste,SP,Campinas,103237,52525,35.5,170.76,10492057.15,4,19.0,Baixa
2023,3,2023-03-01,Sudeste,SP,Ribeirão Preto,402709,52350,56.93,578.86,154662539.08,7,18.3,Média
2023,3,2023-03-01,Sudeste,RJ,Rio de Janeiro,390889,66792,26.74,216.65,61116871.14,13,26.7,Alta
2023,3,2023-03-01,Sudeste,RJ,Niterói,219459,76707,74.37,513.08,77584640.29,10,32.3,Média
2023,3,2023-03-01,Sudeste,RJ,Nova Iguaçu,264183,30772,36.12,701.83,134196088.12,10,24.6,Média
2023,3,2023-03-01,Sudeste,RJ,Petrópolis,10961,57009,45.57,578.41,165216603.44,15,19.4,Alta
2023,3,2023-03-01,Sudeste,MG,Belo Horizonte,438202,26581,32.59,1025.79,135141436.39,10,24.2,Alta
2023,3,2023-03-01,Sudeste,MG,Uberlândia,131498,72676,44.89,1008.48,176882481.29,12,18.7,Baixa
2023,3,2023-03-01,Sudeste,MG,Juiz de Fora,189221,62459,81.7,909.86,7291124.45,12,25.6,Média
2023,3,2023-03-01,Sudeste,ES,Vitória,166770,67586,26.84,705.0,5359605.82,9,21.7,Alta
2023,3,2023-03-01,Sudeste,ES,Vila Velha,334357,50681,41.86,702.85,78066803.79,9,24.1,Alta
2023,3,2023-03-01,Sudeste,ES,Serra,219143,3700,31.74,923.32,116915541.11,7,26.4,Baixa
2023,3,2023-03-01,Sul,PR,Curitiba,335232,40435,28.69,746.31,144646075.73,8,24.9,Alta
2023,3,2023-03-01,Sul,PR,Londrina,336662,71557,84.41,902.03,112031863.82,8,30.7,Média
2023,3,2023-03-01,Sul,SC,Florianópolis,271303,38105,84.4,920.47,181179717.15,13,27.2,Baixa
2023,3,2023-03-01,Sul,SC,Joinville,205830,47287,87.9,1015.19,128338455.12,10,26.5,Alta
2023,3,2023-03-01,Sul,RS,Porto Alegre,488704,67145,38.43,1044.87,12309798.86,10,28.7,Alta
2023,3,2023-03-01,Sul,RS,Caxias do Sul,497676,38265,64.31,830.81,47415519.44,13,27.2,Média
2023,4,2023-04-01,Norte,AM,Manaus,115624,11800,87.7,969.53,193097002.4,14,18.6,Baixa
2023,4,2023-04-01,Norte,PA,Belém,458902,74272,67.06,788.34,47385107.05,10,28.7,Baixa
2023,4,2023-04-01,Norte,PA,Santarém,30528,40470,37.37,1007.57,188791734.26,17,16.0,Alta
2023,4,2023-04-01,Norte,RO,Porto Velho,357521,77127,54.6,743.75,68226690.16,8,25.0,Média
2023,4,2023-04-01,Norte,TO,Palmas,284579,58899,39.12,1154.35,27356970.51,11,29.0,Baixa
2023,4,2023-04-01,Nordeste,BA,Salvador,439329,12361,53.59,237.63,60195622.25,10,26.4,Baixa
2023,4,2023-04-01,Nordeste,BA,Feira de Santana,436021,13886,64.84,443.08,33119254.05,10,31.3,Alta
2023,4,2023-04-01,Nordeste,PE,Recife,57058,62644,62.84,228.44,108299602.22,13,26.9,Alta
2023,4,2023-04-01,Nordeste,PE,Jaboatão dos Guararapes,141769,62737,54.95,1039.09,180268493.16,12,25.4,Baixa
2023,4,2023-04-01,Nordeste,CE,Fortaleza,336542,39575,42.13,217.34,78275868.87,9,24.3,Baixa
2023,4,2023-04-01,Nordeste,CE,Juazeiro do Norte,72989,29807,29.2,364.97,142902116.03,11,25.2,Alta
2023,4,2023-04-01,Nordeste,MA,São Luís,81294,39078,56.49,1065.0,172204834.05,10,23.7,Média
2023,4,2023-04-01,Nordeste,PB,João Pessoa,417053,15681,67.19,1005.56,53275050.0,8,26.9,Média
2023,4,2023-04-01,Centro-Oeste,DF,Brasília,327146,71026,93.1,550.96,185482326.5,20,26.4,Média
2023,4,2023-04-01,Centro-Oeste,GO,Goiânia,187053,73807,81.02,986.87,156865898.64,5,21.7,Baixa
2023,4,2023-04-01,Centro-Oeste,GO,Aparecida de Goiânia,99587,38434,42.5,186.55,157915643.28,10,21.2,Média
2023,4,2023-04-01,Centro-Oeste,MT,Cuiabá,119684,38517,39.52,1000.2,12745999.04,12,18.2,Baixa
2023,4,2023-04-01,Centro-Oeste,MS,Campo Grande,466781,49035,26.74,723.83,75286227.62,8,24.8,Média
2023,4,2023-04-01,Sudeste,SP,São Paulo,307074,45569,89.24,363.64,99805676.83,9,23.3,Média
2023,4,2023-04-01,Sudeste,SP,Campinas,326669,11747,25.43,197.41,110034231.11,8,19.7,Baixa
2023,4,2023-04-01,Sudeste,SP,Ribeirão Preto,48514,35984,36.44,226.32,133325388.14,8,19.4,Média
2023,4,2023-04-01,Sudeste,RJ,Rio de Janeiro,250395,2344,31.43,697.28,163667800.99,11,21.8,Média
2023,4,2023-04-01,Sudeste,RJ,Niterói,149287,16326,51.44,386.06,67949960.01,7,25.9,Baixa
2023,4,2023-04-01,Sudeste,RJ,Nova Iguaçu,244380,8005,60.47,1111.22,146993001.26,11,21.0,Alta
2023,4,2023-04-01,Sudeste,RJ,Petrópolis,245451,10323,76.51,930.82,67291355.25,18,29.5,Média
2023,4,2023-04-01,Sudeste,MG,Belo Horizonte,83809,37892,59.59,1174.45,96269395.16,15,20.1,Alta
2023,4,2023-04-01,Sudeste,MG,Uberlândia,26873,70475,45.12,1120.93,19507404.57,7,18.2,Baixa
2023,4,2023-04-01,Sudeste,MG,Juiz de Fora,455978,47839,25.93,814.68,101052477.96,15,25.5,Alta
2023,4,2023-04-01,Sudeste,ES,Vitória,467785,14826,86.6,1189.18,145722930.51,12,21.6,Alta
2023,4,2023-04-01,Sudeste,ES,Vila Velha,230375,55413,73.22,953.51,57039455.33,9,25.7,Média
2023,4,2023-04-01,Sudeste,ES,Serra,249983,71520,59.91,398.87,72320852.75,8,27.5,Alta
2023,4,2023-04-01,Sul,PR,Curitiba,328252,75811,79.19,163.23,21169483.3,5,22.5,Média
2023,4,2023-04-01,Sul,PR,Londrina,125969,65923,42.8,1175.31,91414353.63,10,22.9,Baixa
2023,4,2023-04-01,Sul,SC,Florianópolis,334016,72359,27.11,762.65,38156465.91,5,21.7,Alta
2023,4,2023-04-01,Sul,SC,Joinville,70382,39464,90.75,916.89,124217712.67,11,30.2,Alta
2023,4,2023-04-01,Sul,RS,Porto Alegre,64257,15511,78.25,434.87,15661948.29,9,21.2,Média
2023,4,2023-04-01,Sul,RS,Caxias do Sul,348889,76550,70.46,969.71,123989213.45,14,21.2,Média
2023,5,2023-05-01,Norte,AM,Manaus,402652,60217,63.86,594.51,42061554.99,11,27.8,Baixa
2023,5,2023-05-01,Norte,PA,Belém,366426,57808,82.52,1025.64,157134443.75,12,26.1,Alta
2023,5,2023-05-01,Norte,PA,Santarém,401611,61569,59.14,188.01,17583749.09,10,23.5,Baixa
2023,5,2023-05-01,Norte,RO,Porto Velho,305877,70123,51.51,294.69,116551963.65,13,21.2,Alta
2023,5,2023-05-01,Norte,TO,Palmas,160081,26949,92.97,982.72,131279182.66,5,23.7,Média
2023,5,2023-05-01,Nordeste,BA,Salvador,104195,76786,53.44,1186.93,148234458.47,6,26.3,Média
2023,5,2023-05-01,Nordeste,BA,Feira de Santana,393649,43693,82.48,1114.3,12045177.35,9,24.4,Baixa
2023,5,2023-05-01,Nordeste,PE,Recife,378020,79091,63.08,551.39,83650400.38,8,24.1,Alta
2023,5,2023-05-01,Nordeste,PE,Jaboatão dos Guararapes,144100,41944,76.31,269.18,125197721.11,12,20.6,Média
2023,5,2023-05-01,Nordeste,CE,Fortaleza,451167,8985,31.97,968.67,163260096.76,12,28.4,Alta
2023,5,2023-05-01,Nordeste,CE,Juazeiro do Norte,182541,35734,80.64,217.46,7492886.74,13,25.6,Baixa
2023,5,2023-05-01,Nordeste,MA,São Luís,260278,5654,47.24,665.49,174204116.31,15,26.8,Alta
2023,5,2023-05-01,Nordeste,PB,João Pessoa,142030,16661,93.36,235.59,176068510.45,8,22.9,Alta
2023,5,2023-05-01,Centro-Oeste,DF,Brasília,481091,60413,36.76,870.13,123936802.49,10,23.8,Alta
2023,5,2023-05-01,Centro-Oeste,GO,Goiânia,84761,26762,74.64,261.33,78387878.03,6,27.1,Baixa
2023,5,2023-05-01,Centro-Oeste,GO,Aparecida de Goiânia,462974,78230,43.79,785.04,79820437.39,9,25.1,Média
2023,5,2023-05-01,Centro-Oeste,MT,Cuiabá,242347,75842,33.01,449.18,170482742.44,17,24.6,Baixa
2023,5,2023-05-01,Centro-Oeste,MS,Campo Grande,98349,31679,62.22,773.63,88871511.46,6,30.6,Média
2023,5,2023-05-01,Sudeste,SP,São Paulo,188721,30560,63.42,1074.35,31286908.45,11,30.1,Alta
2023,5,2023-05-01,Sudeste,SP,Campinas,272599,22239,92.48,213.28,146541573.82,9,26.9,Alta
2023,5,2023-05-01,Sudeste,SP,Ribeirão Preto,431913,20676,86.08,404.83,54662578.83,13,25.0,Média
2023,5,2023-05-01,Sudeste,RJ,Rio de Janeiro,447369,33971,33.96,768.81,122633507.8,5,22.2,Média
2023,5,2023-05-01,Sudeste,RJ,Niterói,272296,18476,28.06,782.76,112334980.25,11,24.1,Alta
2023,5,2023-05-01,Sudeste,RJ,Nova Iguaçu,448981,68464,48.08,162.54,21507247.26,12,23.0,Baixa
2023,5,2023-05-01,Sudeste,RJ,Petrópolis,254263,44300,94.72,165.38,137724257.77,10,25.9,Média
2023,5,2023-05-01,Sudeste,MG,Belo Horizonte,387158,72855,90.97,371.67,40605904.25,8,31.6,Baixa
2023,5,2023-05-01,Sudeste,MG,Uberlândia,412474,12852,88.36,309.53,90904026.32,4,25.6,Alta
2023,5,2023-05-01,Sudeste,MG,Juiz de Fora,398605,68311,63.14,533.1,95743186.53,11,29.6,Baixa
2023,5,2023-05-01,Sudeste,ES,Vitória,407738,29486,26.45,784.57,19203250.35,12,24.0,Média
2023,5,2023-05-01,Sudeste,ES,Vila Velha,164095,13698,79.95,1032.07,198304505.01,8,33.2,Baixa
2023,5,2023-05-01,Sudeste,ES,Serra,416497,52246,41.87,219.32,35256055.32,8,22.8,Média
2023,5,2023-05-01,Sul,PR,Curitiba,248907,6323,46.41,610.26,58190747.61,9,27.2,Média
2023,5,2023-05-01,Sul,PR,Londrina,100392,39047,38.97,334.89,140300840.13,10,29.3,Média
2023,5,2023-05-01,Sul,SC,Florianópolis,247816,72060,51.98,642.85,101029951.11,10,33.0,Baixa
2023,5,2023-05-01,Sul,SC,Joinville,465557,41125,79.99,554.01,35939715.28,11,30.0,Média
2023,5,2023-05-01,Sul,RS,Porto Alegre,23588,27340,36.46,901.78,171881439.43,9,23.2,Baixa
2023,5,2023-05-01,Sul,RS,Caxias do Sul,220455,54047,57.47,953.31,191224010.79,11,23.6,Média
2023,6,2023-06-01,Norte,AM,Manaus,276749,29992,35.45,490.9,90208054.51,12,23.0,Média
2023,6,2023-06-01,Norte,PA,Belém,45081,16913,69.2,451.96,102315038.75,6,24.0,Média
2023,6,2023-06-01,Norte,PA,Santarém,495919,1028,70.98,862.95,91297645.68,10,22.6,Baixa
2023,6,2023-06-01,Norte,RO,Porto Velho,355029,30701,33.31,806.09,31237566.4,6,25.1,Média
2023,6,2023-06-01,Norte,TO,Palmas,86436,63996,34.24,563.05,33418554.55,10,23.2,Média
2023,6,2023-06-01,Nordeste,BA,Salvador,112537,4641,86.69,1033.97,113594193.23,8,23.9,Média
2023,6,2023-06-01,Nordeste,BA,Feira de Santana,14826,21432,57.86,347.7,152354624.71,14,21.8,Baixa
2023,6,2023-06-01,Nordeste,PE,Recife,152960,32269,78.28,656.55,122621499.19,12,24.9,Média
2023,6,2023-06-01,Nordeste,PE,Jaboatão dos Guararapes,249008,53825,80.78,799.19,4545803.41,12,20.5,Média
2023,6,2023-06-01,Nordeste,CE,Fortaleza,351042,69925,46.88,760.27,147174578.68,7,32.7,Baixa
2023,6,2023-06-01,Nordeste,CE,Juazeiro do Norte,458420,74485,54.74,590.03,151705192.79,4,28.2,Média
2023,6,2023-06-01,Nordeste,MA,São Luís,274786,3468,45.61,424.82,112600073.37,11,23.7,Alta
2023,6,2023-06-01,Nordeste,PB,João Pessoa,396477,62961,86.47,812.51,89645570.18,14,17.6,Média
2023,6,2023-06-01,Centro-Oeste,DF,Brasília,193488,10316,85.95,1008.68,53130223.46,11,22.9,Alta
2023,6,2023-06-01,Centro-Oeste,GO,Goiânia,141880,2155,80.07,806.29,167736571.39,12,23.9,Alta
2023,6,2023-06-01,Centro-Oeste,GO,Aparecida de Goiânia,416618,17877,76.0,847.05,31200689.27,8,28.3,Alta
2023,6,2023-06-01,Centro-Oeste,MT,Cuiabá,304471,58715,67.24,288.17,133733265.53,9,27.5,Baixa
2023,6,2023-06-01,Centro-Oeste,MS,Campo Grande,233700,60030,69.77,848.17,17012470.41,13,24.5,Baixa
2023,6,2023-06-01,Sudeste,SP,São Paulo,488839,24946,47.49,1175.39,91648248.81,12,22.6,Baixa
2023,6,2023-06-01,Sudeste,SP,Campinas,59869,44158,84.15,329.04,178390518.37,11,17.5,Alta
2023,6,2023-06-01,Sudeste,SP,Ribeirão Preto,427337,29364,39.67,1146.18,19257288.78,12,25.2,Alta
2023,6,2023-06-01,Sudeste,RJ,Rio de Janeiro,196832,25485,62.35,598.18,117458809.18,8,26.2,Baixa
2023,6,2023-06-01,Sudeste,RJ,Niterói,292415,39268,74.1,436.12,105265688.04,10,25.9,Baixa
2023,6,2023-06-01,Sudeste,RJ,Nova Iguaçu,358508,73505,37.39,785.71,73470404.07,18,27.3,Alta
2023,6,2023-06-01,Sudeste,RJ,Petrópolis,269172,68956,31.48,348.68,129147622.32,6,26.8,Média
2023,6,2023-06-01,Sudeste,MG,Belo Horizonte,217243,59490,57.82,1186.8,135006492.12,9,25.2,Média
2023,6,2023-06-01,Sudeste,MG,Uberlândia,339187,8786,42.37,937.26,43992189.72,9,22.2,Alta
2023,6,2023-06-01,Sudeste,MG,Juiz de Fora,372394,26566,87.75,330.8,180856038.85,5,30.5,Baixa
2023,6,2023-06-01,Sudeste,ES,Vitória,315603,54136,40.69,210.66,122937775.63,6,23.7,Média
2023,6,2023-06-01,Sudeste,ES,Vila Velha,364749,61890,92.26,929.29,40657812.14,10,26.9,Baixa
2023,6,2023-06-01,Sudeste,ES,Serra,344027,76789,38.83,496.57,86195834.32,8,27.7,Baixa
2023,6,2023-06-01,Sul,PR,Curitiba,320174,32456,39.88,1189.0,141250848.14,8,24.7,Alta
2023,6,2023-06-01,Sul,PR,Londrina,167739,7611,75.92,777.13,75155996.38,16,27.4,Média
2023,6,2023-06-01,Sul,SC,Florianópolis,432358,46904,50.28,505.03,145453657.59,9,24.7,Baixa
2023,6,2023-06-01,Sul,SC,Joinville,288046,64402,82.61,1018.99,60595972.12,10,25.8,Média
2023,6,2023-06-01,Sul,RS,Porto Alegre,492461,26385,29.03,1072.63,177768155.61,10,19.6,Média
2023,6,2023-06-01,Sul,RS,Caxias do Sul,275109,20944,81.01,295.63,132627356.83,4,27.6,Baixa
2023,7,2023-07-01,Norte,AM,Manaus,357649,62929,74.93,651.76,95701114.31,11,32.1,Média
2023,7,2023-07-01,Norte,PA,Belém,447876,12886,52.96,783.08,180631886.6,10,20.7,Baixa
2023,7,2023-07-01,Norte,PA,Santarém,484497,74680,32.77,199.04,101013911.63,15,26.8,Alta
2023,7,2023-07-01,Norte,RO,Porto Velho,110346,64143,94.01,1025.51,18406025.47,6,31.1,Média
2023,7,2023-07-01,Norte,TO,Palmas,444016,4175,76.31,836.44,102689853.18,12,24.5,Alta
2023,7,2023-07-01,Nordeste,BA,Salvador,491728,10323,57.24,1065.85,156838469.25,12,22.2,Média
2023,7,2023-07-01,Nordeste,BA,Feira de Santana,140198,68288,50.95,518.0,92181049.43,15,21.2,Baixa
2023,7,2023-07-01,Nordeste,PE,Recife,180397,30410,39.92,602.24,83974453.11,9,26.5,Alta
2023,7,2023-07-01,Nordeste,PE,Jaboatão dos Guararapes,174110,48324,54.27,1061.36,67328702.96,14,26.2,Baixa
2023,7,2023-07-01,Nordeste,CE,Fortaleza,82509,15179,75.96,1149.39,26157547.81,5,19.1,Baixa
2023,7,2023-07-01,Nordeste,CE,Juazeiro do Norte,216051,5829,56.18,460.12,100575562.98,11,25.3,Alta
2023,7,2023-07-01,Nordeste,MA,São Luís,91259,21824,94.26,1129.22,38565336.13,7,29.1,Média
2023,7,2023-07-01,Nordeste,PB,João Pessoa,64274,42143,27.21,640.22,25502093.96,12,14.6,Média
2023,7,2023-07-01,Centro-Oeste,DF,Brasília,453373,68377,60.78,998.44,30380109.87,4,27.9,Média
2023,7,2023-07-01,Centro-Oeste,GO,Goiânia,185963,15596,30.05,655.26,73962651.66,15,24.8,Alta
2023,7,2023-07-01,Centro-Oeste,GO,Aparecida de Goiânia,296096,58702,38.04,153.64,122521970.13,7,17.0,Média
2023,7,2023-07-01,Centro-Oeste,MT,Cuiabá,365260,62310,73.57,429.61,59512463.09,4,23.6,Alta
2023,7,2023-07-01,Centro-Oeste,MS,Campo Grande,260047,56192,71.54,775.31,103092680.64,8,25.1,Baixa
2023,7,2023-07-01,Sudeste,SP,São Paulo,85871,38469,48.26,180.68,196875638.57,6,30.1,Baixa
2023,7,2023-07-01,Sudeste,SP,Campinas,431387,48249,67.0,1035.62,161399873.27,5,26.1,Baixa
2023,7,2023-07-01,Sudeste,SP,Ribeirão Preto,460552,53285,28.74,628.55,69781753.44,6,31.0,Baixa
2023,7,2023-07-01,Sudeste,RJ,Rio de Janeiro,201654,5215,54.26,1169.5,16906009.58,14,26.9,Alta
2023,7,2023-07-01,Sudeste,RJ,Niterói,444066,12868,33.11,461.96,131320617.06,10,25.7,Média
2023,7,2023-07-01,Sudeste,RJ,Nova Iguaçu,68883,64831,53.08,232.29,195375339.39,6,26.3,Baixa
2023,7,2023-07-01,Sudeste,RJ,Petrópolis,339197,56906,65.82,574.61,37895077.8,11,30.9,Alta
2023,7,2023-07-01,Sudeste,MG,Belo Horizonte,482561,79911,55.11,997.12,186707048.75,11,22.9,Média
2023,7,2023-07-01,Sudeste,MG,Uberlândia,364540,79467,64.91,737.54,94093541.26,7,23.0,Alta
2023,7,2023-07-01,Sudeste,MG,Juiz de Fora,442665,27210,46.36,605.97,90478271.32,15,25.8,Média
2023,7,2023-07-01,Sudeste,ES,Vitória,45608,75903,38.36,220.62,16493023.7,9,21.7,Alta
2023,7,2023-07-01,Sudeste,ES,Vila Velha,496549,36729,45.49,791.86,73050526.94,10,22.7,Baixa
2023,7,2023-07-01,Sudeste,ES,Serra,227525,34748,76.88,480.4,153178446.5,9,26.6,Média
2023,7,2023-07-01,Sul,PR,Curitiba,405285,73409,47.89,905.1,124681716.62,10,21.8,Alta
2023,7,2023-07-01,Sul,PR,Londrina,116044,6946,25.32,940.3,119763396.6,9,24.5,Média
2023,7,2023-07-01,Sul,SC,Florianópolis,412619,56651,63.92,271.32,124115668.71,9,21.7,Média
2023,7,2023-07-01,Sul,SC,Joinville,99603,68724,57.26,1064.29,57261284.74,10,24.7,Média
2023,7,2023-07-01,Sul,RS,Porto Alegre,219621,25617,27.46,389.52,110165211.78,8,26.9,Alta
2023,7,2023-07-01,Sul,RS,Caxias do Sul,319640,48512,29.95,864.3,168899473.0,7,24.3,Alta
2023,8,2023-08-01,Norte,AM,Manaus,80409,72295,93.09,600.33,124921124.14,13,27.2,Baixa
2023,8,2023-08-01,Norte,PA,Belém,367476,67499,77.57,398.97,67207486.65,7,27.8,Alta
2023,8,2023-08-01,Norte,PA,Santarém,204465,47451,76.55,933.53,198697585.78,10,37.7,Alta
2023,8,2023-08-01,Norte,RO,Porto Velho,430285,9878,66.02,466.56,60792785.25,6,27.3,Alta
2023,8,2023-08-01,Norte,TO,Palmas,208443,10065,29.48,535.81,41849895.44,6,26.0,Média
2023,8,2023-08-01,Nordeste,BA,Salvador,491223,46964,84.34,907.74,24848224.75,8,24.1,Alta
2023,8,2023-08-01,Nordeste,BA,Feira de Santana,243814,30792,38.99,679.24,71875895.63,11,22.7,Baixa
2023,8,2023-08-01,Nordeste,PE,Recife,101624,69833,60.66,700.79,106313239.62,16,18.1,Alta
2023,8,2023-08-01,Nordeste,PE,Jaboatão dos Guararapes,190739,25143,79.02,673.05,1588074.09,11,24.7,Média
2023,8,2023-08-01,Nordeste,CE,Fortaleza,490758,11937,87.51,939.17,134355578.73,8,24.6,Alta
2023,8,2023-08-01,Nordeste,CE,Juazeiro do Norte,266631,2208,78.92,411.34,47297529.75,7,23.4,Média
2023,8,2023-08-01,Nordeste,MA,São Luís,354773,60085,31.87,1052.05,8643916.2,8,14.2,Baixa
2023,8,2023-08-01,Nordeste,PB,João Pessoa,470161,56260,66.66,1029.75,150576030.85,7,27.9,Baixa
2023,8,2023-08-01,Centro-Oeste,DF,Brasília,492416,20507,76.5,526.15,66220488.42,3,32.0,Média
2023,8,2023-08-01,Centro-Oeste,GO,Goiânia,448581,65763,36.28,715.26,125229956.77,14,27.7,Baixa
2023,8,2023-08-01,Centro-Oeste,GO,Aparecida de Goiânia,498060,46633,33.11,1077.36,77553252.47,8,22.2,Média
2023,8,2023-08-01,Centro-Oeste,MT,Cuiabá,42676,41739,44.09,726.05,115282881.18,14,21.5,Média
2023,8,2023-08-01,Centro-Oeste,MS,Campo Grande,238430,16447,28.12,194.72,15120792.37,10,21.5,Média
2023,8,2023-08-01,Sudeste,SP,São Paulo,379703,57805,61.57,214.7,38453983.48,9,22.2,Alta
2023,8,2023-08-01,Sudeste,SP,Campinas,61865,31992,71.23,364.76,177396757.87,4,17.4,Média
2023,8,2023-08-01,Sudeste,SP,Ribeirão Preto,386335,14094,68.11,700.44,190679712.4,9,27.3,Alta
2023,8,2023-08-01,Sudeste,RJ,Rio de Janeiro,305867,49054,41.17,548.29,89075487.14,8,25.8,Alta
2023,8,2023-08-01,Sudeste,RJ,Niterói,211348,38192,91.82,846.82,93577638.95,9,26.7,Baixa
2023,8,2023-08-01,Sudeste,RJ,Nova Iguaçu,418368,19415,73.93,1107.37,14626514.86,12,27.9,Média
2023,8,2023-08-01,Sudeste,RJ,Petrópolis,64354,10645,75.85,1168.77,154667351.65,8,20.5,Baixa
2023,8,2023-08-01,Sudeste,MG,Belo Horizonte,317964,18718,71.7,1184.09,5522058.9,10,24.6,Média
2023,8,2023-08-01,Sudeste,MG,Uberlândia,499896,27163,46.88,970.71,37204280.24,11,18.2,Baixa
2023,8,2023-08-01,Sudeste,MG,Juiz de Fora,100440,55719,74.11,1023.62,159525916.85,13,25.4,Baixa
2023,8,2023-08-01,Sudeste,ES,Vitória,476937,55209,45.12,600.56,59357756.14,9,23.8,Alta
2023,8,2023-08-01,Sudeste,ES,Vila Velha,149569,2192,39.27,358.63,182120331.51,17,22.1,Baixa
2023,8,2023-08-01,Sudeste,ES,Serra,129212,5388,52.23,1197.98,23208460.84,10,28.0,Média
2023,8,2023-08-01,Sul,PR,Curitiba,139436,51134,37.59,636.49,19617920.66,11,19.9,Média
2023,8,2023-08-01,Sul,PR,Londrina,49610,34036,28.1,856.86,93779623.06,7,29.3,Baixa
2023,8,2023-08-01,Sul,SC,Florianópolis,263206,44461,68.03,391.24,81669708.12,5,29.8,Média
2023,8,2023-08-01,Sul,SC,Joinville,175982,58043,37.68,823.75,111009509.41,6,19.5,Média
2023,8,2023-08-01,Sul,RS,Porto Alegre,62943,52410,34.82,303.46,65891596.11,16,25.7,Baixa
2023,8,2023-08-01,Sul,RS,Caxias do Sul,14683,15631,89.42,660.61,193543456.53,7,29.2,Média
2023,9,2023-09-01,Norte,AM,Manaus,118305,20299,62.34,375.67,128271163.18,9,24.2,Média
2023,9,2023-09-01,Norte,PA,Belém,11875,39488,79.07,548.88,121826133.43,11,29.6,Média
2023,9,2023-09-01,Norte,PA,Santarém,334364,29855,38.82,370.19,54210801.23,10,25.0,Baixa
2023,9,2023-09-01,Norte,RO,Porto Velho,325356,8207,49.92,524.29,1206645.64,16,25.0,Alta
2023,9,2023-09-01,Norte,TO,Palmas,328531,32779,68.78,840.96,196251542.46,10,26.6,Baixa
2023,9,2023-09-01,Nordeste,BA,Salvador,343145,59516,29.97,534.11,171183491.01,6,15.1,Média
2023,9,2023-09-01,Nordeste,BA,Feira de Santana,389371,39516,73.18,1047.13,30129887.8,11,20.8,Média
2023,9,2023-09-01,Nordeste,PE,Recife,442829,3864,34.08,631.4,160832230.95,19,22.4,Baixa
2023,9,2023-09-01,Nordeste,PE,Jaboatão dos Guararapes,89714,54016,79.33,594.22,108864681.56,7,22.0,Média
2023,9,2023-09-01,Nordeste,CE,Fortaleza,165426,36936,42.49,994.92,65920654.27,9,21.1,Alta
2023,9,2023-09-01,Nordeste,CE,Juazeiro do Norte,477032,33363,68.41,1155.47,198586385.96,18,29.9,Baixa
2023,9,2023-09-01,Nordeste,MA,São Luís,41275,29697,84.47,1100.25,114351685.88,10,26.9,Alta
2023,9,2023-09-01,Nordeste,PB,João Pessoa,202360,36427,52.11,491.71,189662734.88,10,24.6,Baixa
2023,9,2023-09-01,Centro-Oeste,DF,Brasília,119738,21140,80.4,547.79,37035207.78,7,26.0,Média
2023,9,2023-09-01,Centro-Oeste,GO,Goiânia,451098,7746,73.56,412.26,135642234.1,12,27.0,Baixa
2023,9,2023-09-01,Centro-Oeste,GO,Aparecida de Goiânia,472500,5507,66.48,795.32,65988969.78,10,24.7,Média
2023,9,2023-09-01,Centro-Oeste,MT,Cuiabá,34037,45155,54.78,800.04,61779961.26,11,21.7,Média
2023,9,2023-09-01,Centro-Oeste,MS,Campo Grande,162616,5201,87.85,399.16,105718440.66,5,22.9,Média
2023,9,2023-09-01,Sudeste,SP,São Paulo,339144,72326,54.82,1145.04,97027059.92,15,26.5,Média
2023,9,2023-09-01,Sudeste,SP,Campinas,367327,48129,62.92,352.1,171983801.76,5,23.6,Média
2023,9,2023-09-01,Sudeste,SP,Ribeirão Preto,234572,46420,48.26,586.75,19412640.1,11,23.4,Média
2023,9,2023-09-01,Sudeste,RJ,Rio de Janeiro,58095,55895,54.25,709.98,109835212.81,16,18.0,Alta
2023,9,2023-09-01,Sudeste,RJ,Niterói,433262,19882,57.81,443.9,113824744.21,8,31.1,Média
2023,9,2023-09-01,Sudeste,RJ,Nova Iguaçu,262573,34308,50.25,221.36,189698000.66,6,25.6,Alta
2023,9,2023-09-01,Sudeste,RJ,Petrópolis,451940,50472,41.63,835.44,29842583.42,14,24.8,Média
2023,9,2023-09-01,Sudeste,MG,Belo Horizonte,211722,47190,54.57,560.89,88036405.42,5,30.3,Baixa
2023,9,2023-09-01,Sudeste,MG,Uberlândia,142256,70909,53.44,404.65,171654116.65,10,27.2,Baixa
2023,9,2023-09-01,Sudeste,MG,Juiz de Fora,430311,10645,85.98,681.46,16307095.5,8,30.2,Média
2023,9,2023-09-01,Sudeste,ES,Vitória,31485,13601,57.74,942.08,132303980.51,14,17.0,Alta
2023,9,2023-09-01,Sudeste,ES,Vila Velha,221614,48401,33.83,1112.47,183507364.47,13,18.7,Baixa
2023,9,2023-09-01,Sudeste,ES,Serra,30102,15978,32.53,865.83,13382992.78,11,29.7,Alta
2023,9,2023-09-01,Sul,PR,Curitiba,211764,31971,39.47,343.66,28959755.96,6,29.2,Baixa
2023,9,2023-09-01,Sul,PR,Londrina,43797,46468,36.29,1189.99,80324838.99,12,26.7,Média
2023,9,2023-09-01,Sul,SC,Florianópolis,222333,14278,45.45,1151.47,50537605.89,10,23.5,Alta
2023,9,2023-09-01,Sul,SC,Joinville,109523,44696,27.02,875.11,119180227.17,9,30.6,Alta
2023,9,2023-09-01,Sul,RS,Porto Alegre,464757,74696,29.03,894.75,107161777.71,3,29.6,Baixa
2023,9,2023-09-01,Sul,RS,Caxias do Sul,262055,15233,80.34,652.74,162550861.14,7,24.7,Média
2023,10,2023-10-01,Norte,AM,Manaus,122873,28388,40.02,843.31,167031078.94,13,22.2,Baixa
2023,10,2023-10-01,Norte,PA,Belém,139146,11160,30.72,861.15,33249051.37,7,15.3,Baixa
2023,10,2023-10-01,Norte,PA,Santarém,354356,23229,48.24,609.84,185612859.82,7,25.3,Alta
2023,10,2023-10-01,Norte,RO,Porto Velho,145900,26672,41.28,1065.8,16163867.21,5,28.5,Média
2023,10,2023-10-01,Norte,TO,Palmas,162488,9738,83.38,657.16,175527492.51,10,25.2,Baixa
2023,10,2023-10-01,Nordeste,BA,Salvador,170420,66160,93.66,1045.85,3726967.53,14,29.8,Baixa
2023,10,2023-10-01,Nordeste,BA,Feira de Santana,453257,48480,64.15,701.53,26245465.86,11,27.9,Baixa
2023,10,2023-10-01,Nordeste,PE,Recife,298079,51757,79.78,654.18,80173127.93,12,21.8,Média
2023,10,2023-10-01,Nordeste,PE,Jaboatão dos Guararapes,172870,43048,59.65,626.34,81167082.71,8,18.9,Média
2023,10,2023-10-01,Nordeste,CE,Fortaleza,231016,78671,78.39,155.93,138854692.93,10,27.2,Alta
2023,10,2023-10-01,Nordeste,CE,Juazeiro do Norte,233462,7703,73.79,1044.85,140742487.88,10,34.0,Alta
2023,10,2023-10-01,Nordeste,MA,São Luís,426194,41351,43.61,956.2,145177097.85,8,26.3,Média
2023,10,2023-10-01,Nordeste,PB,João Pessoa,271051,78601,44.48,1105.54,135782342.65,9,26.9,Média
2023,10,2023-10-01,Centro-Oeste,DF,Brasília,268727,9090,42.1,1012.52,93126034.52,16,30.4,Média
2023,10,2023-10-01,Centro-Oeste,GO,Goiânia,216530,43171,26.23,524.69,96454324.84,15,18.2,Baixa
2023,10,2023-10-01,Centro-Oeste,GO,Aparecida de Goiânia,462567,33655,92.32,899.87,103818454.71,12,28.7,Média
2023,10,2023-10-01,Centro-Oeste,MT,Cuiabá,38976,52432,52.02,510.97,151055503.77,6,25.9,Média
2023,10,2023-10-01,Centro-Oeste,MS,Campo Grande,408783,60006,65.37,806.9,92304926.34,8,22.4,Alta
2023,10,2023-10-01,Sudeste,SP,São Paulo,119365,49708,32.46,1044.35,25783848.25,11,22.9,Alta
2023,10,2023-10-01,Sudeste,SP,Campinas,370386,67384,52.4,702.0,18857531.21,19,29.7,Alta
2023,10,2023-10-01,Sudeste,SP,Ribeirão Preto,316098,66639,32.83,873.95,118352676.58,8,28.4,Média
2023,10,2023-10-01,Sudeste,RJ,Rio de Janeiro,156653,61230,62.21,1123.75,95976434.09,7,24.3,Média
2023,10,2023-10-01,Sudeste,RJ,Niterói,82585,14373,31.92,273.59,87208215.46,10,21.6,Alta
2023,10,2023-10-01,Sudeste,RJ,Nova Iguaçu,427590,51643,73.59,548.5,150563544.71,8,26.6,Média
2023,10,2023-10-01,Sudeste,RJ,Petrópolis,288226,8096,77.4,1065.88,98595180.63,9,24.1,Média
2023,10,2023-10-01,Sudeste,MG,Belo Horizonte,333205,76226,43.01,967.88,60750906.52,12,25.8,Média
2023,10,2023-10-01,Sudeste,MG,Uberlândia,30247,11477,60.09,838.58,161312467.98,14,27.6,Média
2023,10,2023-10-01,Sudeste,MG,Juiz de Fora,153122,44454,82.83,1095.88,170731569.86,6,27.6,Média
2023,10,2023-10-01,Sudeste,ES,Vitória,334855,53171,51.43,1114.42,52947723.57,6,24.4,Alta
2023,10,2023-10-01,Sudeste,ES,Vila Velha,335415,29825,61.5,231.94,30897730.29,7,26.6,Baixa
2023,10,2023-10-01,Sudeste,ES,Serra,394294,6245,46.35,1114.06,186831826.31,13,33.0,Baixa
2023,10,2023-10-01,Sul,PR,Curitiba,176441,11189,41.77,734.82,111396545.35,8,21.8,Alta
2023,10,2023-10-01,Sul,PR,Londrina,75433,55061,85.86,1152.06,164249826.05,4,25.3,Média
2023,10,2023-10-01,Sul,SC,Florianópolis,236946,71559,68.63,869.27,25427597.18,15,28.0,Média
2023,10,2023-10-01,Sul,SC,Joinville,187696,22710,73.2,1098.13,3407391.27,11,28.1,Alta
2023,10,2023-10-01,Sul,RS,Porto Alegre,439770,45062,88.39,557.36,177390233.08,10,25.7,Média
2023,10,2023-10-01,Sul,RS,Caxias do Sul,274774,36009,85.26,1173.76,124106284.13,8,20.1,Baixa
2023,11,2023-11-01,Norte,AM,Manaus,484317,6036,87.62,172.5,170246111.92,8,27.0,Baixa
2023,11,2023-11-01,Norte,PA,Belém,220669,53644,85.11,600.19,199984624.83,13,17.6,Baixa
2023,11,2023-11-01,Norte,PA,Santarém,77169,39443,82.29,615.89,74137050.58,8,20.6,Baixa
2023,11,2023-11-01,Norte,RO,Porto Velho,118655,17024,51.1,446.03,64841302.58,14,24.2,Baixa
2023,11,2023-11-01,Norte,TO,Palmas,293849,10203,82.27,586.12,100591202.07,9,28.1,Alta
2023,11,2023-11-01,Nordeste,BA,Salvador,115986,74802,53.03,1180.23,187875410.63,5,21.2,Média
2023,11,2023-11-01,Nordeste,BA,Feira de Santana,79656,28935,63.96,310.02,131159491.92,10,25.5,Média
2023,11,2023-11-01,Nordeste,PE,Recife,322118,18561,43.68,460.36,161553479.11,9,21.1,Média
2023,11,2023-11-01,Nordeste,PE,Jaboatão dos Guararapes,125597,24932,82.06,814.94,183916798.97,6,24.3,Alta
2023,11,2023-11-01,Nordeste,CE,Fortaleza,374628,63492,63.56,644.64,185507292.2,12,26.4,Baixa
2023,11,2023-11-01,Nordeste,CE,Juazeiro do Norte,440789,1509,42.95,674.3,70924343.67,11,19.9,Alta
2023,11,2023-11-01,Nordeste,MA,São Luís,485674,42715,71.65,1102.51,20545523.09,13,16.2,Alta
2023,11,2023-11-01,Nordeste,PB,João Pessoa,162341,36666,62.98,1031.79,193685372.04,7,24.6,Alta
2023,11,2023-11-01,Centro-Oeste,DF,Brasília,281923,58738,52.38,343.97,109323007.29,10,27.1,Alta
2023,11,2023-11-01,Centro-Oeste,GO,Goiânia,67872,52905,27.39,809.7,59375189.72,8,23.7,Alta
2023,11,2023-11-01,Centro-Oeste,GO,Aparecida de Goiânia,172742,55207,34.44,798.74,121430629.77,13,34.0,Baixa
2023,11,2023-11-01,Centro-Oeste,MT,Cuiabá,61444,55660,92.03,169.46,46541320.8,9,22.4,Alta
2023,11,2023-11-01,Centro-Oeste,MS,Campo Grande,280253,54398,74.31,766.96,146432465.09,11,26.6,Baixa
2023,11,2023-11-01,Sudeste,SP,São Paulo,438742,68055,45.28,326.1,193895972.03,9,17.4,Média
2023,11,2023-11-01,Sudeste,SP,Campinas,265501,78755,71.46,976.53,109417124.71,11,30.2,Baixa
2023,11,2023-11-01,Sudeste,SP,Ribeirão Preto,294358,5815,40.2,509.77,164822013.26,13,27.1,Baixa
2023,11,2023-11-01,Sudeste,RJ,Rio de Janeiro,121418,9110,92.63,237.95,12226150.32,14,28.1,Baixa
2023,11,2023-11-01,Sudeste,RJ,Niterói,487218,70034,53.48,540.0,164736144.45,9,26.6,Alta
2023,11,2023-11-01,Sudeste,RJ,Nova Iguaçu,480862,68041,77.81,395.58,162666814.44,13,30.0,Alta
2023,11,2023-11-01,Sudeste,RJ,Petrópolis,266126,79822,49.19,1034.38,145301223.59,13,28.3,Baixa
2023,11,2023-11-01,Sudeste,MG,Belo Horizonte,322837,52479,27.86,402.7,154760256.41,16,19.6,Média
2023,11,2023-11-01,Sudeste,MG,Uberlândia,232197,49385,91.2,434.55,18978188.77,16,30.1,Alta
2023,11,2023-11-01,Sudeste,MG,Juiz de Fora,411476,43449,31.43,1013.77,24438468.18,11,22.2,Baixa
2023,11,2023-11-01,Sudeste,ES,Vitória,165711,28342,84.57,925.64,62226813.46,9,23.9,Média
2023,11,2023-11-01,Sudeste,ES,Vila Velha,108254,55615,91.62,495.14,137366426.45,10,21.8,Média
2023,11,2023-11-01,Sudeste,ES,Serra,378324,73419,64.57,1185.23,160531474.52,5,15.0,Alta
2023,11,2023-11-01,Sul,PR,Curitiba,474703,74993,86.86,451.21,25445199.38,12,31.8,Alta
2023,11,2023-11-01,Sul,PR,Londrina,249317,77471,34.21,778.76,184842026.0,11,27.0,Média
2023,11,2023-11-01,Sul,SC,Florianópolis,283448,73146,74.96,1172.15,164698029.72,9,23.5,Média
2023,11,2023-11-01,Sul,SC,Joinville,478710,48241,26.03,346.59,83695233.8,9,18.3,Alta
2023,11,2023-11-01,Sul,RS,Porto Alegre,312880,23468,73.57,161.61,194562193.16,13,25.2,Baixa
2023,11,2023-11-01,Sul,RS,Caxias do Sul,183513,61932,53.15,658.64,37806860.44,8,30.3,Média
2023,12,2023-12-01,Norte,AM,Manaus,395654,15655,32.3,637.16,152836996.58,6,24.6,Alta
2023,12,2023-12-01,Norte,PA,Belém,303008,14783,74.2,854.71,106642745.71,6,24.2,Média
2023,12,2023-12-01,Norte,PA,Santarém,74206,29811,37.98,520.89,91553566.31,7,24.2,Média
2023,12,2023-12-01,Norte,RO,Porto Velho,264833,71108,36.52,667.75,192134850.72,10,30.3,Média
2023,12,2023-12-01,Norte,TO,Palmas,481902,3828,57.04,305.42,178670973.87,17,17.5,Baixa
2023,12,2023-12-01,Nordeste,BA,Salvador,404998,13545,38.01,423.38,191454790.74,12,26.5,Baixa
2023,12,2023-12-01,Nordeste,BA,Feira de Santana,321776,6406,69.84,739.89,142657506.78,11,25.1,Alta
2023,12,2023-12-01,Nordeste,PE,Recife,13278,48295,26.67,1026.64,87256221.98,14,23.9,Baixa
2023,12,2023-12-01,Nordeste,PE,Jaboatão dos Guararapes,431777,13940,93.45,471.53,116498563.26,7,31.1,Baixa
2023,12,2023-12-01,Nordeste,CE,Fortaleza,469853,25065,82.07,1110.86,23246644.1,8,23.5,Média
2023,12,2023-12-01,Nordeste,CE,Juazeiro do Norte,246895,78304,29.23,187.97,67721901.31,7,19.6,Média
2023,12,2023-12-01,Nordeste,MA,São Luís,203387,27353,52.78,318.73,190437172.68,14,23.3,Média
2023,12,2023-12-01,Nordeste,PB,João Pessoa,125683,7082,49.0,1136.39,189020275.34,5,20.4,Alta
2023,12,2023-12-01,Centro-Oeste,DF,Brasília,212463,27565,36.91,1121.78,104616780.07,9,22.9,Média
2023,12,2023-12-01,Centro-Oeste,GO,Goiânia,56008,51442,43.77,346.87,174150453.95,13,23.2,Baixa
2023,12,2023-12-01,Centro-Oeste,GO,Aparecida de Goiânia,367613,66176,57.14,482.36,24844877.19,8,21.5,Média
2023,12,2023-12-01,Centro-Oeste,MT,Cuiabá,427794,56772,84.78,1018.66,34699704.94,9,22.9,Baixa
2023,12,2023-12-01,Centro-Oeste,MS,Campo Grande,196452,62038,40.37,208.66,17423490.97,12,22.7,Alta
2023,12,2023-12-01,Sudeste,SP,São Paulo,295298,33158,47.37,497.17,116826895.49,7,29.7,Média
2023,12,2023-12-01,Sudeste,SP,Campinas,492061,34808,34.89,701.56,5954969.27,10,17.7,Baixa
2023,12,2023-12-01,Sudeste,SP,Ribeirão Preto,271886,54798,73.87,357.92,95286673.98,12,25.4,Média
2023,12,2023-12-01,Sudeste,RJ,Rio de Janeiro,23505,2834,78.45,834.36,51159008.65,5,26.6,Baixa
2023,12,2023-12-01,Sudeste,RJ,Niterói,89709,58436,27.27,375.79,72781687.67,15,24.8,Média
2023,12,2023-12-01,Sudeste,RJ,Nova Iguaçu,390035,72734,50.54,351.38,33238863.66,17,20.1,Alta
2023,12,2023-12-01,Sudeste,RJ,Petrópolis,490712,68511,42.61,858.82,26643085.58,9,25.1,Alta
2023,12,2023-12-01,Sudeste,MG,Belo Horizonte,210237,72606,38.76,430.4,146490863.45,6,24.9,Alta
2023,12,2023-12-01,Sudeste,MG,Uberlândia,488879,14634,39.88,940.85,115753127.21,10,28.2,Média
2023,12,2023-12-01,Sudeste,MG,Juiz de Fora,332808,33059,34.89,186.46,107746549.74,10,22.9,Alta
2023,12,2023-12-01,Sudeste,ES,Vitória,323070,6538,81.09,1068.69,111653262.56,15,30.0,Baixa
2023,12,2023-12-01,Sudeste,ES,Vila Velha,331925,76570,36.43,384.53,19345687.67,8,32.9,Baixa
2023,12,2023-12-01,Sudeste,ES,Serra,205465,38980,90.5,1132.8,73667468.9,17,25.7,Alta
2023,12,2023-12-01,Sul,PR,Curitiba,97398,40857,42.13,510.31,196130203.4,9,20.6,Alta
2023,12,2023-12-01,Sul,PR,Londrina,159644,62509,39.68,423.2,1364801.71,4,27.0,Baixa
2023,12,2023-12-01,Sul,SC,Florianópolis,295590,21658,77.19,1013.35,31593839.5,13,27.5,Alta
2023,12,2023-12-01,Sul,SC,Joinville,162005,27646,74.85,980.65,152852854.82,13,18.8,Alta
2023,12,2023-12-01,Sul,RS,Porto Alegre,161837,6979,91.7,432.14,98066551.87,8,19.6,Média
2023,12,2023-12-01,Sul,RS,Caxias do Sul,21515,8043,72.7,400.88,199480400.4,5,29.8,Alta
2024,1,2024-01-01,Norte,AM,Manaus,34132,12862,93.17,449.7,44253080.85,10,23.0,Alta
2024,1,2024-01-01,Norte,PA,Belém,451657,79300,36.24,886.43,78869164.69,11,26.8,Baixa
2024,1,2024-01-01,Norte,PA,Santarém,255856,27811,87.78,244.71,47102096.26,14,28.9,Alta
2024,1,2024-01-01,Norte,RO,Porto Velho,458357,14728,76.75,1063.69,87426374.78,12,21.6,Alta
2024,1,2024-01-01,Norte,TO,Palmas,340470,14961,60.38,821.86,166190424.82,6,21.6,Baixa
2024,1,2024-01-01,Nordeste,BA,Salvador,352642,42546,80.44,696.27,134594528.47,3,28.5,Baixa
2024,1,2024-01-01,Nordeste,BA,Feira de Santana,39780,67305,93.08,226.0,53096477.88,10,19.9,Baixa
2024,1,2024-01-01,Nordeste,PE,Recife,73935,30287,48.27,991.84,126845382.97,15,22.5,Alta
2024,1,2024-01-01,Nordeste,PE,Jaboatão dos Guararapes,148498,17587,29.81,888.17,36336696.04,13,28.2,Baixa
2024,1,2024-01-01,Nordeste,CE,Fortaleza,17076,12549,34.69,424.81,90566700.03,11,29.8,Baixa
2024,1,2024-01-01,Nordeste,CE,Juazeiro do Norte,172916,46906,37.63,546.99,122015002.54,9,25.2,Baixa
2024,1,2024-01-01,Nordeste,MA,São Luís,419765,27165,31.23,710.57,122986540.01,14,20.0,Alta
2024,1,2024-01-01,Nordeste,PB,João Pessoa,14762,7266,80.87,1136.54,137325493.61,15,22.2,Baixa
2024,1,2024-01-01,Centro-Oeste,DF,Brasília,361705,61238,38.5,184.25,103690786.19,8,23.2,Média
2024,1,2024-01-01,Centro-Oeste,GO,Goiânia,320858,26019,60.77,163.13,76586244.64,8,21.4,Alta
2024,1,2024-01-01,Centro-Oeste,GO,Aparecida de Goiânia,438432,34372,34.95,190.64,171738548.98,10,27.7,Alta
2024,1,2024-01-01,Centro-Oeste,MT,Cuiabá,495356,40206,29.87,1006.46,30902714.83,3,24.7,Baixa
2024,1,2024-01-01,Centro-Oeste,MS,Campo Grande,44667,66451,79.09,651.76,109772965.11,8,24.5,Alta
2024,1,2024-01-01,Sudeste,SP,São Paulo,79423,54159,67.51,708.09,109743487.18,9,22.1,Alta
2024,1,2024-01-01,Sudeste,SP,Campinas,214060,61589,53.53,343.77,1383586.26,2,19.7,Média
2024,1,2024-01-01,Sudeste,SP,Ribeirão Preto,111350,64297,36.52,324.53,52715375.06,7,27.7,Alta
2024,1,2024-01-01,Sudeste,RJ,Rio de Janeiro,487546,36742,28.53,547.81,63660862.07,9,23.6,Média
2024,1,2024-01-01,Sudeste,RJ,Niterói,317661,36496,91.98,1079.26,181248503.57,12,20.9,Alta
2024,1,2024-01-01,Sudeste,RJ,Nova Iguaçu,413144,76675,94.62,1101.76,71881895.25,10,20.7,Média
2024,1,2024-01-01,Sudeste,RJ,Petrópolis,452816,39833,46.57,737.38,185319225.0,12,29.4,Média
2024,1,2024-01-01,Sudeste,MG,Belo Horizonte,271473,79920,52.32,378.71,149436138.61,15,29.7,Alta
2024,1,2024-01-01,Sudeste,MG,Uberlândia,354693,18629,69.37,532.04,153120420.0,11,22.5,Média
2024,1,2024-01-01,Sudeste,MG,Juiz de Fora,487776,56137,29.11,296.99,88121211.61,9,25.6,Baixa
2024,1,2024-01-01,Sudeste,ES,Vitória,300306,63576,60.45,737.34,28120407.69,9,31.7,Baixa
2024,1,2024-01-01,Sudeste,ES,Vila Velha,492801,31047,87.7,479.87,177150337.2,12,28.7,Baixa
2024,1,2024-01-01,Sudeste,ES,Serra,434213,74184,78.39,849.59,176137905.95,12,26.5,Baixa
2024,1,2024-01-01,Sul,PR,Curitiba,278696,64707,36.88,608.89,8999657.59,12,33.5,Alta
2024,1,2024-01-01,Sul,PR,Londrina,338475,22124,71.69,387.31,35635028.45,9,23.3,Média
2024,1,2024-01-01,Sul,SC,Florianópolis,267344,79895,88.84,496.94,97334962.82,9,17.9,Baixa
2024,1,2024-01-01,Sul,SC,Joinville,406785,3545,73.97,1136.92,181855959.15,8,32.3,Alta
2024,1,2024-01-01,Sul,RS,Porto Alegre,288078,45150,62.76,334.78,53425025.76,11,30.4,Baixa
2024,1,2024-01-01,Sul,RS,Caxias do Sul,381884,15069,69.22,876.16,197887755.28,9,25.3,Alta
2024,2,2024-02-01,Norte,AM,Manaus,477199,41615,92.85,948.19,79405116.38,10,25.5,Alta
2024,2,2024-02-01,Norte,PA,Belém,231382,34286,77.07,491.79,187243824.92,17,30.7,Baixa
2024,2,2024-02-01,Norte,PA,Santarém,411857,72865,36.8,953.68,4182915.16,11,26.6,Média
2024,2,2024-02-01,Norte,RO,Porto Velho,262002,8354,78.88,1103.79,93985538.09,12,25.8,Média
2024,2,2024-02-01,Norte,TO,Palmas,191748,13227,58.91,306.06,152941672.72,11,29.1,Média
2024,2,2024-02-01,Nordeste,BA,Salvador,45277,12494,73.78,385.92,181900685.07,9,21.6,Baixa
2024,2,2024-02-01,Nordeste,BA,Feira de Santana,198892,35938,72.02,1096.13,130504796.13,9,31.4,Baixa
2024,2,2024-02-01,Nordeste,PE,Recife,412798,70358,73.72,264.96,185643253.25,14,27.5,Alta
2024,2,2024-02-01,Nordeste,PE,Jaboatão dos Guararapes,146553,26869,74.25,495.84,170352607.58,11,28.4,Baixa
2024,2,2024-02-01,Nordeste,CE,Fortaleza,219249,68116,59.41,1125.72,3100669.54,14,20.9,Alta
2024,2,2024-02-01,Nordeste,CE,Juazeiro do Norte,48516,7203,52.16,562.28,137782440.26,6,24.1,Média
2024,2,2024-02-01,Nordeste,MA,São Luís,334009,14768,31.6,1048.41,128440099.41,7,24.2,Alta
2024,2,2024-02-01,Nordeste,PB,João Pessoa,351497,10341,59.68,549.12,190009072.51,12,29.7,Baixa
2024,2,2024-02-01,Centro-Oeste,DF,Brasília,250278,31473,87.79,1136.76,117810142.89,13,24.4,Baixa
2024,2,2024-02-01,Centro-Oeste,GO,Goiânia,305169,51762,89.61,1025.55,142505447.95,12,19.7,Baixa
2024,2,2024-02-01,Centro-Oeste,GO,Aparecida de Goiânia,55191,36699,31.68,491.13,31632904.68,13,28.4,Média
2024,2,2024-02-01,Centro-Oeste,MT,Cuiabá,357586,24605,34.2,950.28,128275092.36,13,30.0,Alta
2024,2,2024-02-01,Centro-Oeste,MS,Campo Grande,22824,23657,65.23,692.46,172079424.5,7,16.7,Alta
2024,2,2024-02-01,Sudeste,SP,São Paulo,495716,51009,84.15,1138.05,70946030.14,8,25.0,Baixa
2024,2,2024-02-01,Sudeste,SP,Campinas,401583,51136,81.2,217.49,95890211.34,6,24.6,Alta
2024,2,2024-02-01,Sudeste,SP,Ribeirão Preto,476042,74483,34.56,1147.91,63325050.59,10,25.2,Alta
2024,2,2024-02-01,Sudeste,RJ,Rio de Janeiro,425680,15016,41.9,299.07,142720213.77,12,24.7,Alta
2024,2,2024-02-01,Sudeste,RJ,Niterói,446243,57257,38.52,569.06,48020442.91,11,21.9,Baixa
2024,2,2024-02-01,Sudeste,RJ,Nova Iguaçu,239507,55701,38.81,796.84,198376890.09,7,28.1,Baixa
2024,2,2024-02-01,Sudeste,RJ,Petrópolis,364475,56057,26.52,1194.12,142011560.21,11,29.4,Média
2024,2,2024-02-01,Sudeste,MG,Belo Horizonte,298248,57331,40.45,442.76,179082892.2,8,27.3,Média
2024,2,2024-02-01,Sudeste,MG,Uberlândia,203103,9000,53.1,464.64,78307833.85,8,15.5,Baixa
2024,2,2024-02-01,Sudeste,MG,Juiz de Fora,26660,58844,92.05,1131.09,147223662.23,15,28.8,Média
2024,2,2024-02-01,Sudeste,ES,Vitória,477286,72150,46.37,938.35,192274663.89,12,24.0,Baixa
2024,2,2024-02-01,Sudeste,ES,Vila Velha,226671,20887,86.37,1086.24,25962594.77,10,26.5,Média
2024,2,2024-02-01,Sudeste,ES,Serra,329736,27016,45.01,523.61,103405044.23,11,21.1,Média
2024,2,2024-02-01,Sul,PR,Curitiba,228189,35896,72.8,458.54,150592377.34,5,26.6,Média
2024,2,2024-02-01,Sul,PR,Londrina,149177,34218,65.06,908.15,172464526.83,8,26.2,Média
2024,2,2024-02-01,Sul,SC,Florianópolis,447719,62864,72.99,771.99,83837059.26,17,21.5,Média
2024,2,2024-02-01,Sul,SC,Joinville,23372,58528,64.01,678.56,91591071.26,7,32.4,Baixa
2024,2,2024-02-01,Sul,RS,Porto Alegre,42408,48856,64.73,425.94,173994108.78,13,29.0,Baixa
2024,2,2024-02-01,Sul,RS,Caxias do Sul,242283,40205,64.14,857.71,111927230.68,13,20.2,Baixa
2024,3,2024-03-01,Norte,AM,Manaus,75533,69334,63.74,250.78,45392563.84,12,19.1,Alta
2024,3,2024-03-01,Norte,PA,Belém,321047,51850,67.08,186.97,63846852.88,10,26.6,Alta
2024,3,2024-03-01,Norte,PA,Santarém,83468,50964,58.13,1067.87,76884369.21,9,21.3,Alta
2024,3,2024-03-01,Norte,RO,Porto Velho,463648,47662,29.78,201.21,39715741.34,8,28.7,Alta
2024,3,2024-03-01,Norte,TO,Palmas,347828,21978,90.27,262.23,199512035.24,11,20.0,Baixa
2024,3,2024-03-01,Nordeste,BA,Salvador,216383,14748,34.31,1021.09,68051428.06,9,26.0,Média
2024,3,2024-03-01,Nordeste,BA,Feira de Santana,361626,70472,46.42,232.83,127340902.31,9,23.2,Alta
2024,3,2024-03-01,Nordeste,PE,Recife,235858,59193,47.96,1089.01,195480487.83,8,23.9,Baixa
2024,3,2024-03-01,Nordeste,PE,Jaboatão dos Guararapes,351040,76953,49.96,562.22,44000626.93,11,17.5,Baixa
2024,3,2024-03-01,Nordeste,CE,Fortaleza,342259,21364,64.98,1122.59,194435611.28,6,30.8,Alta
2024,3,2024-03-01,Nordeste,CE,Juazeiro do Norte,36128,62657,26.02,717.9,195592546.05,12,31.4,Baixa
2024,3,2024-03-01,Nordeste,MA,São Luís,223456,77374,53.34,918.87,102612367.98,9,13.7,Média
2024,3,2024-03-01,Nordeste,PB,João Pessoa,382345,76731,70.79,253.84,119102070.99,11,31.5,Média
2024,3,2024-03-01,Centro-Oeste,DF,Brasília,385439,30707,77.17,845.51,109785498.26,8,22.8,Média
2024,3,2024-03-01,Centro-Oeste,GO,Goiânia,178652,9501,31.69,839.63,85202935.42,10,28.0,Alta
2024,3,2024-03-01,Centro-Oeste,GO,Aparecida de Goiânia,68421,8069,66.54,178.68,66874051.9,13,20.8,Alta
2024,3,2024-03-01,Centro-Oeste,MT,Cuiabá,484863,73416,69.49,759.08,59267223.06,11,27.5,Alta
2024,3,2024-03-01,Centro-Oeste,MS,Campo Grande,117472,41767,56.08,807.36,151053360.88,12,23.5,Baixa
2024,3,2024-03-01,Sudeste,SP,São Paulo,94508,19997,83.45,543.37,98307837.08,11,23.5,Baixa
2024,3,2024-03-01,Sudeste,SP,Campinas,179749,12617,42.71,865.62,28885591.46,12,28.5,Média
2024,3,2024-03-01,Sudeste,SP,Ribeirão Preto,115776,27063,94.88,406.12,58005471.38,18,23.7,Alta
2024,3,2024-03-01,Sudeste,RJ,Rio de Janeiro,21015,11229,53.45,794.0,157782662.5,7,18.9,Alta
2024,3,2024-03-01,Sudeste,RJ,Niterói,368041,76576,71.2,1058.69,173218061.92,8,25.9,Baixa
2024,3,2024-03-01,Sudeste,RJ,Nova Iguaçu,356226,13637,64.21,1127.18,64228374.78,7,27.5,Alta
2024,3,2024-03-01,Sudeste,RJ,Petrópolis,401248,31458,57.86,612.04,176750619.8,7,27.4,Média
2024,3,2024-03-01,Sudeste,MG,Belo Horizonte,274497,63572,64.35,485.74,44632766.86,10,14.5,Alta
2024,3,2024-03-01,Sudeste,MG,Uberlândia,475396,67589,62.58,325.41,69054123.78,6,18.8,Baixa
2024,3,2024-03-01,Sudeste,MG,Juiz de Fora,93212,5370,54.1,465.08,49084834.04,9,20.7,Alta
2024,3,2024-03-01,Sudeste,ES,Vitória,332425,24557,70.62,587.89,76460535.11,11,26.8,Média
2024,3,2024-03-01,Sudeste,ES,Vila Velha,413958,13151,92.39,558.57,169425339.03,11,22.3,Média
2024,3,2024-03-01,Sudeste,ES,Serra,431650,6027,27.92,457.08,139736329.6,10,26.8,Alta
2024,3,2024-03-01,Sul,PR,Curitiba,332928,60966,69.3,497.39,163904487.0,9,19.2,Média
2024,3,2024-03-01,Sul,PR,Londrina,245702,22409,92.65,556.26,84012598.27,11,19.2,Média
2024,3,2024-03-01,Sul,SC,Florianópolis,89291,47043,73.44,600.62,167754273.85,15,24.2,Baixa
2024,3,2024-03-01,Sul,SC,Joinville,477904,72502,66.96,221.14,11152574.91,9,21.2,Baixa
2024,3,2024-03-01,Sul,RS,Porto Alegre,332162,59256,43.32,827.65,132065518.03,14,27.6,Baixa
2024,3,2024-03-01,Sul,RS,Caxias do Sul,68603,29654,78.73,1186.89,177194115.44,5,21.0,Média
2024,4,2024-04-01,Norte,AM,Manaus,141237,25399,51.12,208.77,145221119.05,12,21.9,Alta
2024,4,2024-04-01,Norte,PA,Belém,40992,44471,61.25,377.71,57440565.8,12,21.3,Baixa
2024,4,2024-04-01,Norte,PA,Santarém,90960,20178,73.34,1198.42,136938596.33,9,25.6,Baixa
2024,4,2024-04-01,Norte,RO,Porto Velho,258379,5124,41.34,844.38,11049766.7,14,28.0,Baixa
2024,4,2024-04-01,Norte,TO,Palmas,153880,23813,91.95,684.15,149240932.44,11,20.3,Alta
2024,4,2024-04-01,Nordeste,BA,Salvador,474985,62473,27.16,1031.74,5814784.37,5,24.9,Baixa
2024,4,2024-04-01,Nordeste,BA,Feira de Santana,158921,57276,47.34,937.53,61589869.26,15,32.2,Baixa
2024,4,2024-04-01,Nordeste,PE,Recife,39250,34551,30.01,255.41,34687654.36,10,27.3,Alta
2024,4,2024-04-01,Nordeste,PE,Jaboatão dos Guararapes,397684,9670,71.71,709.16,42275531.62,9,24.5,Baixa
2024,4,2024-04-01,Nordeste,CE,Fortaleza,412722,12170,90.08,964.83,31820243.6,8,24.6,Alta
2024,4,2024-04-01,Nordeste,CE,Juazeiro do Norte,81430,71671,75.42,582.62,189708180.75,8,24.7,Baixa
2024,4,2024-04-01,Nordeste,MA,São Luís,252992,35173,64.29,1175.57,103063622.02,10,26.5,Baixa
2024,4,2024-04-01,Nordeste,PB,João Pessoa,165905,42422,91.7,475.01,133680458.64,7,23.6,Média
2024,4,2024-04-01,Centro-Oeste,DF,Brasília,375575,74546,72.58,997.14,11800498.76,12,24.7,Média
2024,4,2024-04-01,Centro-Oeste,GO,Goiânia,76329,3866,86.84,983.45,160675040.53,17,30.7,Média
2024,4,2024-04-01,Centro-Oeste,GO,Aparecida de Goiânia,436559,27744,87.21,283.65,88564351.79,10,24.1,Alta
2024,4,2024-04-01,Centro-Oeste,MT,Cuiabá,409100,65199,86.54,589.2,159774460.33,7,23.0,Alta
2024,4,2024-04-01,Centro-Oeste,MS,Campo Grande,55185,35382,60.89,767.56,15136038.43,13,20.4,Média
2024,4,2024-04-01,Sudeste,SP,São Paulo,252885,29024,44.55,935.68,46140805.67,12,30.8,Média
2024,4,2024-04-01,Sudeste,SP,Campinas,400319,14462,61.88,184.39,157911265.86,5,24.1,Média
2024,4,2024-04-01,Sudeste,SP,Ribeirão Preto,176460,1025,44.7,1094.04,37423111.84,9,26.4,Baixa
2024,4,2024-04-01,Sudeste,RJ,Rio de Janeiro,25815,13899,67.5,496.85,56342070.71,10,29.9,Alta
2024,4,2024-04-01,Sudeste,RJ,Niterói,299678,47987,35.88,957.81,120479840.44,8,18.7,Alta
2024,4,2024-04-01,Sudeste,RJ,Nova Iguaçu,83180,75154,78.21,766.88,111097065.24,1,25.4,Média
2024,4,2024-04-01,Sudeste,RJ,Petrópolis,389692,1382,56.77,1092.65,99078690.62,9,25.8,Média
2024,4,2024-04-01,Sudeste,MG,Belo Horizonte,198288,27226,77.89,557.13,72997348.89,8,19.1,Alta
2024,4,2024-04-01,Sudeste,MG,Uberlândia,211087,64903,59.05,1084.06,131163795.26,12,23.6,Baixa
2024,4,2024-04-01,Sudeste,MG,Juiz de Fora,386249,21175,32.7,240.93,57761718.03,15,21.0,Baixa
2024,4,2024-04-01,Sudeste,ES,Vitória,379982,60169,75.29,457.47,193934903.97,16,23.3,Média
2024,4,2024-04-01,Sudeste,ES,Vila Velha,154534,27954,55.74,444.65,120034010.11,14,24.6,Baixa
2024,4,2024-04-01,Sudeste,ES,Serra,458919,58337,94.08,687.11,99330292.82,11,25.2,Média
2024,4,2024-04-01,Sul,PR,Curitiba,148244,23841,40.18,250.83,146607353.87,12,24.5,Média
2024,4,2024-04-01,Sul,PR,Londrina,211965,43229,44.81,267.78,173810726.19,9,26.3,Média
2024,4,2024-04-01,Sul,SC,Florianópolis,354608,33194,63.04,353.56,92893134.25,10,18.9,Alta
2024,4,2024-04-01,Sul,SC,Joinville,93890,63213,49.56,333.84,90315468.91,12,23.4,Baixa
2024,4,2024-04-01,Sul,RS,Porto Alegre,117629,72664,32.67,1045.33,67180426.23,2,25.6,Baixa
2024,4,2024-04-01,Sul,RS,Caxias do Sul,26548,21723,48.44,804.9,33008453.2,9,33.9,Baixa
2024,5,2024-05-01,Norte,AM,Manaus,74057,62198,81.06,361.26,37194584.04,12,32.5,Baixa
2024,5,2024-05-01,Norte,PA,Belém,289987,2790,50.54,678.07,83530329.18,7,23.2,Baixa
2024,5,2024-05-01,Norte,PA,Santarém,441940,63953,67.5,525.42,181249563.33,17,21.1,Média
2024,5,2024-05-01,Norte,RO,Porto Velho,22914,4935,84.51,1151.11,66394337.66,8,14.8,Baixa
2024,5,2024-05-01,Norte,TO,Palmas,13179,67606,49.06,853.67,124210646.72,7,24.3,Média
2024,5,2024-05-01,Nordeste,BA,Salvador,161809,34502,90.9,627.6,195050297.94,12,21.8,Baixa
2024,5,2024-05-01,Nordeste,BA,Feira de Santana,215194,51918,42.64,220.56,134722411.73,8,24.7,Média
2024,5,2024-05-01,Nordeste,PE,Recife,420147,75984,50.31,1175.19,28731363.7,6,28.7,Média
2024,5,2024-05-01,Nordeste,PE,Jaboatão dos Guararapes,313559,56870,41.67,692.56,168514255.8,12,23.2,Alta
2024,5,2024-05-01,Nordeste,CE,Fortaleza,169334,22241,74.74,516.46,146028157.0,11,22.4,Baixa
2024,5,2024-05-01,Nordeste,CE,Juazeiro do Norte,70533,72214,48.85,457.42,45239079.98,13,32.0,Alta
2024,5,2024-05-01,Nordeste,MA,São Luís,476174,20083,52.3,676.91,59439099.45,8,20.5,Alta
2024,5,2024-05-01,Nordeste,PB,João Pessoa,154669,22235,83.19,411.4,88768923.72,10,25.0,Alta
2024,5,2024-05-01,Centro-Oeste,DF,Brasília,305145,72558,51.97,1133.61,182385443.41,10,24.7,Alta
2024,5,2024-05-01,Centro-Oeste,GO,Goiânia,343285,22946,36.6,760.41,2450870.17,10,31.5,Baixa
2024,5,2024-05-01,Centro-Oeste,GO,Aparecida de Goiânia,495894,63326,70.72,758.32,141139144.73,10,22.3,Baixa
2024,5,2024-05-01,Centro-Oeste,MT,Cuiabá,173085,15865,34.78,708.0,135567248.97,6,26.1,Baixa
2024,5,2024-05-01,Centro-Oeste,MS,Campo Grande,162389,3962,43.4,401.65,76114501.37,11,21.6,Média
2024,5,2024-05-01,Sudeste,SP,São Paulo,368064,55926,80.75,294.58,55010487.41,11,21.8,Baixa
2024,5,2024-05-01,Sudeste,SP,Campinas,442878,74827,81.74,665.05,71331315.47,12,30.6,Média
2024,5,2024-05-01,Sudeste,SP,Ribeirão Preto,404913,60043,38.35,221.09,104523909.85,5,28.6,Baixa
2024,5,2024-05-01,Sudeste,RJ,Rio de Janeiro,378319,4954,42.89,933.83,15353561.05,12,24.9,Média
2024,5,2024-05-01,Sudeste,RJ,Niterói,213007,49761,79.85,311.93,17135012.57,14,26.8,Baixa
2024,5,2024-05-01,Sudeste,RJ,Nova Iguaçu,399634,45600,68.03,787.6,64911394.74,9,20.5,Baixa
2024,5,2024-05-01,Sudeste,RJ,Petrópolis,99804,52235,67.08,914.25,155279169.37,6,29.8,Alta
2024,5,2024-05-01,Sudeste,MG,Belo Horizonte,209458,42423,84.45,691.86,140463948.87,9,20.3,Baixa
2024,5,2024-05-01,Sudeste,MG,Uberlândia,473315,23540,43.67,785.86,130553719.42,11,22.5,Baixa
2024,5,2024-05-01,Sudeste,MG,Juiz de Fora,97757,15797,28.34,480.19,42269215.44,16,30.6,Alta
2024,5,2024-05-01,Sudeste,ES,Vitória,445045,18475,49.04,415.37,133426398.49,13,19.4,Média
2024,5,2024-05-01,Sudeste,ES,Vila Velha,101066,65534,76.53,790.05,178290142.2,9,32.2,Alta
2024,5,2024-05-01,Sudeste,ES,Serra,195894,1845,32.43,1174.95,142008894.68,8,22.4,Baixa
2024,5,2024-05-01,Sul,PR,Curitiba,269931,76878,26.56,356.12,67466174.15,15,23.4,Média
2024,5,2024-05-01,Sul,PR,Londrina,261044,55160,65.51,676.0,128820903.44,13,22.1,Alta
2024,5,2024-05-01,Sul,SC,Florianópolis,155067,40468,58.31,510.27,22031313.3,13,15.6,Baixa
2024,5,2024-05-01,Sul,SC,Joinville,410572,66415,65.1,259.03,131546786.58,7,25.5,Média
2024,5,2024-05-01,Sul,RS,Porto Alegre,334783,25518,57.42,188.62,89538145.03,9,16.7,Baixa
2024,5,2024-05-01,Sul,RS,Caxias do Sul,62591,6239,27.04,1158.13,18437614.25,7,22.8,Alta
2024,6,2024-06-01,Norte,AM,Manaus,394647,24401,92.47,505.91,82024412.46,11,21.7,Média
2024,6,2024-06-01,Norte,PA,Belém,308816,22152,63.87,300.11,92349170.42,15,26.6,Média
2024,6,2024-06-01,Norte,PA,Santarém,312245,58223,62.9,863.87,11975518.56,14,25.2,Alta
2024,6,2024-06-01,Norte,RO,Porto Velho,433571,32102,46.49,186.83,58585761.58,12,35.3,Baixa
2024,6,2024-06-01,Norte,TO,Palmas,37872,23960,39.29,517.84,74315395.93,16,21.2,Média
2024,6,2024-06-01,Nordeste,BA,Salvador,459095,9847,55.12,1110.27,187757941.13,8,27.5,Alta
2024,6,2024-06-01,Nordeste,BA,Feira de Santana,10617,66035,47.58,884.98,19405944.85,8,18.6,Média
2024,6,2024-06-01,Nordeste,PE,Recife,45607,1070,65.57,402.57,94105602.66,9,15.2,Média
2024,6,2024-06-01,Nordeste,PE,Jaboatão dos Guararapes,32441,35131,89.82,306.82,138650849.67,15,27.1,Média
2024,6,2024-06-01,Nordeste,CE,Fortaleza,165923,41119,38.56,943.91,59266519.13,14,23.9,Média
2024,6,2024-06-01,Nordeste,CE,Juazeiro do Norte,91206,67272,32.61,427.2,24033639.74,8,20.6,Alta
2024,6,2024-06-01,Nordeste,MA,São Luís,123938,78318,62.89,273.37,167041957.81,11,23.8,Baixa
2024,6,2024-06-01,Nordeste,PB,João Pessoa,17935,28794,65.08,1114.58,150276662.43,1,24.2,Baixa
2024,6,2024-06-01,Centro-Oeste,DF,Brasília,183483,59217,72.47,859.98,9514967.37,8,27.3,Alta
2024,6,2024-06-01,Centro-Oeste,GO,Goiânia,257578,69626,40.23,470.14,48248759.04,16,29.1,Baixa
2024,6,2024-06-01,Centro-Oeste,GO,Aparecida de Goiânia,442419,36186,61.98,836.82,86661525.13,10,22.5,Baixa
2024,6,2024-06-01,Centro-Oeste,MT,Cuiabá,102203,39541,34.34,481.1,169692284.91,7,22.1,Alta
2024,6,2024-06-01,Centro-Oeste,MS,Campo Grande,384547,21176,76.67,774.45,56176866.46,9,24.6,Baixa
2024,6,2024-06-01,Sudeste,SP,São Paulo,272748,73964,56.18,286.47,170641890.2,12,22.5,Baixa
2024,6,2024-06-01,Sudeste,SP,Campinas,236023,61135,66.96,626.43,73600313.73,10,24.4,Média
2024,6,2024-06-01,Sudeste,SP,Ribeirão Preto,375884,68646,45.58,767.79,166772045.18,13,25.3,Alta
2024,6,2024-06-01,Sudeste,RJ,Rio de Janeiro,412677,44650,55.19,869.65,165180027.36,9,25.6,Alta
2024,6,2024-06-01,Sudeste,RJ,Niterói,414877,59333,53.69,850.07,13729753.71,11,28.3,Alta
2024,6,2024-06-01,Sudeste,RJ,Nova Iguaçu,87633,6901,60.62,634.03,8064787.43,8,23.1,Média
2024,6,2024-06-01,Sudeste,RJ,Petrópolis,163558,17039,65.48,180.75,67198907.59,14,15.7,Baixa
2024,6,2024-06-01,Sudeste,MG,Belo Horizonte,262939,62294,63.44,812.96,77651986.18,6,28.1,Baixa
2024,6,2024-06-01,Sudeste,MG,Uberlândia,362531,29517,86.27,696.16,18279700.78,14,26.4,Alta
2024,6,2024-06-01,Sudeste,MG,Juiz de Fora,429660,1290,53.8,282.37,27273253.24,16,25.1,Baixa
2024,6,2024-06-01,Sudeste,ES,Vitória,35981,42803,71.42,794.49,197517295.39,9,22.7,Baixa
2024,6,2024-06-01,Sudeste,ES,Vila Velha,268665,12326,81.83,783.74,176808977.9,9,23.6,Baixa
2024,6,2024-06-01,Sudeste,ES,Serra,488195,8879,44.05,309.31,87425149.58,13,27.3,Média
2024,6,2024-06-01,Sul,PR,Curitiba,499696,46972,43.44,843.24,146954505.26,7,26.0,Média
2024,6,2024-06-01,Sul,PR,Londrina,84662,63066,63.33,1013.49,1195266.21,9,19.7,Média
2024,6,2024-06-01,Sul,SC,Florianópolis,15398,2724,53.25,1175.73,74595197.22,11,25.4,Baixa
2024,6,2024-06-01,Sul,SC,Joinville,394106,64815,27.66,920.91,178350672.28,11,24.8,Média
2024,6,2024-06-01,Sul,RS,Porto Alegre,377451,26367,63.33,808.77,154897386.47,13,31.2,Alta
2024,6,2024-06-01,Sul,RS,Caxias do Sul,379812,28037,52.37,428.26,91682819.62,8,23.9,Alta
2024,7,2024-07-01,Norte,AM,Manaus,32603,68255,92.68,950.92,78804759.6,13,21.4,Baixa
2024,7,2024-07-01,Norte,PA,Belém,76915,14884,70.78,531.86,14534655.48,9,27.8,Alta
2024,7,2024-07-01,Norte,PA,Santarém,268814,17705,45.55,747.71,188154504.86,7,27.4,Alta
2024,7,2024-07-01,Norte,RO,Porto Velho,419533,17414,35.76,219.7,63295092.52,11,22.3,Média
2024,7,2024-07-01,Norte,TO,Palmas,302413,52577,54.11,988.37,113636673.51,15,15.5,Alta
2024,7,2024-07-01,Nordeste,BA,Salvador,252314,76792,59.1,183.23,50373662.27,11,26.3,Alta
2024,7,2024-07-01,Nordeste,BA,Feira de Santana,187161,14080,27.03,226.37,159964117.31,11,16.9,Alta
2024,7,2024-07-01,Nordeste,PE,Recife,135788,53087,56.58,566.98,167489935.28,11,24.0,Alta
2024,7,2024-07-01,Nordeste,PE,Jaboatão dos Guararapes,372791,3885,27.8,151.05,165928037.55,9,31.2,Alta
2024,7,2024-07-01,Nordeste,CE,Fortaleza,281638,33521,53.19,805.61,129788334.09,6,25.2,Alta
2024,7,2024-07-01,Nordeste,CE,Juazeiro do Norte,175286,30897,78.23,1172.13,148165352.31,13,22.0,Baixa
2024,7,2024-07-01,Nordeste,MA,São Luís,133058,63782,88.86,388.06,114096664.45,12,18.7,Média
2024,7,2024-07-01,Nordeste,PB,João Pessoa,424577,21607,82.1,480.85,27494766.43,12,35.3,Média
2024,7,2024-07-01,Centro-Oeste,DF,Brasília,344849,77996,36.03,669.92,53935904.05,9,27.2,Média
2024,7,2024-07-01,Centro-Oeste,GO,Goiânia,33029,19042,76.52,627.03,130543140.08,5,27.9,Média
2024,7,2024-07-01,Centro-Oeste,GO,Aparecida de Goiânia,287452,11514,26.82,321.05,169869628.22,6,31.6,Alta
2024,7,2024-07-01,Centro-Oeste,MT,Cuiabá,272767,78101,43.36,391.38,68810221.6,10,25.3,Média
2024,7,2024-07-01,Centro-Oeste,MS,Campo Grande,67744,31844,54.15,783.4,62376713.0,6,31.7,Média
2024,7,2024-07-01,Sudeste,SP,São Paulo,446204,6005,77.34,1171.59,4087140.03,7,27.6,Média
2024,7,2024-07-01,Sudeste,SP,Campinas,364682,41125,36.37,423.57,92519031.43,13,28.3,Média
2024,7,2024-07-01,Sudeste,SP,Ribeirão Preto,336677,7434,82.58,1123.93,135276840.63,10,28.8,Alta
2024,7,2024-07-01,Sudeste,RJ,Rio de Janeiro,394141,3544,91.81,899.56,181379245.66,9,17.8,Baixa
2024,7,2024-07-01,Sudeste,RJ,Niterói,218057,63343,92.28,416.78,158735619.02,11,24.1,Baixa
2024,7,2024-07-01,Sudeste,RJ,Nova Iguaçu,462402,70025,51.26,590.66,29570324.3,15,19.6,Média
2024,7,2024-07-01,Sudeste,RJ,Petrópolis,158429,64570,34.11,249.14,148487463.55,13,22.9,Média
2024,7,2024-07-01,Sudeste,MG,Belo Horizonte,364808,69549,27.98,934.79,106784167.32,9,17.9,Média
2024,7,2024-07-01,Sudeste,MG,Uberlândia,301852,78770,46.54,791.15,74664672.95,13,20.6,Baixa
2024,7,2024-07-01,Sudeste,MG,Juiz de Fora,197939,28645,75.33,668.57,2161623.11,6,21.2,Alta
2024,7,2024-07-01,Sudeste,ES,Vitória,33832,51699,38.68,768.71,21197582.23,12,25.3,Alta
2024,7,2024-07-01,Sudeste,ES,Vila Velha,52363,13717,29.43,313.49,79821621.15,10,27.2,Alta
2024,7,2024-07-01,Sudeste,ES,Serra,232508,45086,79.03,697.49,126875610.34,7,25.5,Média
2024,7,2024-07-01,Sul,PR,Curitiba,469244,10623,36.14,313.24,188980245.02,7,15.7,Média
2024,7,2024-07-01,Sul,PR,Londrina,318316,18002,83.97,721.45,7517768.93,8,24.4,Alta
2024,7,2024-07-01,Sul,SC,Florianópolis,331212,57625,51.19,434.79,11000915.96,7,25.4,Baixa
2024,7,2024-07-01,Sul,SC,Joinville,433170,46233,32.12,953.16,92830071.55,9,25.2,Baixa
2024,7,2024-07-01,Sul,RS,Porto Alegre,224095,20952,78.29,997.71,89334335.74,8,25.7,Média
2024,7,2024-07-01,Sul,RS,Caxias do Sul,272496,66781,44.76,453.01,39628810.19,11,25.0,Baixa
2024,8,2024-08-01,Norte,AM,Manaus,243867,56211,51.78,205.66,9474180.05,8,20.3,Alta
2024,8,2024-08-01,Norte,PA,Belém,392750,33988,31.41,811.66,60938690.41,13,28.8,Baixa
2024,8,2024-08-01,Norte,PA,Santarém,475811,30927,42.63,1185.94,23290286.8,12,28.3,Média
2024,8,2024-08-01,Norte,RO,Porto Velho,467479,41803,83.64,967.58,14429588.2,13,24.3,Média
2024,8,2024-08-01,Norte,TO,Palmas,51349,68910,43.13,596.86,109235351.77,4,26.6,Baixa
2024,8,2024-08-01,Nordeste,BA,Salvador,499747,3613,73.31,522.88,62413250.58,8,23.3,Alta
2024,8,2024-08-01,Nordeste,BA,Feira de Santana,434921,39443,94.08,889.88,50794412.67,10,31.5,Alta
2024,8,2024-08-01,Nordeste,PE,Recife,423352,74346,32.53,915.52,182287702.82,5,26.3,Baixa
2024,8,2024-08-01,Nordeste,PE,Jaboatão dos Guararapes,484166,65964,54.38,849.95,162774396.99,6,27.5,Alta
2024,8,2024-08-01,Nordeste,CE,Fortaleza,357240,62680,64.88,933.67,127021279.11,11,24.5,Baixa
2024,8,2024-08-01,Nordeste,CE,Juazeiro do Norte,29626,13034,89.33,682.3,142821322.51,8,24.7,Média
2024,8,2024-08-01,Nordeste,MA,São Luís,162152,34401,49.23,701.74,4747827.9,7,23.2,Média
2024,8,2024-08-01,Nordeste,PB,João Pessoa,438046,15575,92.34,222.46,24805276.51,6,29.6,Alta
2024,8,2024-08-01,Centro-Oeste,DF,Brasília,399914,71941,83.04,1099.56,103144210.94,10,30.4,Média
2024,8,2024-08-01,Centro-Oeste,GO,Goiânia,374294,38166,49.89,517.04,154891117.01,5,26.1,Média
2024,8,2024-08-01,Centro-Oeste,GO,Aparecida de Goiânia,223786,67774,59.27,539.76,95382890.96,9,29.1,Média
2024,8,2024-08-01,Centro-Oeste,MT,Cuiabá,80814,68338,45.12,223.51,44345429.28,8,27.6,Média
2024,8,2024-08-01,Centro-Oeste,MS,Campo Grande,196883,15980,43.0,1119.71,156296724.92,9,27.9,Alta
2024,8,2024-08-01,Sudeste,SP,São Paulo,61578,25855,81.32,684.29,20975451.82,7,23.1,Média
2024,8,2024-08-01,Sudeste,SP,Campinas,492466,9458,48.39,166.6,125216349.61,16,15.9,Média
2024,8,2024-08-01,Sudeste,SP,Ribeirão Preto,185990,46405,26.82,1118.4,154187840.18,9,24.9,Alta
2024,8,2024-08-01,Sudeste,RJ,Rio de Janeiro,391326,78221,45.38,760.67,47170823.85,7,28.1,Média
2024,8,2024-08-01,Sudeste,RJ,Niterói,274024,30771,41.33,731.58,9089406.2,9,22.1,Baixa
2024,8,2024-08-01,Sudeste,RJ,Nova Iguaçu,262199,21843,78.24,823.71,100790756.24,13,18.9,Média
2024,8,2024-08-01,Sudeste,RJ,Petrópolis,179133,74396,86.1,974.3,128985927.04,9,12.6,Baixa
2024,8,2024-08-01,Sudeste,MG,Belo Horizonte,33254,13339,82.15,747.33,17559935.73,14,30.4,Baixa
2024,8,2024-08-01,Sudeste,MG,Uberlândia,415812,68123,90.11,383.2,190161885.67,9,30.7,Baixa
2024,8,2024-08-01,Sudeste,MG,Juiz de Fora,445858,29952,27.12,1004.94,45777005.87,6,25.6,Média
2024,8,2024-08-01,Sudeste,ES,Vitória,121176,37493,83.43,309.32,179452298.63,11,29.5,Alta
2024,8,2024-08-01,Sudeste,ES,Vila Velha,108410,4879,31.17,317.95,167592625.54,8,26.6,Alta
2024,8,2024-08-01,Sudeste,ES,Serra,436145,43768,45.25,523.91,173967023.5,12,30.5,Baixa
2024,8,2024-08-01,Sul,PR,Curitiba,358503,69694,49.77,866.19,160812016.63,6,26.4,Média
2024,8,2024-08-01,Sul,PR,Londrina,494836,60731,34.78,625.97,30752006.95,9,22.7,Média
2024,8,2024-08-01,Sul,SC,Florianópolis,490143,8474,82.26,456.2,39045415.57,8,22.4,Alta
2024,8,2024-08-01,Sul,SC,Joinville,371645,19879,76.88,630.33,77335263.28,8,28.9,Baixa
2024,8,2024-08-01,Sul,RS,Porto Alegre,265483,37076,85.01,889.1,66195700.26,9,28.3,Média
2024,8,2024-08-01,Sul,RS,Caxias do Sul,314021,19558,41.2,223.81,52118854.14,7,22.9,Baixa
2024,9,2024-09-01,Norte,AM,Manaus,406618,28794,34.83,320.7,160789312.25,10,21.4,Média
2024,9,2024-09-01,Norte,PA,Belém,374907,64390,45.5,157.21,164335966.26,12,35.9,Baixa
2024,9,2024-09-01,Norte,PA,Santarém,347403,67530,67.44,338.32,10041144.41,11,27.2,Alta
2024,9,2024-09-01,Norte,RO,Porto Velho,111073,60745,44.25,1192.26,131814854.04,11,30.6,Alta
2024,9,2024-09-01,Norte,TO,Palmas,288428,16096,38.06,1122.99,29061485.48,13,26.0,Média
2024,9,2024-09-01,Nordeste,BA,Salvador,355714,66246,29.28,351.89,90749919.56,7,23.2,Baixa
2024,9,2024-09-01,Nordeste,BA,Feira de Santana,258368,30727,65.75,1070.3,54239428.12,9,29.0,Baixa
2024,9,2024-09-01,Nordeste,PE,Recife,286853,58027,85.09,1047.61,152846376.75,9,29.9,Baixa
2024,9,2024-09-01,Nordeste,PE,Jaboatão dos Guararapes,124850,4939,34.61,1019.81,181244468.72,12,19.7,Alta
2024,9,2024-09-01,Nordeste,CE,Fortaleza,487752,37774,94.74,1192.8,2636524.13,10,20.8,Alta
2024,9,2024-09-01,Nordeste,CE,Juazeiro do Norte,328270,8923,60.1,929.33,21662462.64,12,33.4,Média
2024,9,2024-09-01,Nordeste,MA,São Luís,202870,29888,30.93,1178.03,52376450.4,13,26.9,Média
2024,9,2024-09-01,Nordeste,PB,João Pessoa,68988,48973,65.85,1117.19,82432121.58,14,34.9,Baixa
2024,9,2024-09-01,Centro-Oeste,DF,Brasília,75368,67945,63.17,410.18,172195217.69,5,27.8,Alta
2024,9,2024-09-01,Centro-Oeste,GO,Goiânia,25170,8456,67.31,1054.39,99223521.67,14,31.0,Média
2024,9,2024-09-01,Centro-Oeste,GO,Aparecida de Goiânia,445233,62396,94.88,411.32,158706096.11,12,21.5,Média
2024,9,2024-09-01,Centro-Oeste,MT,Cuiabá,263138,74168,80.5,513.72,69865263.17,12,23.7,Média
2024,9,2024-09-01,Centro-Oeste,MS,Campo Grande,351765,14167,50.22,552.81,131438220.03,15,27.0,Média
2024,9,2024-09-01,Sudeste,SP,São Paulo,84736,24952,35.81,263.82,112268163.55,12,25.1,Baixa
2024,9,2024-09-01,Sudeste,SP,Campinas,108920,2807,93.44,654.29,115921807.49,8,26.7,Baixa
2024,9,2024-09-01,Sudeste,SP,Ribeirão Preto,496343,61052,87.68,176.8,144284257.78,5,24.5,Média
2024,9,2024-09-01,Sudeste,RJ,Rio de Janeiro,386436,8941,54.55,353.0,11604715.53,5,23.1,Baixa
2024,9,2024-09-01,Sudeste,RJ,Niterói,127527,16753,52.28,882.63,188246593.1,10,24.5,Baixa
2024,9,2024-09-01,Sudeste,RJ,Nova Iguaçu,490956,41121,90.23,643.15,170689518.72,13,23.1,Média
2024,9,2024-09-01,Sudeste,RJ,Petrópolis,178540,60916,54.71,795.49,23106499.61,17,18.1,Média
2024,9,2024-09-01,Sudeste,MG,Belo Horizonte,46109,66292,87.11,448.93,92355216.35,13,23.7,Baixa
2024,9,2024-09-01,Sudeste,MG,Uberlândia,212538,78653,37.75,574.25,45791975.58,13,26.1,Média
2024,9,2024-09-01,Sudeste,MG,Juiz de Fora,81191,6105,88.73,342.28,45070744.09,20,31.1,Baixa
2024,9,2024-09-01,Sudeste,ES,Vitória,283136,60233,47.98,900.6,113802213.04,12,19.2,Alta
2024,9,2024-09-01,Sudeste,ES,Vila Velha,396191,73424,66.12,871.91,110009339.8,8,25.9,Média
2024,9,2024-09-01,Sudeste,ES,Serra,173245,1952,25.15,1022.41,70825188.67,8,32.6,Média
2024,9,2024-09-01,Sul,PR,Curitiba,131279,39917,77.08,597.01,137620741.07,12,19.5,Média
2024,9,2024-09-01,Sul,PR,Londrina,403966,49770,63.55,208.24,131241838.21,9,16.6,Baixa
2024,9,2024-09-01,Sul,SC,Florianópolis,79546,21841,79.18,843.01,20877634.88,11,24.6,Baixa
2024,9,2024-09-01,Sul,SC,Joinville,11247,53298,79.9,461.62,33827641.79,6,28.5,Alta
2024,9,2024-09-01,Sul,RS,Porto Alegre,324645,74374,84.84,500.68,96569988.68,4,19.0,Alta
2024,9,2024-09-01,Sul,RS,Caxias do Sul,202144,63998,83.06,955.37,82006506.03,9,28.1,Média
2024,10,2024-10-01,Norte,AM,Manaus,246740,56243,56.73,1048.26,44178125.59,10,28.3,Alta
2024,10,2024-10-01,Norte,PA,Belém,287858,14855,32.41,217.24,136370026.29,16,25.2,Baixa
2024,10,2024-10-01,Norte,PA,Santarém,23855,39821,89.14,949.96,60499980.06,13,28.7,Baixa
2024,10,2024-10-01,Norte,RO,Porto Velho,210087,7088,68.07,642.74,81254273.94,12,25.5,Média
2024,10,2024-10-01,Norte,TO,Palmas,197114,64342,79.71,429.33,9755077.43,8,22.7,Baixa
2024,10,2024-10-01,Nordeste,BA,Salvador,359843,64692,41.78,369.45,5028389.62,12,23.9,Baixa
2024,10,2024-10-01,Nordeste,BA,Feira de Santana,498855,60289,30.25,1092.23,197853450.42,12,18.1,Baixa
2024,10,2024-10-01,Nordeste,PE,Recife,375290,70855,37.83,785.41,195055724.13,8,25.5,Média
2024,10,2024-10-01,Nordeste,PE,Jaboatão dos Guararapes,57330,3440,81.95,319.57,112504311.14,7,17.5,Média
2024,10,2024-10-01,Nordeste,CE,Fortaleza,257116,24771,53.35,1106.14,127116255.87,9,25.1,Média
2024,10,2024-10-01,Nordeste,CE,Juazeiro do Norte,216085,68712,42.49,471.05,162771282.37,9,21.9,Alta
2024,10,2024-10-01,Nordeste,MA,São Luís,316702,78821,42.79,592.24,108358192.89,9,19.0,Alta
2024,10,2024-10-01,Nordeste,PB,João Pessoa,321554,5309,32.63,1113.43,92728498.38,18,23.7,Alta
2024,10,2024-10-01,Centro-Oeste,DF,Brasília,291926,30679,77.84,528.04,190892099.75,6,23.8,Alta
2024,10,2024-10-01,Centro-Oeste,GO,Goiânia,18550,17962,27.48,672.69,105796866.42,13,27.6,Média
2024,10,2024-10-01,Centro-Oeste,GO,Aparecida de Goiânia,453446,56885,29.22,877.43,187498567.38,8,25.1,Baixa
2024,10,2024-10-01,Centro-Oeste,MT,Cuiabá,301329,45886,54.08,182.31,98983464.05,8,30.1,Baixa
2024,10,2024-10-01,Centro-Oeste,MS,Campo Grande,279266,67615,62.74,1147.04,148678919.44,7,29.6,Baixa
2024,10,2024-10-01,Sudeste,SP,São Paulo,251806,27343,59.34,1103.36,24716453.79,8,23.5,Baixa
2024,10,2024-10-01,Sudeste,SP,Campinas,461597,37098,68.03,169.48,127947668.9,7,26.0,Baixa
2024,10,2024-10-01,Sudeste,SP,Ribeirão Preto,401313,24585,87.44,808.22,120160794.18,10,23.9,Baixa
2024,10,2024-10-01,Sudeste,RJ,Rio de Janeiro,309204,43531,49.29,447.43,113592481.5,11,24.6,Média
2024,10,2024-10-01,Sudeste,RJ,Niterói,205508,20162,57.32,1094.52,130837929.59,14,23.0,Média
2024,10,2024-10-01,Sudeste,RJ,Nova Iguaçu,311669,5574,48.92,230.28,33090936.05,7,21.7,Baixa
2024,10,2024-10-01,Sudeste,RJ,Petrópolis,440424,29767,28.26,783.08,195755751.92,10,25.2,Média
2024,10,2024-10-01,Sudeste,MG,Belo Horizonte,292861,63213,59.21,270.25,56450086.33,12,18.9,Média
2024,10,2024-10-01,Sudeste,MG,Uberlândia,454988,45202,89.59,540.82,119003296.0,6,27.3,Alta
2024,10,2024-10-01,Sudeste,MG,Juiz de Fora,56962,79575,89.6,219.53,129970505.73,8,21.9,Média
2024,10,2024-10-01,Sudeste,ES,Vitória,311901,61071,79.7,355.54,7052762.42,10,29.7,Média
2024,10,2024-10-01,Sudeste,ES,Vila Velha,84155,72690,31.17,323.48,63392541.72,16,28.9,Alta
2024,10,2024-10-01,Sudeste,ES,Serra,493379,38749,73.76,1104.89,136201135.42,11,20.9,Baixa
2024,10,2024-10-01,Sul,PR,Curitiba,293875,45600,78.75,974.72,60715721.09,8,24.2,Alta
2024,10,2024-10-01,Sul,PR,Londrina,412976,31943,71.74,903.55,130589855.12,8,28.2,Baixa
2024,10,2024-10-01,Sul,SC,Florianópolis,106302,79495,29.82,617.19,185146175.28,7,25.9,Média
2024,10,2024-10-01,Sul,SC,Joinville,140329,13314,53.99,647.23,111162879.32,10,20.7,Baixa
2024,10,2024-10-01,Sul,RS,Porto Alegre,122783,78640,68.61,451.52,37201435.55,7,22.3,Alta
2024,10,2024-10-01,Sul,RS,Caxias do Sul,443367,5671,90.77,510.29,52387058.66,13,28.3,Alta
2024,11,2024-11-01,Norte,AM,Manaus,33945,53140,81.9,998.38,133681430.33,9,23.3,Média
2024,11,2024-11-01,Norte,PA,Belém,102815,16418,71.32,235.08,12300406.06,9,23.7,Baixa
2024,11,2024-11-01,Norte,PA,Santarém,126740,73655,32.34,1149.7,172585515.54,9,34.1,Média
2024,11,2024-11-01,Norte,RO,Porto Velho,50788,62589,66.81,217.66,58184472.58,8,25.0,Média
2024,11,2024-11-01,Norte,TO,Palmas,248142,61474,72.68,1117.69,54294304.98,6,25.0,Baixa
2024,11,2024-11-01,Nordeste,BA,Salvador,240774,54078,67.12,320.53,145189620.45,12,28.7,Média
2024,11,2024-11-01,Nordeste,BA,Feira de Santana,378562,29073,60.99,1181.02,57819673.8,11,24.4,Alta
2024,11,2024-11-01,Nordeste,PE,Recife,124810,20530,26.12,346.24,18977177.03,8,23.9,Baixa
2024,11,2024-11-01,Nordeste,PE,Jaboatão dos Guararapes,453483,17549,81.71,386.2,104931916.39,10,31.8,Alta
2024,11,2024-11-01,Nordeste,CE,Fortaleza,197621,41694,68.59,1074.89,91545812.73,14,21.0,Média
2024,11,2024-11-01,Nordeste,CE,Juazeiro do Norte,17107,75000,40.18,1046.55,174351520.97,8,24.1,Alta
2024,11,2024-11-01,Nordeste,MA,São Luís,399679,3524,28.67,868.96,21864033.92,6,30.1,Baixa
2024,11,2024-11-01,Nordeste,PB,João Pessoa,373299,5521,65.19,690.49,165893254.98,13,25.7,Média
2024,11,2024-11-01,Centro-Oeste,DF,Brasília,160985,64808,47.78,537.49,153230195.65,6,18.9,Alta
2024,11,2024-11-01,Centro-Oeste,GO,Goiânia,484403,65527,91.33,547.04,9498119.97,9,22.9,Média
2024,11,2024-11-01,Centro-Oeste,GO,Aparecida de Goiânia,391386,36917,58.94,903.92,81910169.02,11,24.0,Baixa
2024,11,2024-11-01,Centro-Oeste,MT,Cuiabá,269361,15915,79.69,575.8,183715743.75,9,25.0,Alta
2024,11,2024-11-01,Centro-Oeste,MS,Campo Grande,24777,49096,86.33,431.02,75043744.99,17,22.9,Baixa
2024,11,2024-11-01,Sudeste,SP,São Paulo,159843,55439,92.58,512.99,49563866.01,8,24.3,Média
2024,11,2024-11-01,Sudeste,SP,Campinas,395492,32740,82.6,1003.92,86293170.5,7,28.3,Baixa
2024,11,2024-11-01,Sudeste,SP,Ribeirão Preto,160827,21823,75.92,661.68,76947203.75,8,27.1,Alta
2024,11,2024-11-01,Sudeste,RJ,Rio de Janeiro,190809,6206,92.04,224.72,70235635.25,11,23.1,Alta
2024,11,2024-11-01,Sudeste,RJ,Niterói,360963,8750,90.24,1171.44,163486280.35,4,23.0,Baixa
2024,11,2024-11-01,Sudeste,RJ,Nova Iguaçu,157505,63866,54.69,699.58,159940085.47,9,24.7,Baixa
2024,11,2024-11-01,Sudeste,RJ,Petrópolis,402372,69219,83.2,257.5,43482535.88,11,23.6,Média
2024,11,2024-11-01,Sudeste,MG,Belo Horizonte,426106,5033,46.01,950.6,133755828.01,9,20.9,Média
2024,11,2024-11-01,Sudeste,MG,Uberlândia,178447,29556,88.84,1002.82,140554090.69,10,26.3,Média
2024,11,2024-11-01,Sudeste,MG,Juiz de Fora,396875,35892,43.07,1018.61,114915935.73,12,19.4,Baixa
2024,11,2024-11-01,Sudeste,ES,Vitória,400079,15939,27.68,753.27,23163486.28,11,20.9,Média
2024,11,2024-11-01,Sudeste,ES,Vila Velha,104711,57053,85.96,663.43,148763892.02,12,23.7,Alta
2024,11,2024-11-01,Sudeste,ES,Serra,59381,77041,58.1,325.45,136435408.33,8,23.8,Baixa
2024,11,2024-11-01,Sul,PR,Curitiba,95925,27983,82.61,1042.09,26504253.48,13,31.4,Alta
2024,11,2024-11-01,Sul,PR,Londrina,411304,39791,51.22,1053.64,3312847.57,11,24.2,Média
2024,11,2024-11-01,Sul,SC,Florianópolis,428382,72444,27.37,556.48,29698834.79,15,27.6,Alta
2024,11,2024-11-01,Sul,SC,Joinville,411386,40479,87.81,718.46,127653214.87,12,21.9,Média
2024,11,2024-11-01,Sul,RS,Porto Alegre,200634,69314,48.14,923.44,169289840.82,7,29.1,Baixa
2024,11,2024-11-01,Sul,RS,Caxias do Sul,173556,55725,42.79,1058.16,165287748.65,7,19.3,Alta
2024,12,2024-12-01,Norte,AM,Manaus,469228,66906,47.31,156.37,42174693.95,14,26.8,Baixa
2024,12,2024-12-01,Norte,PA,Belém,326794,1082,67.36,505.98,65479570.66,16,24.6,Média
2024,12,2024-12-01,Norte,PA,Santarém,156389,57514,54.58,1051.45,47961308.0,10,28.1,Alta
2024,12,2024-12-01,Norte,RO,Porto Velho,461517,76849,57.86,423.43,156540279.21,6,23.4,Alta
2024,12,2024-12-01,Norte,TO,Palmas,286179,79213,31.8,365.6,169935787.99,12,18.4,Média
2024,12,2024-12-01,Nordeste,BA,Salvador,370713,31462,83.83,1072.09,33194363.75,14,24.7,Baixa
2024,12,2024-12-01,Nordeste,BA,Feira de Santana,333385,14679,36.42,861.91,167335179.57,13,29.9,Baixa
2024,12,2024-12-01,Nordeste,PE,Recife,352055,68523,27.43,813.53,88532169.77,12,24.5,Alta
2024,12,2024-12-01,Nordeste,PE,Jaboatão dos Guararapes,286453,48497,84.96,677.24,73936674.72,12,25.9,Alta
2024,12,2024-12-01,Nordeste,CE,Fortaleza,123687,75094,52.86,1188.14,48802920.34,12,17.4,Média
2024,12,2024-12-01,Nordeste,CE,Juazeiro do Norte,272568,30874,49.29,201.72,193528921.79,13,32.1,Média
2024,12,2024-12-01,Nordeste,MA,São Luís,111386,58387,25.37,541.21,171493038.81,8,30.4,Alta
2024,12,2024-12-01,Nordeste,PB,João Pessoa,82837,7663,30.25,1099.07,61312863.63,7,28.0,Alta
2024,12,2024-12-01,Centro-Oeste,DF,Brasília,330956,57985,29.14,1064.07,59612016.12,14,21.8,Alta
2024,12,2024-12-01,Centro-Oeste,GO,Goiânia,359250,21380,86.95,945.88,13832599.47,12,24.2,Média
2024,12,2024-12-01,Centro-Oeste,GO,Aparecida de Goiânia,461355,43913,57.66,169.17,22147538.43,8,26.4,Baixa
2024,12,2024-12-01,Centro-Oeste,MT,Cuiabá,331540,23654,92.74,970.47,192091172.09,13,28.9,Média
2024,12,2024-12-01,Centro-Oeste,MS,Campo Grande,327774,63509,60.86,588.15,8126435.49,10,25.6,Baixa
2024,12,2024-12-01,Sudeste,SP,São Paulo,123738,26667,25.93,1164.5,106281474.94,7,26.0,Média
2024,12,2024-12-01,Sudeste,SP,Campinas,294099,4083,77.88,513.19,177089604.86,14,30.5,Média
2024,12,2024-12-01,Sudeste,SP,Ribeirão Preto,15173,9854,76.69,212.79,121848459.99,9,23.4,Média
2024,12,2024-12-01,Sudeste,RJ,Rio de Janeiro,250825,48287,34.47,861.46,183624538.09,7,22.2,Alta
2024,12,2024-12-01,Sudeste,RJ,Niterói,338975,24590,77.29,1021.61,92556622.58,10,26.1,Alta
2024,12,2024-12-01,Sudeste,RJ,Nova Iguaçu,291071,24810,62.14,223.01,48989807.28,4,24.3,Baixa
2024,12,2024-12-01,Sudeste,RJ,Petrópolis,458884,36090,37.86,1131.08,166229700.79,8,28.4,Alta
2024,12,2024-12-01,Sudeste,MG,Belo Horizonte,157094,41701,27.37,1101.67,136988332.06,10,26.8,Média
2024,12,2024-12-01,Sudeste,MG,Uberlândia,385605,57655,94.89,787.59,181894763.99,7,27.9,Baixa
2024,12,2024-12-01,Sudeste,MG,Juiz de Fora,136712,63406,80.74,818.27,104756019.11,6,21.3,Média
2024,12,2024-12-01,Sudeste,ES,Vitória,110151,45273,63.57,341.64,19562976.4,4,23.2,Baixa
2024,12,2024-12-01,Sudeste,ES,Vila Velha,467069,52467,46.45,315.53,60117160.19,11,16.7,Média
2024,12,2024-12-01,Sudeste,ES,Serra,345495,3672,44.41,754.02,30281039.42,12,28.8,Média
2024,12,2024-12-01,Sul,PR,Curitiba,39788,35871,36.64,503.16,168077864.75,10,26.5,Média
2024,12,2024-12-01,Sul,PR,Londrina,128159,4615,55.42,1033.77,162064942.35,12,20.5,Média
2024,12,2024-12-01,Sul,SC,Florianópolis,196673,56146,31.69,799.55,124647134.73,14,19.1,Alta
2024,12,2024-12-01,Sul,SC,Joinville,54642,79896,28.29,781.16,38193529.05,11,21.5,Baixa
2024,12,2024-12-01,Sul,RS,Porto Alegre,271640,13458,65.61,481.84,122277840.58,7,23.5,Alta
2024,12,2024-12-01,Sul,RS,Caxias do Sul,288334,31666,41.23,1070.5,181085571.04,9,23.2,Média
